topic,category,source,comment
15,C — Normative Pressure,centroid,BUYING FROM SCOTLAND TO THE MOON 🚀🚀🚀🚀🚀🚀🚀🚀🚀🚀🚀
15,C — Normative Pressure,centroid,Just bought more! IT'S GOING TO THE MOON!
15,C — Normative Pressure,centroid,You can sell on the moon!!!
15,C — Normative Pressure,top_score_13486,"Original plan was hold till $500. I'm holding until cosmic destruction now. Fuck andromeda, I'm going to the

V O I D 🚀🚀🚀⬛

EDIT: GTFOH WITH THE AWARDS. GET YERSELF MORE STOONKLES"
15,C — Normative Pressure,top_score_12792,You've literally changed my life. Got in at $35. Every time I get scared I think of your brass balls and my resolve strengthens. Take us to the moon Captain
15,C — Normative Pressure,top_score_7999,"I borrowed mine from my wife’s boyfriend 💎🙌💎

Edit: thanks for the rewards all. My wife’s BF is gonna be so proud of me. Now take the rest of your money and send it to the freaking moon 🚀🚀🚀🙌💎🙌"
33,B — Identity Framing,centroid,Found the hedge fund MBA
33,B — Identity Framing,centroid,A hedge fund funds a hedge fund to hedge its fund.
33,B — Identity Framing,centroid,The No-Hedge Hedge Fund.
33,B — Identity Framing,top_score_16875,Those hedge fund managers probably all studied game theory at Yale and are going through their entire playbook of what to do against rational actors. Too bad their ivy league degrees didn't teach them what to do when coming up against millions of retards and autists.
33,B — Identity Framing,top_score_10277,These bastards are smart. But our open sourced due diligence is too powerful for even the smartest hedgefunds. Retards unite!!!!!!!
33,B — Identity Framing,top_score_8633,Just give the hedge funds a $600 check. They'll be fine.
37,B — Identity Framing,centroid,I thought citadel the market manipulator is *totally for sure* different than citadel the hedge fund?
37,B — Identity Framing,centroid,They have a lot of business with Citadel. They are in with the hedge funds.
37,B — Identity Framing,centroid,What is Citadel now? Is it a market cartel?
37,B — Identity Framing,top_score_9341,"If this is true the both Robinhood and Citadel did this knowing they would get caught more than likely. I think this means that they expect the ""punishment"" to be less than the cost of not taking this action. We have seen a pattern of fines that are lower than the profits (Wells Fargo, BofA, Equifax, etc.) and so they figure better to protect their short positions and make a lot of money, then pay a little extra ""tax"" in the form of penalties. 

This is a pattern that has played out again and again and if we allow it to happen again then we are the fools."
37,B — Identity Framing,top_score_4472,If he’s in! I’m in! I like this stock 🚀🌕
37,B — Identity Framing,top_score_3946,Over the next coming days follow Citadel monies. Watch how politicians will begin to flop on their positions. Hold ALL accountable.
42,C — Normative Pressure,centroid,DIAMOND HANDS BAAAAABBYYYYY!!!!!! 🙌 💎
42,C — Normative Pressure,centroid,Diamond Hands Everyone!!!
42,C — Normative Pressure,centroid,WE DIAMOND HANDS!!!!!!!!!!
42,C — Normative Pressure,top_score_7837,DIAMOND FUCKING HANDS LETS GO !
42,C — Normative Pressure,top_score_4498,Bang Bros trained my diamond hands
42,C — Normative Pressure,top_score_2899,DIAMOND HANDS BOYS! Who’s with me??
49,A — Uncertainty Expressions,centroid,"It's a ""server error"" remember?"
49,A — Uncertainty Expressions,centroid,"Server error for now, but will keep trying!"
49,A — Uncertainty Expressions,centroid,"Same, seems like their servers are crashing"
49,A — Uncertainty Expressions,top_score_815,They are currently facing some “technical challenges”
49,A — Uncertainty Expressions,top_score_739,Maybe he has Comcast and couldn’t log in.
49,A — Uncertainty Expressions,top_score_399,It says not supported you can’t buy it but you can find it
50,C — Normative Pressure,centroid,"No selling from me, DIAMOND HANDS"
50,C — Normative Pressure,centroid,"I had to sell, I didn’t have the diamond hands in me"
50,C — Normative Pressure,centroid,I am not selling. Diamond hands
50,C — Normative Pressure,top_score_6822,"Diamond Hands!

Edit: My most upvoted comment is two words to a bunch of autists about a stock that we like. I love you guys!"
50,C — Normative Pressure,top_score_5158,"""I say when we sell"". Yeah nah we're never selling. DIAMOND HANDS FOREVER. GME 5K 🚀🚀🚀🚀"
50,C — Normative Pressure,top_score_1834,"Petition for DFV to get gloves made of actual diamonds when he finally does sell. 

So never."
54,B — Identity Framing,centroid,Wall street
54,B — Identity Framing,centroid,Occubuy wall street!
54,B — Identity Framing,centroid,Mögen Wall Street-Wetten dich töten und erobern. zum Mond und darüber hinaus!!!!!! 🇩🇪🚀🚀🚀🚀
54,B — Identity Framing,top_score_8407,"I now understand why wall street people become coke addict this shit is draining

Wow thanks for all the reddit coins you apes"
54,B — Identity Framing,top_score_7202,"Great analogy 🤙

Fuck wall street and those suit wearing fucks"
54,B — Identity Framing,top_score_2945,OH FUCK WALL STREET IS ABOUT TO GET ABSOLUTELY POUNDED IN THE ASS
89,B — Identity Framing,centroid,how is this not market manipulation?
89,B — Identity Framing,centroid,now THAT is market manipulation
89,B — Identity Framing,centroid,B-b-but market manipulation 🥺
89,B — Identity Framing,top_score_9083,Evidence of market manipulation..... they need to go to prison.
89,B — Identity Framing,top_score_4945,"Yeah, surely this is evidence of price fixing."
89,B — Identity Framing,top_score_4604,"Been trading for 10+ years, this is the most sickening thing I’ve seen...and I lost my shirt on TOPS...but that wasn’t manipulation in mass like this is."
90,C — Normative Pressure,centroid,But the dip! Diamond hands!
90,C — Normative Pressure,centroid,419 in BB! Diamond hands!
90,C — Normative Pressure,centroid,"Diamond hands from this Eurotard in Deutschland!

🙌🏻💎🙌🏻💎🙌🏻💎🙌🏻

Here we f\*cking go!🚀🚀🚀🚀🚀🚀🚀

$GME or GTF"
90,C — Normative Pressure,top_score_1955,The sub going quiet PLUS that crazy drop had my hands itching but that was just the pressure forming diamonds
90,C — Normative Pressure,top_score_1050,"The grease destroys paper hands, only diamond hands can even ***HOLD*** ***THE*** Wendy's Classic Triple. I mean let's be real, the whole ***FUCKING*** delicious Wendy's product ***LINE*** is greasy as  hell."
90,C — Normative Pressure,top_score_910,Damn son if we diamond hand this squeeze I'll pay for a year of blue apron or something similar for you so you can eat.
108,B — Identity Framing,centroid,When you're a millionaire
108,B — Identity Framing,centroid,Are you a millionaire yet.
108,B — Identity Framing,centroid,You gonna be a millionaire 🚀🚀
108,B — Identity Framing,top_score_2602,Early congrats on your millionaire status.
108,B — Identity Framing,top_score_1593,It’s insane. I’ve literally been on this sub all day and I’ve had the best day of my life and I ain’t a millionaire.
108,B — Identity Framing,top_score_1034,"Sell your penthouses, yachts, luxury cars and Live in a 2 room apartment with 20-30 k per year you greedy bastard, that's calling make a living and struggle, you don't ""make a living"" you destroy those that try that."
136,B — Identity Framing,centroid,We like the lawyer.
136,B — Identity Framing,centroid,I like this lawyer.
136,B — Identity Framing,centroid,We like the lawyer
136,B — Identity Framing,top_score_19818,Smells like a class-action suit.
136,B — Identity Framing,top_score_5837,"I hope he sues tf out of them.  He can come out a loooooooot higher after this is over! lol

Edit - OMG you magnificent autists have gotten me the most likes I've ever had on a comment! Love you all APES TOGETHER STRONK oblig. 🚀🚀🚀🚀🚀 We gonna go to the moon!!💎🙌💎🙌💎"
136,B — Identity Framing,top_score_2168,"Dave Portnoy is live rn talking about this, he just finished saying ""a lawsuit won't fix anything, someone has to go to jail""

https://twitter.com/i/broadcasts/1vAxRwLwaZgKl

^update ^stream ^now ^over"
145,B — Identity Framing,centroid,Class action lawsuit? Anyone???? ANYONE?!!!!!!
145,B — Identity Framing,centroid,Class action lawsuit
145,B — Identity Framing,centroid,This class action lawsuit though
145,B — Identity Framing,top_score_6432,"fucking king. all WSBers need to sign on to any class actions, 4.5million people is a big class."
145,B — Identity Framing,top_score_4394,I smell a class action
145,B — Identity Framing,top_score_3826,To the top with this one. This is lawsuit ammunition.
176,C — Normative Pressure,centroid,Hold GME. It's up. Hold. Hold. Hold.
176,C — Normative Pressure,centroid,"HOLD GME 

HOLD GME 


HOLD GME"
176,C — Normative Pressure,centroid,Do I hold GME or do I hold GME?
176,C — Normative Pressure,top_score_15618,Hold the mods and GME
176,C — Normative Pressure,top_score_4821,Everyone who gets into GME at this point knows holding is the key to victory.
176,C — Normative Pressure,top_score_4356,This guy needs his diaper changed before he’s interviewed. GME HOLD.
187,C — Normative Pressure,centroid,Diamond Balls 💎💎💎
187,C — Normative Pressure,centroid,I have transcended from diamond hands to diamond balls
187,C — Normative Pressure,centroid,I jerked of with my diamond hands and now I have diamond balls!!! 💎🤲🥶
187,C — Normative Pressure,top_score_16852,This is the Mona Lisa of the Diamond World
187,C — Normative Pressure,top_score_5993,"Brain: smooth AF

Body: built like a green bean

Face: looks like a jellyfish that washed up 3 days ago

Personality: potato

Meat: fucking. tiny.

Hands: ...DIAMONDS  🚀🚀🚀💎💎💎🙌🏻💎💎💎🚀🚀🚀

&amp;#x200B;

Edit: Reddit *gold?* More like Reddit **HOLLLDDD!!!** 💎🙌🏻💎🙌🏻💎🙌🏻💎 **$4,200.69** 🚀🚀🚀

Hey, Alexa. How do I turn Reddit awards into GameStonks?"
187,C — Normative Pressure,top_score_1813,"Brain: smooth

Tits: jacked

Hands: diamond

Erection: 2 inches

Bears: fuk

🚀🚀🚀LETS GO🚀🚀🚀"
195,C — Normative Pressure,centroid,DO NOT PAPER HANDS
195,C — Normative Pressure,centroid,Found the paper hands.
195,C — Normative Pressure,centroid,Not with his paper hands
195,C — Normative Pressure,top_score_682,I’m so glad I didn’t break and paperhand on Friday.
195,C — Normative Pressure,top_score_570,Atleast we got rid of all the paper hands
195,C — Normative Pressure,top_score_437,"If today didn't shake all the paper hands out, then there are no more paper hands.  It's Ride or Die time.  All in Motherfuckers!  🚀🚀🚀🚀🚀🚀🚀🚀"
214,C — Normative Pressure,centroid,Diamond 💎 🙌 hands Diamond 💎 🙌 hands Diamond 💎 🙌 hands Diamond 💎 🙌 hands Diamond 💎 🙌 hands Diamond 💎 🙌 hands Diamond 💎 🙌 hands Diamond 💎 🙌 hands Diamond 💎 🙌 hands Diamond 💎 🙌 hands Diamond 💎 🙌 hands Diamond 💎 🙌 hands Diamond 💎 🙌 hands Diamond 💎 🙌 hands Diamond 💎 🙌 hands Diamond 💎 🙌 hands Diamond 💎 🙌 hands Diamond 💎 🙌 hands Diamond 💎 🙌 hands Diamond 💎 🙌 hands Diamond 💎 🙌 hands Diamond 💎 🙌 hands Diamond 💎 🙌 hands Diamond 💎 🙌 hands Diamond 💎 🙌 hands Diamond 💎 🙌 hands Diamond 💎 🙌 hands Diamond 💎 🙌 hands Diamond 💎 🙌 hands Diamond 💎 🙌 hands Diamond 💎 🙌 hands Diamond 💎 🙌 hands Diamond 💎 🙌 hands Diamond 💎 🙌 hands Diamond 💎 🙌 hands Diamond 💎 🙌 hands Diamond 💎 🙌 hands Diamond 💎 🙌 hands Diamond 💎 🙌 hands Diamond 💎 🙌 hands Diamond 💎 🙌 hands Diamond 💎 🙌 hands Diamond 💎 🙌 hands Diamond 💎 🙌 hands Diamond 💎 🙌 hands Diamond 💎 🙌 hands Diamond 💎 🙌 hands Diamond 💎 🙌 hands Diamond 💎 🙌 hands Diamond 💎 🙌 hands Diamond 💎 🙌 hands Diamond 💎 🙌 hands Diamond 💎 🙌 hands Diamond 💎 🙌 hands Diamond 💎 🙌 hands Diamond 💎 🙌 hands Diamond 💎 🙌 hands Diamond 💎 🙌 hands Diamond 💎 🙌 hands Diamond 💎 🙌 hands Diamond 💎 🙌 hands Diamond 💎 🙌 hands Diamond 💎 🙌 hands Diamond 💎 🙌 hands Diamond 💎 🙌 hands Diamond 💎 🙌 hands Diamond 💎 🙌 hands Diamond 💎 🙌 hands Diamond 💎 🙌 hands Diamond 💎 🙌 hands Diamond 💎 🙌 hands Diamond 💎 🙌 hands Diamond 💎 🙌 hands Diamond 💎 🙌 hands Diamond 💎 🙌 hands Diamond 💎 🙌 hands Diamond 💎 🙌 hands Diamond 💎 🙌 hands Diamond 💎 🙌 hands Diamond 💎 🙌 hands
214,C — Normative Pressure,centroid,Diamond 💎 🙌 hands Diamond 💎 🙌 hands Diamond 💎 🙌 hands Diamond 💎 🙌 hands Diamond 💎 🙌 hands Diamond 💎 🙌 hands Diamond 💎 🙌 hands Diamond 💎 🙌 hands Diamond 💎 🙌 hands Diamond 💎 🙌 hands Diamond 💎 🙌 hands Diamond 💎 🙌 hands Diamond 💎 🙌 hands Diamond 💎 🙌 hands Diamond 💎 🙌 hands Diamond 💎 🙌 hands Diamond 💎 🙌 hands Diamond 💎 🙌 hands Diamond 💎 🙌 hands Diamond 💎 🙌 hands Diamond 💎 🙌 hands Diamond 💎 🙌 hands Diamond 💎 🙌 hands Diamond 💎 🙌 hands Diamond 💎 🙌 hands Diamond 💎 🙌 hands Diamond 💎 🙌 hands Diamond 💎 🙌 hands Diamond 💎 🙌 hands Diamond 💎 🙌 hands Diamond 💎 🙌 hands Diamond 💎 🙌 hands Diamond 💎 🙌 hands Diamond 💎 🙌 hands Diamond 💎 🙌 hands Diamond 💎 🙌 hands Diamond 💎 🙌 hands Diamond 💎 🙌 hands Diamond 💎 🙌 hands Diamond 💎 🙌 hands Diamond 💎 🙌 hands Diamond 💎 🙌 hands Diamond 💎 🙌 hands Diamond 💎 🙌 hands Diamond 💎 🙌 hands Diamond 💎 🙌 hands Diamond 💎 🙌 hands Diamond 💎 🙌 hands Diamond 💎 🙌 hands Diamond 💎 🙌 hands Diamond 💎 🙌 hands Diamond 💎 🙌 hands Diamond 💎 🙌 hands Diamond 💎 🙌 hands Diamond 💎 🙌 hands Diamond 💎 🙌 hands Diamond 💎 🙌 hands Diamond 💎 🙌 hands Diamond 💎 🙌 hands Diamond 💎 🙌 hands Diamond 💎 🙌 hands Diamond 💎 🙌 hands Diamond 💎 🙌 hands Diamond 💎 🙌 hands Diamond 💎 🙌 hands Diamond 💎 🙌 hands Diamond 💎 🙌 hands Diamond 💎 🙌 hands Diamond 💎 🙌 hands Diamond 💎 🙌 hands Diamond 💎 🙌 hands Diamond 💎 🙌 hands Diamond 💎 🙌 hands Diamond 💎 🙌 hands Diamond 💎 🙌 hands Diamond 💎 🙌 hands Diamond 💎 🙌 hands Diamond 💎 🙌 hands Diamond 💎 🙌 hands Diamond 💎 🙌 hands
214,C — Normative Pressure,centroid,What a cunt What a cunt What a cunt What a cunt What a cunt What a cunt What a cunt What a cunt What a cunt What a cunt What a cunt What a cunt What a cunt What a cunt What a cunt What a cunt What a cunt What a cunt What a cunt What a cunt What a cunt What a cunt What a cunt What a cunt What a cunt What a cunt What a cunt What a cunt What a cunt What a cunt What a cunt What a cunt What a cunt What a cunt What a cunt What a cunt What a cunt What a cunt What a cunt What a cunt What a cunt What a cunt What a cunt What a cunt What a cunt What a cunt What a cunt What a cunt What a cunt What a cunt What a cunt What a cunt What a cunt What a cunt What a cunt What a cunt What a cunt What a cunt What a cunt What a cunt What a cunt What a cunt What a cunt What a cunt What a cunt What a cunt What a cunt What a cunt What a cunt What a cunt What a cunt What a cunt What a cunt What a cunt What a cunt What a cunt What a cunt What a cunt What a cunt What a cunt What a cunt What a cunt What a cunt What a cunt What a cunt What a cunt What a cunt What a cunt What a cunt What a cunt What a cunt What a cunt What a cunt What a cunt What a cunt What a cunt What a cunt What a cunt What a cunt What a cunt What a cunt What a cunt What a cunt What a cunt What a cunt What a cunt What a cunt What a cunt What a cunt What a cunt What a cunt What a cunt What a cunt What a cunt What a cunt What a cunt What a cunt What a cunt What a cunt What a cunt What a cunt What a cunt What a cunt What a cunt What a cunt What a cunt What a cunt What a cunt What a cunt What a cunt What a cunt What a cunt What a cunt What a cunt What a cunt What a cunt What a cunt What a cunt What a cunt What a cunt What a cunt What a cunt What a cunt What a cunt What a cunt What a cunt What a cunt What a cunt What a cunt What a cunt What a cunt What a cunt What a cunt What a cunt What a cunt What a cunt What a cunt What a cunt What a cunt What a cunt What a cunt What a cunt What a cunt What a cunt What a cunt What a cunt What a cunt What a cunt What a cunt What a cunt What a cunt What a cunt What a cunt What a cunt What a cunt What a cunt What a cunt What a cunt What a cunt What a cunt What a cunt What a cunt What a cunt What a cunt What a cunt What a cunt What a cunt What a cunt What a cunt What a cunt What a cunt What a cunt What a cunt What a cunt What a cunt What a cunt What a cunt What a cunt What a cunt What a cunt What a cunt What a cunt What a cunt What a cunt What a cunt What a cunt What a cunt What a cunt What a cunt What a cunt What a cunt What a cunt What a cunt What a cunt What a cunt What a cunt What a cunt What a cunt What a cunt What a cunt What a cunt What a cunt What a cunt What a cunt What a cunt What a cunt What a cunt What a cunt What a cunt What a cunt What a cunt What a cunt What a cunt What a cunt What a cunt What a cunt What a cunt What a cunt What a cunt What a cunt What a cunt What a cunt What a cunt What a cunt What a cunt What a cunt What a cunt What a cunt What a cunt What a cunt What a cunt What a cunt What a cunt What a cunt What a cunt What a cunt What a cunt What a cunt What a cunt What a cunt What a cunt What a cunt What a cunt What a cunt What a cunt What a cunt What a cunt What a cunt What a cunt What a cunt What a cunt What a cunt What a cunt What a cunt What a cunt What a cunt What a cunt What a cunt What a cunt What a cunt What a cunt What a cunt What a cunt What a cunt What a cunt What a cunt What a cunt What a cunt What a cunt What a cunt What a cunt What a cunt What a cunt What a cunt What a cunt What a cunt What a cunt What a cunt What a cunt What a cunt What a cunt What a cunt What a cunt What a cunt What a cunt What a cunt What a cunt What a cunt What a cunt What a cunt What a cunt What a cunt What a cunt What a cunt What a cunt What a cunt What a cunt What a cunt What a cunt What a cunt What a cunt What a cunt What a cunt What a cunt What a cunt What a cunt What a cunt What a cunt What a cunt What a cunt What a cunt What a cunt What a cunt What a cunt What a cunt What a cunt What a cunt What a cunt What a cunt What a cunt What a cunt What a cunt What a cunt What a cunt What a cunt What a cunt What a cunt What a cunt What a cunt What a cunt What a cunt What a cunt What a cunt What a cunt What a cunt What a cunt What a cunt What a cunt What a cunt What a cunt What a cunt What a cunt What a cunt What a cunt What a cunt What a cunt What a cunt What a cunt What a cunt What a cunt What a cunt What a cunt What a cunt What a cunt What a cunt What a cunt What a cunt What a cunt What a cunt What a cunt What a cunt What a cunt What a cunt What a cunt What a cunt What a cunt What a cunt What a cunt What a cunt What a cunt What a cunt What a cunt What a cunt What a cunt What a cunt What a cunt What a cunt What a cunt What a cunt What a cunt What a cunt What a cunt What a cunt What a cunt What a cunt What a cunt What a cunt What a cunt What a cunt What a cunt What a cunt What a cunt What a cunt What a cunt What a cunt What a cunt What a cunt What a cunt What a cunt What a cunt What a cunt What a cunt What a cunt What a cunt What a cunt What a cunt What a cunt What a cunt What a cunt What a cunt What a cunt What a cunt What a cunt What a cunt What a cunt What a cunt What a cunt What a cunt What a cunt What a cunt What a cunt What a cunt What a cunt What a cunt What a cunt What a cunt What a cunt What a cunt What a cunt What a cunt What a cunt What a cunt What a cunt What a cunt What a cunt What a cunt What a cunt What a cunt What a cunt What a cunt What a cunt What a cunt What a cunt What a cunt What a cunt What a cunt What a cunt What a cunt What a cunt What a cunt What a cunt What a cunt What a cunt What a cunt What a cunt What a cunt What a cunt What a cunt What a cunt What a cunt What a cunt What a cunt What a cunt What a cunt What a cunt What a cunt What a cunt What a cunt What a cunt What a cunt What a cunt What a cunt What a cunt What a cunt What a cunt What a cunt What a cunt What a cunt What a cunt What a cunt What a cunt What a cunt What a cunt What a cunt What a cunt What a cunt What a cunt What a cunt What a cunt What a cunt What a cunt What a cunt What a cunt What a cunt What a cunt What a cunt What a cunt What a cunt What a cunt What a cunt What a cunt What a cunt What a cunt What a cunt What a cunt What a cunt What a cunt What a cunt What a cunt What a cunt What a cunt What a cunt What a cunt What a cunt What a cunt What a cunt What a cunt What a cunt What a cunt What a cunt What a cunt What a cunt What a cunt What a cunt What a cunt What a cunt What a cunt What a cunt What a cunt What a cunt What a cunt What a cunt What a cunt What a cunt What a cunt What a cunt What a cunt What a cunt What a cunt What a cunt What a cunt What a cunt What a cunt What a cunt What a cunt What a cunt What a cunt What a cunt What a cunt What a cunt What a cunt What a cunt What a cunt What a cunt What a cunt What a cunt What a cunt What a cunt What a cunt What a cunt What a cunt What a cunt What a cunt What a cunt What a cunt What a cunt What a cunt What a cunt What a cunt What a cunt What a cunt What a cunt What a cunt What a cunt What a cunt What a cunt What a cunt What a cunt What a cunt What a cunt What a cunt What a cunt What a cunt What a cunt What a cunt What a cunt What a cunt What a cunt What a cunt What a cunt What a cunt What a cunt What a cunt What a cunt What a cunt What a cunt What a cunt What a cunt What a cunt What a cunt What a cunt What a cunt What a cunt What a cunt What a cunt What a cunt What a cunt What a cunt What a cunt What a cunt What a cunt What a cunt What a cunt What a cunt What a cunt What a cunt What a cunt What a cunt What a cunt What a cunt What a cunt What a cunt What a cunt What a cunt What a cunt What a cunt What a cunt What a cunt What a cunt What a cunt What a cunt What a cunt What a cunt What a cunt What a cunt What a cunt What a cunt What a cunt What a cunt What a cunt What a cunt What a cunt What a cunt What a cunt What a cunt What a cunt What a cunt What a cunt What a cunt What a cunt What a cunt What a cunt What a cunt What a cunt What a cunt What a cunt What a cunt What a cunt What a cunt What a cunt What a cunt What a cunt What a cunt What a cunt What a cunt What a cunt What a cunt What a cunt What a cunt What a cunt What a cunt What a cunt What a cunt What a cunt What a cunt What a cunt What a cunt What a cunt
214,C — Normative Pressure,top_score_11406,"Sir, you underestimate the smoothness of my brain."
214,C — Normative Pressure,top_score_1550,I think you have a smooth brain and I like it
214,C — Normative Pressure,top_score_1189,we no lie when we say we smooth brain
215,B — Identity Framing,centroid,We ARE Wallstreet!!
215,B — Identity Framing,centroid,Wallstreet Royale
215,B — Identity Framing,centroid,Get it to wallstreet!!
215,B — Identity Framing,top_score_1687,*WallStreet
215,B — Identity Framing,top_score_562,"Hate to tell you but MSM and Wallstreet are in the same bed. 

PS. Santa isn't real either."
215,B — Identity Framing,top_score_492,Wallstreet is pissed at us and I love every part of it
220,B — Identity Framing,centroid,As always. They're trying to change the rules of the game now that they're losing.
220,B — Identity Framing,centroid,AFTER WE WIN THO. CANT CHANGE THE RULES IN THE MIDDLE OF THE GAME
220,B — Identity Framing,centroid,Wish we could change the rules when we start losing
220,B — Identity Framing,top_score_3386,They couldn’t win playing fair. They couldn’t win playing dirty. So they broke the fucking game.
220,B — Identity Framing,top_score_2868,why do they keep setting new rules if they’re losing? fuck these fucking motherfuckers
220,B — Identity Framing,top_score_1871,They’re manipulating. HOLDDDS
223,C — Normative Pressure,centroid,Paper hands are selling
223,C — Normative Pressure,centroid,SOLD? WTF PAPER HANDS
223,C — Normative Pressure,centroid,DONT SELL PAPER HANDS
223,C — Normative Pressure,top_score_5613,"DON'T LET THE GENERATION THAT CAN'T CONVERT TO PDF PLAY WITH YOUR MIND! HOLD!!!

Edit: You must be shapeless, formless, like an ape brain. When you argue with an ape to sell,  it goes full retard. When you tell the ape it's a dip, it buys even more. When you think ape hands are made of coal, it becomes diamonds 💎. Ape can hold and it can reach the stars 🚀. Become like ape my friend.

- Bruce ape lee."
223,C — Normative Pressure,top_score_515,Do not feel bad for the paper hands. You reap what you sold.
223,C — Normative Pressure,top_score_496,All the retards from r/all got paper hands and sold
228,A — Uncertainty Expressions,centroid,"Explain like im 5, and retarded"
228,A — Uncertainty Expressions,centroid,can someone explain like im retarded
228,A — Uncertainty Expressions,centroid,Can someone explain this to me like im 5?
228,A — Uncertainty Expressions,top_score_1360,Now explain this to me as if I'm a 5 yearold.
228,A — Uncertainty Expressions,top_score_650,"Please explain this like I'm mostly retarded


edit: thanks peeps"
228,A — Uncertainty Expressions,top_score_602,Can you explain it to me like I am 3 instead of 5?
258,B — Identity Framing,centroid,I’m just here to learn about stocks and fight against Wall Street !!
258,B — Identity Framing,centroid,"If you are looking to steel your resolve this weekend read up on (or listen to) some recent history. 

When Wall Street came grovelling to the White House in ‘08 looking for a bailout, Obama had them by the throats. They were desperate and willing to agree to anything to save their own skins. The President took them at their word and made a gentleman’s agreement. The taxpayers would bail them out and when the dust settled they would concede to certain regulatory changes to ensure the Sub Prime crash (or something like it) could never happen again. He took them at their word and handed over the cash.

They took your folks hard earned tax dollars and retreated to swanky resorts to lick their wounds and formulate a new plan. They ate caviar and drank by the pool, got massages and had naps, hired escorts and enriched local drug dealers with the money your folks lost and collectively decided not to change one bit. 

When the markets stabilized Obama started calling. When can we meet? It’s time to talk about those new regulations we discussed. NOTHING!!! NADDA!!! ZILCH!!! CRICKETS!!! They fucking stonewalled THE PRESIDENT OF THE UNITED STATES and wouldn’t even return his calls. It is the biggest failure of Obamas time in office not to have forced those clowns to sign a contract. But time was tight, these are captains of finance, trust worthy men. And they punked him!!! Took the fucking money, promised the moon and then when it came time to keep up their end of the bargain, just FLAT OUT REFUSED!!! And this is all before the real fallout from their mess hit the rest of us. Do you think they lost their businesses? Their homes? Their saving? Not one little bit. They slithered off into the darkness and cooked up new ways to get fat off other peoples hard work. That is who your dealing with here. That is why this matters. 

Now let’s put that in context today. Look at all the high profile people that have come out in support of us, especially politicians. We are in the middle of a pandemic, new president, money is tight. Pretty hard for Wall Street to garner sympathy for pulling the same goddamned stunt they pulled in ‘08 (just under a different name). This is American as it gets!!! A free market checking and balancing itself. Would you want to come out on the wrong side of history for bailing out these pigs again, instead of the American people? Brick and mortar businesses are shuttered through no fault of their own and these parasites have been feeding on their misery, manipulating the market and betting on them failing.  

I may be new to WSB but I’ve been out here grinding my whole life and at the game for about 6 years now. 
I’ve got real skin in this bitch. For a guy living paycheque to paycheque and with mouths to feed, this is about as serious as a heart attack. And yet I will HOLD!!! We may never get this chance again. To speak directly to those with power and hold Wall Street (and those that enable them) to account. 

Tendies are good man, I’ll suckle fat tendies all day long but first they must ripen!!! And the way to do that is by holding your stonk and bleeding these 1% motherfuckers so they’ll think twice before fucking with the other 99% of US ever again!!! 

💎🤲🏻🚀"
258,B — Identity Framing,centroid,"If you are looking to steel your resolve this weekend read up on (or listen to) some recent history. 

When Wall Street came grovelling to the White House in ‘08 looking for a bailout, Obama had them by the throats. They were desperate and willing to agree to anything to save their own skins. The President took them at their word and made a gentleman’s agreement. The taxpayers would bail them out and when the dust settled they would concede to certain regulatory changes to ensure the Sub Prime crash (or something like it) could never happen again. He took them at their word and handed over the cash.

They took your folks hard earned tax dollars and retreated to swanky resorts to lick their wounds and formulate a new plan. They ate caviar and drank by the pool, got massages and had naps, hired escorts and enriched local drug dealers with the money your folks lost and collectively decided not to change one bit. 

When the markets stabilized Obama started calling. When can we meet? It’s time to talk about those new regulations we discussed. NOTHING!!! NADDA!!! ZILCH!!! CRICKETS!!! They fucking stonewalled THE PRESIDENT OF THE UNITED STATES and wouldn’t even return his calls. It is the biggest failure of Obamas time in office not to have forced those clowns to sign a contract. But time was tight, these are captains of finance, trust worthy men. And they punked him!!! Took the fucking money, promised the moon and then when it came time to keep up their end of the bargain, just FLAT OUT REFUSED!!! And this is all before the real fallout from their mess hit the rest of us. Do you think they lost their businesses? Their homes? Their saving? Not one little bit. They slithered off into the darkness and cooked up new ways to get fat off other peoples hard work. That is who your dealing with here. That is why this matters. 

Now let’s put that in context today. Look at all the high profile people that have come out in support of us, especially politicians. We are in the middle of a pandemic, new president, money is tight. Pretty hard for Wall Street to garner sympathy for pulling the same goddamned stunt they pulled in ‘08 (just under a different name). This is American as it gets!!! A free market checking and balancing itself. Would you want to come out on the wrong side of history for bailing out these pigs again, instead of the American people? Brick and mortar businesses are shuttered through no fault of their own and these parasites have been feeding on their misery, manipulating the market and betting on them failing.  

I may be new to WSB but I’ve been out here grinding my whole life and at the game for about 6 years now. 
I’ve got real skin in this bitch. For a guy living paycheque to paycheque and with mouths to feed, this is about as serious as a heart attack. And yet I will HOLD!!! We may never get this chance again. To speak directly to those with power and hold Wall Street (and those that enable them) to account. 

Tendies are good man, I’ll suckle fat tendies all day long but first they must ripen!!! And the way to do that is by holding your stonk and bleeding these 1% motherfuckers so they’ll think twice before fucking with the other 99% of US ever again!!! 

This is the way!!!

💎🤲🏻🚀

Obligitory: this is not finacial advice"
258,B — Identity Framing,top_score_4682,"Thanks guys. I'm new here because I don't have much to invest, but it's been fun watching the action and I threw some of my limited funds into the pot. I don't care if I don't make a single cent, I am proud of the people of this sub helping us regular folks stand up to Wall Street BS."
258,B — Identity Framing,top_score_3333,"I've been a long time lurker here. Never really posted I don't think. I'm not a trader hut I enjoy finance and financial news and economics so that's why I'm here. But I came here today just to say I'm so absolutely God damn impressed with this sub. It might only seem like money to some but to me I see evidence of the power the people really have. A fucking subreddit cost the big banks and hedge funds over 6 billion so far probably twice that! They are all on TV crying because y'all did what they do everyday and now they don't like it. Well I say it's long overdue! You guys keep sticking it to the man and posting ridiculous memes. I'll be over here enjoying the show! 

Edit: Power to the Players ✊✊✊"
258,B — Identity Framing,top_score_2698,"I think they forgot they have all the money to lose AND WE HAVE NOTHING.

I was born poor and I might die poor but if I can fuck up a few hedge fund managers on the way to Valhalla, SO BE IT.

💎✋🏽"
269,A — Uncertainty Expressions,centroid,There is a 25min or so video on YouTube that explains it
269,A — Uncertainty Expressions,centroid,Did you read the post or nah lol
269,A — Uncertainty Expressions,centroid,Did you read the post? All the info is in there.
269,A — Uncertainty Expressions,top_score_788,"If you can’t read like me here’s a video by Louis Rossmann perfectly explaining the situation:

https://youtu.be/4EUbJcGoYQ4"
269,A — Uncertainty Expressions,top_score_520,Glad you circled it otherwise I wouldn’t have known where to read
269,A — Uncertainty Expressions,top_score_92,I just googled around and figured out through process of elimination. Good job spreading the word down there!
307,A — Uncertainty Expressions,centroid,This is why it's a once in a lifetime opportunity.
307,A — Uncertainty Expressions,centroid,ONCE IN A LIFETIME OPPORTUNITY
307,A — Uncertainty Expressions,centroid,"unfucking real, this is opportunity of a lifetime right here"
307,A — Uncertainty Expressions,top_score_2046,Every. Fucking. Time.
307,A — Uncertainty Expressions,top_score_368,Yeah I have no idea if it'll make it but yolo I guess 😂
307,A — Uncertainty Expressions,top_score_351,I do expect this to happen actually
323,B — Identity Framing,centroid,"I'm fiscally Big Short, culturally Wolf of Wall Street"
323,B — Identity Framing,centroid,Watch the big short and wolf of Wall Street
323,B — Identity Framing,centroid,AHAHAHAH THE BIG SHORT MOVIE
323,B — Identity Framing,top_score_20590,"The Big Long - coming to theaters and HBOMax in 2022. 
Starring Luke Wilson as DeepFuckingValue."
323,B — Identity Framing,top_score_2174,"First and foremost, we need to make the WallStreetBets movie. Vin Diesel can star as u/DeepFuckingValue 🚀🚀🚀"
323,B — Identity Framing,top_score_2155,Just commenting here so I can see myself in the Big Short 2 when it comes out
328,B — Identity Framing,centroid,"Exactly, the ones we really one are at Melvin and Citadel."
328,B — Identity Framing,centroid,Is this even a squeeze anymore or a noose around Melvin and citadel....
328,B — Identity Framing,centroid,I am Melvin and I am citadel 🤖
328,B — Identity Framing,top_score_7037,"https://www.cnbc.com/2020/03/06/photos-how-citadel-billionaire-ken-griffin-spends-his-fortune.html 

this is the guy whose pockets you're filling when you sell. HOLD"
328,B — Identity Framing,top_score_2143,"Any thoughts on if the bailout from Citadel/Point 72 is meant to be used for Melvin to cover and exit?

I find it hard to believe they’d hand over $2.5b (with another $1b possible Feb 1) to Melvin to double down on an absolutely devastating position that shows no indication of getting better for them. 

Seems more like money that’s intended to let Melvin escape and stay alive so they can pay it back."
328,B — Identity Framing,top_score_951,"Melvin is an Imperial Star Destroyer. JPM is the (first) Death Star.

It'll be just like shooting womp rats back home."
334,C — Normative Pressure,centroid,Hold the line hold the line
334,C — Normative Pressure,centroid,HOLD THE LINE HOLD THE LINE HOLD THE LINE
334,C — Normative Pressure,centroid,HOLD THE LINE HOLD THE LINE HOLD THE LINE HOLD THE LINE HOLD THE LINE
334,C — Normative Pressure,top_score_1765,#HOLD THE LINE
334,C — Normative Pressure,top_score_1113,RAGE HOLD
334,C — Normative Pressure,top_score_472,HOLD THE LINE
378,A — Uncertainty Expressions,centroid,What the fuck is going on!!!
378,A — Uncertainty Expressions,centroid,What the fuck is going on
378,A — Uncertainty Expressions,centroid,What the fuck is going on
378,A — Uncertainty Expressions,top_score_136,Whats happening is amazing*
378,A — Uncertainty Expressions,top_score_111,WTF IS GOING ON??
378,A — Uncertainty Expressions,top_score_86,WHATS HAPPENING?!
440,A — Uncertainty Expressions,centroid,You know the answer to this. :(
440,A — Uncertainty Expressions,centroid,ANSWER THE FUCKING QUESTION
440,A — Uncertainty Expressions,centroid,We all know the answer now
440,A — Uncertainty Expressions,top_score_2782,That's been obvious for a while.
440,A — Uncertainty Expressions,top_score_305,Asking the real question.
440,A — Uncertainty Expressions,top_score_299,Tell me about it
468,A — Uncertainty Expressions,centroid,"I remember when the crash hit, my mom lost her job and my dad was under so much pressure at his job that he turned to prescription drugs. We soon lost our house and he lost his job as well. My family never fully recovered. Now my dad is a junkie who is somewhere on the streets, and my mom had to work 3 jobs at one point just to feed my brother and I. She finally has a decent job 13 years later, but when the market crash happened I didn’t realize how negatively it would affect my brother and I. College fund? Gone. Big ass house? Gone. Moved into a one bedroom apartment. Sure, others suffered way worse, but I can’t imagine where I’d be today if the crash didn’t happen. I remember gas cost 7$ a gallon and we filled up one gallon at a time. We suffered so much just because banks and firms wanted to make money. It’s our turn now."
468,A — Uncertainty Expressions,centroid,"yeah, this has turned personal for me. My dad lost his job in the 08 financial crises and he hasn't recovered since."
468,A — Uncertainty Expressions,centroid,"My family lost our house in 08. Dad lost his job, family split up from the stress. Fuck em."
468,A — Uncertainty Expressions,top_score_8325,"I feel this, I was a sophomore in high school when the 07-08’ crash. My mom lost her job and I watched her go through her life savings to support our house. I was always wondering when our family was going to get help and the help never came. To add insult to injury I saw ws get billion dollar bail outs and spin the story on poor people. This is the first time in my 30years of life I’ve ever seen ws feel the same pain and worry my mother felt. IM ALL IN TOMORROW. This is personal. The same children they robbed 13 years ago grew up and we have money now ourselves

EDIT: IM NOT FUCKING SELLING"
468,A — Uncertainty Expressions,top_score_8212,"I’m a silent browser on reddit but the news turned me to this sub. The ‘08 recession collapsed my family (6 boys, parents with no college and new credit) so far into poverty that my parents will never climb out. Banks don’t touch them with a ten foot pole, they hit rock bottom and that’s how I grew up. I’m doing great after climbing out of the lower class but my younger brothers still have a mountain climb to get out of that dark shadow. YOU PEOPLE ARE BEAUTIFUL; FUCK THESE BASTARDS.

Edit for anyone who cares; I grew up sleeping on the floor of my grandmothers house in a bedroom with all my brothers. Fucking poor.


Edit again: GUYS THE AWARDS ARE SO NICE BUT PLEASE SAVE YO MONIES FOR THE STONKS!!!!"
468,A — Uncertainty Expressions,top_score_6745,"My dad and mom built their dream house in 2003-07.. he contracted, surveyed it out himself, poured concrete, framing, roof, drywall with moms, and my 12 year ass tryna help. 2008 rolls around and you can guess what had happened. They passed in 2012, renting/switching out houses every other year up until then....never to recover from that gut punch. This one is for you pops/mojack. 

Fuck these suits. Fuck their pockets. FUCK their tears. 

We like this stock. Hold the fucking line."
471,B — Identity Framing,centroid,I am a gorilla 🦍
471,B — Identity Framing,centroid,Gorilla dick rocket? Not sure about gorilla dick rocket.  Seems unsafe for spider monkeys. Next thing you know every gorilla is passing the spider monkeys around and shoving them up their asses  to make a two tails meme.
471,B — Identity Framing,centroid,Gorilla come and kill all monkeys. Gorilla eat stock.
471,B — Identity Framing,top_score_7268,A gorilla has entered the fight
471,B — Identity Framing,top_score_885,"Call me a monkey one more time, and I’ll give you a Fucking hug. Proud to miss a chromosome or two."
471,B — Identity Framing,top_score_567,"WHOS TOES ARE THOSE? 


WHOS THAT GREAT APE OVER THERE"
476,B — Identity Framing,centroid,"APES TOGETHER STRONG 

APES TOGETHER STRONG 

APES TOGETHER STRONG 

APES TOGETHER STRONG 

APES TOGETHER STRONG 

APES TOGETHER STRONG 

APES TOGETHER STRONG 

APES TOGETHER STRONG 

APES TOGETHER STRONG 

APES TOGETHER STRONG 

APES TOGETHER STRONG 

APES TOGETHER STRONG"
476,B — Identity Framing,centroid,APES TOGETHER STRONG. APES TOGETHER STONK.
476,B — Identity Framing,centroid,Apes together strong. Apes with diamond hands.
476,B — Identity Framing,top_score_4024,Collection of apes who like the letters G-M-E
476,B — Identity Framing,top_score_2409,"APES TOGETHER STRONG

WE LIKE STOCK 

WE NO LEAVE"
476,B — Identity Framing,top_score_1052,APES...TOGETHER...STRONG!!!
497,B — Identity Framing,centroid,"This is occupy wall street 2.0 for me

💎🤚"
497,B — Identity Framing,centroid,"The new OCCUPY WALL STREET

🚀 OCCUPY GME  🚀"
497,B — Identity Framing,centroid,Now this is how you occupy wall street
497,B — Identity Framing,top_score_4068,We can occupy Wall Street from the toilet now
497,B — Identity Framing,top_score_2370,"THIS is how you occupy Wall Street

By occupying shares, not an actual street"
497,B — Identity Framing,top_score_1290,"There definitely is. During the Occupy Wallstreet movement I thought all those guys were worthless bums looking for a handout.

Today I would probably agree with them."
506,B — Identity Framing,centroid,Retail investors go BRRRRRRRRR!!!!!!
506,B — Identity Framing,centroid,*retail investors!
506,B — Identity Framing,centroid,"Retail investors:

*BRRRRRRRRR*"
506,B — Identity Framing,top_score_2033,"This post is not meant to promote or encourage witch-hunting. 

It is a reminder that the financial analysts that pretend to be on the retail investor's side, not always are."
506,B — Identity Framing,top_score_1076,"Yea, and all the memes thatll get included as evidence. 

The fact these idiots can say we caused market manipulation when were all buying a stocks based on memes of lord of the rings with gme and hedge fund overlays for the battle is more retarded then anyone in this sub."
506,B — Identity Framing,top_score_589,"Then the hedge funds cried ""illegal,"" but it wasn't.  Then ""manipulation,"" but it wasn't, well not from this side anyway.  Then they broke the law."
524,C — Normative Pressure,centroid,"These were my last funds! Also have 2 more, holding since Last Friday with diamond hands!"
524,C — Normative Pressure,centroid,Diamond handing my 1 share 🙌🏼💎
524,C — Normative Pressure,centroid,8 shares and diamond hands!
524,C — Normative Pressure,top_score_1916,"#DO NOT SELL MONDAY IT IS JUST THE TIP OF THE ICEBERG DO NOT SELL MONDAY DIAMOND FUCKING HANDS INTO THE WEEK 💎🙌 IT WILL TAKE THEM DAYS TO CLOSE THEIR POSITION 🚀🚀 WE HAVE THE UPPER BIG HARD DIAMOND FUCKING HAND NOW 💎💎🙌🙌 

BUY BUY BUY🚀🚀🚀


**highjacking this comments popularity**
#Remove your $500 limit sells you paper handed retards

https://m.imgur.com/gallery/VsLC9Wv"
524,C — Normative Pressure,top_score_1497,"I honestly can't believe it guys. /u/DeepFuckingValue is STILL in. This level of diamond hands is unprecedented, and it should give ALL OF YOU courage to continue to hold through these dark times of market manipulation and short attacks.

WE LIKE THE STOCK"
524,C — Normative Pressure,top_score_743,"People with fractional shares are still diamond hand heroes. Stay strong, brother."
528,B — Identity Framing,centroid,We are all in this together 🦍 fuck the suits
528,B — Identity Framing,centroid,Fuck the suits!
528,B — Identity Framing,centroid,**FUCK THE SUITS TRYING TK SUITS! HOLD THE LINE!**
528,B — Identity Framing,top_score_9635,"Sorry to hear that man, but we’re gonna make the suits bleed even more"
528,B — Identity Framing,top_score_5292,#FUCK EVERY SUIT KISSERS
528,B — Identity Framing,top_score_1116,"FUCK THE SUITS. 

I’m tired of being the generation that sees “once in a lifetime” financial ruin every 10 fucking years while the assholes in Manhattan drink champagne and eat caviar. 

May they go hungry for once, may they know the looming threat of homelessness. May they count their fucking pocket change to pay a light bill."
535,C — Normative Pressure,centroid,We diamond hands ?
535,C — Normative Pressure,centroid,Diamond hands fixes everything
535,C — Normative Pressure,centroid,DIAMOND HANDS https://youtu.be/4WUGhteNlzM?t=198
535,C — Normative Pressure,top_score_11354,Did they censor diamond handed autists
535,C — Normative Pressure,top_score_5757,No no NO!! Its diamond HANDS not diamond hand. Need to get another one.
535,C — Normative Pressure,top_score_3906,WE HAVE DIAMOND HANDS TOO
538,C — Normative Pressure,centroid,"I am one with the diamonds. The diamonds are with me.  
  
I am one with the diamonds. The diamonds are with me.  
  
I am one with the diamonds. The diamonds are with me.  
  
I am one with the diamonds. The diamonds are with me.  
  
I am one with the diamonds. The diamonds are with me."
538,C — Normative Pressure,centroid,Now you have diamonds
538,C — Normative Pressure,centroid,You could have had many diamonds.
538,C — Normative Pressure,top_score_2084,This man is an entire Diamond Dad.
538,C — Normative Pressure,top_score_898,No pressure no diamonds 💎
538,C — Normative Pressure,top_score_722,"Just diamonds, right?"
553,B — Identity Framing,centroid,He's an ape
553,B — Identity Framing,centroid,THIS IS THE APE
553,B — Identity Framing,centroid,Ape
553,B — Identity Framing,top_score_1419,NO GENDER ONLY APE 🦍🦍🦍
553,B — Identity Framing,top_score_630,And do you think this fucking ape 🦍 here cares?
553,B — Identity Framing,top_score_429,Ape 🦧
575,C — Normative Pressure,centroid,Too many paper hands.
575,C — Normative Pressure,centroid,PAPER HANDS 🤣🤣🤣🤣🤣🤣 COULDN'T BE ME
575,C — Normative Pressure,centroid,"There are no paper hands here, Gandalf Stormcrow."
575,C — Normative Pressure,top_score_885,PAPER HANDS ARE ALREADY GONE ONLY 💎✋ LEFT 🚀🚀🚀
575,C — Normative Pressure,top_score_300,"how do you wash paper hands?


Edit: that’s my first award. Thanks cunt"
575,C — Normative Pressure,top_score_281,You need paper hands flair
578,C — Normative Pressure,centroid,"DONT SELL, HOLD"
578,C — Normative Pressure,centroid,"Why even sell at all, hold on, never sell"
578,C — Normative Pressure,centroid,HOLD!! 💎✊. DONT SELL HOLD
578,C — Normative Pressure,top_score_1190,Dont sell. Hold.
578,C — Normative Pressure,top_score_511,It’s time.... to hold. Don’t get cold feet and sell :)
578,C — Normative Pressure,top_score_326,"Long story short, hold"
582,C — Normative Pressure,centroid,Who the fuck is selling?
582,C — Normative Pressure,centroid,Who the fuck is selling????
582,C — Normative Pressure,centroid,WHO THE FUCK IS SELLING!!
582,C — Normative Pressure,top_score_220,Who that fuck is selling like an idiot
582,C — Normative Pressure,top_score_111,Whoever just fucking sold I hope you drown in a pool.
582,C — Normative Pressure,top_score_106,Who dafuq are the retarded shit fuckers that sold so much?
611,A — Uncertainty Expressions,centroid,Just a coincidence.  Nothing more.
611,A — Uncertainty Expressions,centroid,"can someone explain whats happening, I'm a complete noob"
611,A — Uncertainty Expressions,centroid,"Aye I'm kinda dumb. Can someone explain whats happening, but in a simple way."
611,A — Uncertainty Expressions,top_score_2027,"YES MAINLY, BUT JUST A COINCIDENCE"
611,A — Uncertainty Expressions,top_score_1187,Can anyone explain what’s happening here? https://twitter.com/traesop/status/1354856069961539589?s=10
611,A — Uncertainty Expressions,top_score_936,"they’re all directly correlated, especially since all have been mentioned so much with this sub. that’s why we need to hold the line on everything"
634,C — Normative Pressure,centroid,HOLD THE FUCKING LINE
634,C — Normative Pressure,centroid,HOLD THE FUCKING LINE.
634,C — Normative Pressure,centroid,HOLD THE FUCKING LINE. HOLD IT
634,C — Normative Pressure,top_score_229,HOLD THE FUCKING LINE.
634,C — Normative Pressure,top_score_125,Hold this line.
634,C — Normative Pressure,top_score_91,Same lol
640,C — Normative Pressure,centroid,Diamond 💎 🙌 hands Diamond 💎 🙌 hands Diamond 💎 🙌 hands Diamond 💎 🙌 hands Diamond 💎 🙌 hands Diamond 💎 🙌 hands Diamond 💎 🙌 hands Diamond 💎 🙌 hands Diamond 💎 🙌 hands Diamond 💎 🙌 hands Diamond 💎 🙌 hands Diamond 💎 🙌 hands Diamond 💎 🙌 hands Diamond 💎 🙌 hands Diamond 💎 🙌 hands Diamond 💎 🙌 hands Diamond 💎 🙌 hands Diamond 💎 🙌 hands Diamond 💎 🙌 hands Diamond 💎 🙌 hands Diamond 💎 🙌 hands Diamond 💎 🙌 hands Diamond 💎 🙌 hands Diamond 💎 🙌 hands Diamond 💎 🙌 hands Diamond 💎 🙌 hands Diamond 💎 🙌 hands Diamond 💎 🙌 hands Diamond 💎 🙌 hands Diamond 💎 🙌 hands Diamond 💎 🙌 hands Diamond 💎 🙌 hands Diamond 💎 🙌 hands Diamond 💎 🙌 hands Diamond 💎 🙌 hands Diamond 💎 🙌 hands Diamond 💎 🙌 hands Diamond 💎 🙌 hands Diamond 💎 🙌 hands Diamond 💎 🙌 hands Diamond 💎 🙌 hands Diamond 💎 🙌 hands Diamond 💎 🙌 hands Diamond 💎 🙌 hands Diamond 💎 🙌 hands Diamond 💎 🙌 hands Diamond 💎 🙌 hands Diamond 💎 🙌 hands Diamond 💎 🙌 hands Diamond 💎 🙌 hands Diamond 💎 🙌 hands Diamond 💎 🙌 hands Diamond 💎 🙌 hands Diamond 💎 🙌 hands Diamond 💎 🙌 hands Diamond 💎 🙌 hands Diamond 💎 🙌 hands Diamond 💎 🙌 hands Diamond 💎 🙌 hands Diamond 💎 🙌 hands Diamond 💎 🙌 hands Diamond 💎 🙌 hands Diamond 💎 🙌 hands Diamond 💎 🙌 hands Diamond 💎 🙌 hands Diamond 💎 🙌 hands Diamond 💎 🙌 hands Diamond 💎 🙌 hands Diamond 💎 🙌 hands Diamond 💎 🙌 hands Diamond 💎 🙌 hands Diamond 💎 🙌 hands Diamond 💎 🙌 hands Diamond 💎 🙌 hands Diamond 💎 🙌 hands Diamond 💎 🙌 hands Diamond 💎 🙌 hands Diamond 💎 🙌 hands Diamond 💎 🙌 hands Diamond 💎 🙌 hands
640,C — Normative Pressure,centroid,Diamond 💎 🙌 hands Diamond 💎 🙌 hands Diamond 💎 🙌 hands Diamond 💎 🙌 hands Diamond 💎 🙌 hands Diamond 💎 🙌 hands Diamond 💎 🙌 hands Diamond 💎 🙌 hands Diamond 💎 🙌 hands Diamond 💎 🙌 hands Diamond 💎 🙌 hands Diamond 💎 🙌 hands Diamond 💎 🙌 hands Diamond 💎 🙌 hands Diamond 💎 🙌 hands Diamond 💎 🙌 hands Diamond 💎 🙌 hands Diamond 💎 🙌 hands Diamond 💎 🙌 hands Diamond 💎 🙌 hands Diamond 💎 🙌 hands Diamond 💎 🙌 hands Diamond 💎 🙌 hands Diamond 💎 🙌 hands Diamond 💎 🙌 hands Diamond 💎 🙌 hands Diamond 💎 🙌 hands Diamond 💎 🙌 hands Diamond 💎 🙌 hands Diamond 💎 🙌 hands Diamond 💎 🙌 hands Diamond 💎 🙌 hands Diamond 💎 🙌 hands Diamond 💎 🙌 hands Diamond 💎 🙌 hands Diamond 💎 🙌 hands Diamond 💎 🙌 hands Diamond 💎 🙌 hands Diamond 💎 🙌 hands Diamond 💎 🙌 hands Diamond 💎 🙌 hands Diamond 💎 🙌 hands Diamond 💎 🙌 hands Diamond 💎 🙌 hands Diamond 💎 🙌 hands Diamond 💎 🙌 hands Diamond 💎 🙌 hands Diamond 💎 🙌 hands Diamond 💎 🙌 hands Diamond 💎 🙌 hands Diamond 💎 🙌 hands Diamond 💎 🙌 hands Diamond 💎 🙌 hands Diamond 💎 🙌 hands Diamond 💎 🙌 hands Diamond 💎 🙌 hands Diamond 💎 🙌 hands Diamond 💎 🙌 hands Diamond 💎 🙌 hands Diamond 💎 🙌 hands Diamond 💎 🙌 hands Diamond 💎 🙌 hands Diamond 💎 🙌 hands Diamond 💎 🙌 hands Diamond 💎 🙌 hands Diamond 💎 🙌 hands Diamond 💎 🙌 hands Diamond 💎 🙌 hands Diamond 💎 🙌 hands Diamond 💎 🙌 hands Diamond 💎 🙌 hands Diamond 💎 🙌 hands Diamond 💎 🙌 hands Diamond 💎 🙌 hands Diamond 💎 🙌 hands Diamond 💎 🙌 hands Diamond 💎 🙌 hands Diamond 💎 🙌 hands Diamond 💎 🙌 hands Diamond 💎 🙌 hands
640,C — Normative Pressure,centroid,iamond 💎 🙌 hands Diamond 💎 🙌 hands Diamond 💎 🙌 hands Diamond 💎 🙌 hands Diamond 💎 🙌 hands Diamond 💎 🙌 hands Diamond 💎 🙌 hands Diamond 💎 🙌 hands Diamond 💎 🙌 hands Diamond 💎 🙌 hands Diamond 💎 🙌 hands Diamond 💎 🙌 hands Diamond 💎 🙌 hands Diamond 💎 🙌 hands Diamond 💎 🙌 hands Diamond 💎 🙌 hands Diamond 💎 🙌 hands Diamond 💎 🙌 hands Diamond 💎 🙌 hands Diamond 💎 🙌 hands Diamond 💎 🙌 hands Diamond 💎 🙌 hands Diamond 💎 🙌 hands Diamond 💎 🙌 hands Diamond 💎 🙌 hands Diamond 💎 🙌 hands Diamond 💎 🙌 hands Diamond 💎 🙌 hands Diamond 💎 🙌 hands Diamond 💎 🙌 hands Diamond 💎 🙌 hands Diamond 💎 🙌 hands Diamond 💎 🙌 hands Diamond 💎 🙌 hands Diamond 💎 🙌 hands Diamond 💎 🙌 hands Diamond 💎 🙌 hands Diamond 💎 🙌 hands Diamond 💎 🙌 hands Diamond 💎 🙌 hands Diamond 💎 🙌 hands Diamond 💎 🙌 hands Diamond 💎 🙌 hands Diamond 💎 🙌 hands Diamond 💎 🙌 hands Diamond 💎 🙌 hands Diamond 💎 🙌 hands Diamond 💎 🙌 hands Diamond 💎 🙌 hands Diamond 💎 🙌 hands Diamond 💎 🙌 hands Diamond 💎 🙌 hands Diamond 💎 🙌 hands Diamond 💎 🙌 hands Diamond 💎 🙌 hands Diamond 💎 🙌 hands Diamond 💎 🙌 hands Diamond 💎 🙌 hands Diamond 💎 🙌 hands Diamond 💎 🙌 hands Diamond 💎 🙌 hands Diamond 💎 🙌 hands Diamond 💎 🙌 hands Diamond 💎 🙌 hands Diamond 💎 🙌 hands Diamond 💎 🙌 hands Diamond 💎 🙌 hands Diamond 💎 🙌 hands
640,C — Normative Pressure,top_score_174,"What app is this?

(Or anything that’ll show limits?)"
640,C — Normative Pressure,top_score_91,What's this app?
640,C — Normative Pressure,top_score_83,How is this app free?
644,B — Identity Framing,centroid,They're being bought out by hedge funds for sure
644,B — Identity Framing,centroid,What happens if the hedge fund bankruptcy? Do we lose our moolah?
644,B — Identity Framing,centroid,"Couldn't the hedgefunds declare bankruptcy? Isn't that only legit way out of this, and what a normal person would have to do if they were in the hedge funds position?"
644,B — Identity Framing,top_score_1145,"Basically, Hedge funds over leveraged so much they (at least they claim) that the economy was at risk.  Sounds like financial hostage taking. Who takes hostages? Terrorists.  Fuck these guys. They should be banned from working in the financial sectors for the rest of their lives."
644,B — Identity Framing,top_score_309,"They had me scared. I almost caved and listened to my toilet paper hands... Until I realized what was happening. 

Now I'm angry and anger wins over fear. It's personal. I refuse to be bullied. We have the law,  billionaires, democrats, Republicans, and everyone from Ja Rule to AOC to Shapiro to Elon, on our side. 

They think they should be the gatekeepers of wealth that decide which companies should thrive. They think their fancy tactics and colluding will help them accomplish that. But those schemes aren't worth shit if we refuse to sell. I know I won't out of pure spite at this point. Our generation lives for this shit. I hope they drop the price again because I'll be watching and ready to buy more. 

So to the shorties, good fucking luck bullying millions of completely irrational investors with nothing to lose and everything to gain. My sell limit is whatever it takes to watch you go bankrupt. Power to the players, bitch."
644,B — Identity Framing,top_score_308,That’s my question. If a hedge fund goes bankrupt before fulfilling the buyback of stocks. What happens then?
671,B — Identity Framing,centroid,This is all out class warfare.
671,B — Identity Framing,centroid,*also class warfare
671,B — Identity Framing,centroid,CLASS WARFARE!
671,B — Identity Framing,top_score_1023,This is snowballing into a mini class war. Hold on to your arms.
671,B — Identity Framing,top_score_981,"How bout a class war? They started it, after all."
671,B — Identity Framing,top_score_872,#AINT NO WAR BUT A CLASS WAR
696,C — Normative Pressure,centroid,BUY AND HOLD AND BUY AND HOLD AND BUY AND HOLD AND BUY AND HOLD
696,C — Normative Pressure,centroid,"BUY AND HOLD
BUY AND HOLD BUY AND HOLD
BUY AND HOLD"
696,C — Normative Pressure,centroid,"BUY AND HOLD

BUY AND HOLD

BUY AND HOLD

BUY AND HOLD

BUY AND HOLD"
696,C — Normative Pressure,top_score_12660,Made me laugh out loud hahaha👏🏻 you’re doing great! BUY HIGH ✅ NEVER SELL 🚀🚀🚀
696,C — Normative Pressure,top_score_503,"Step 1: Buy and hold

Step 2: Profit???"
696,C — Normative Pressure,top_score_136,"BUY AND HOLD
BUY AND HOLD"
748,C — Normative Pressure,centroid,REMINDER TO HOLD THE LINE FELLOW AUTIST THEIR SCARE TACTICS WILL NOT WORK 🤲💎🤲💎🤲💎🤲
748,C — Normative Pressure,centroid,REMINDER TO HOLD THE LINE FELLOW AUTIST THEIR SCARE TACTICS WILL NOT WORK 🤲💎🤲💎🤲💎🤲
748,C — Normative Pressure,centroid,REMINDER TO HOLD THE LINE FELLOW AUTIST THEIR SCARE TACTICS WILL NOT WORK 🤲💎🤲💎🤲💎🤲
748,C — Normative Pressure,top_score_129,"I saw the dip this morning and went to panic sell. I went to press the sell button, but it just kept making a clicking noise. It was at this point that I realized my hands were made out of solid fucking diamond. Long story short, still holding.

WE LIKE THE STOCK"
748,C — Normative Pressure,top_score_119,"Shares - Held

Dips - Bought

Hands - Diamond

Dick - Hard

Re - Tard"
748,C — Normative Pressure,top_score_94,"Should be juicy... I have 1700 shares at $15.00 each. I am in the red right now since I bought at it's higher price a few days ago. I am okay, though. Diamond Hands will pay off. Trust in the diamond."
759,B — Identity Framing,centroid,Is there a class action lawsuit for interactive brokers?
759,B — Identity Framing,centroid,Can foreigners join the US class action lawsuit? Also is there a lawsuit against interactive brokers?
759,B — Identity Framing,centroid,Time to sue these brokerages. How do we get a class action lawsuit started?
759,B — Identity Framing,top_score_8042,"how do we get involved in this lawsuit?  20 shares,  down 5k in 30min because of them.

(im green overall,  stop sending me hug awards lmao)"
759,B — Identity Framing,top_score_5464,They've really lost credit over the past week to an embarrassing level.
759,B — Identity Framing,top_score_1220,"Time to append the class action lawsuit. 


I LIKE THE STOCK"
778,C — Normative Pressure,centroid,"I bought at almost the high yesterday, with money it's taken me over a year to save. Watching it plummet toward $100 required some REAL testicular fortitude BUT IM STILL HOLDING STRONG. 💎🙌

🚀🚀🚀🚀🚀"
778,C — Normative Pressure,centroid,"I bought at almost the high yesterday, with money it's taken me over a year to save. Watching it plummet toward $100 required some REAL testicular fortitude BUT IM STILL HOLDING STRONG. 💎🙌

🚀🚀🚀🚀🚀"
778,C — Normative Pressure,centroid,"100 shares at $96

Bought at $19 and sold at $30. 
Bought at $40 and sold at $45. 

Learned my lesson. 

F."
778,C — Normative Pressure,top_score_607,I am at -$20 and I didn't even invest
778,C — Normative Pressure,top_score_263,"Was skeptical af when I saw people saying hold until 100. I now full well expect to see 1000$ by the end of the week.

Melvin capital is going to pay my fucking student loans off 🚀🚀🚀🚀🚀"
778,C — Normative Pressure,top_score_250,Actually I bought some shares at 130 today
782,C — Normative Pressure,centroid,He hasn’t made it yet. Hasn’t sold
782,C — Normative Pressure,centroid,HE HASN'T SOLD
782,C — Normative Pressure,centroid,He didnt sell! Legend!
782,C — Normative Pressure,top_score_502,"Hahahaah, I read this email a few mins ago. I’m like, “you know what I’m holding and my purchases recently, riiiiiight!?”"
782,C — Normative Pressure,top_score_360,"I mean, it looks like he sold?"
782,C — Normative Pressure,top_score_263,Whatever just tell him to buy
798,B — Identity Framing,centroid,need more ape banana
798,B — Identity Framing,centroid,Ape not alone? Many many banana.
798,B — Identity Framing,centroid,This monkie like his banana I never sell my bananas 🍌🦍🚀
798,B — Identity Framing,top_score_1889,He definitely gave hope to this Retarded Ape. Thanks DFV!!! Proud to have 💎🙌💎🙌💎🙌
798,B — Identity Framing,top_score_443,Ape can’t live on bananas alone   Buy some delicious movie theater popcorn!
798,B — Identity Framing,top_score_250,Ape hold banana till banana make ape happy
809,B — Identity Framing,centroid,THIS IS RETAIL’S BASTILLE
809,B — Identity Framing,centroid,Is this all retail???!!!
809,B — Identity Framing,centroid,not for retail
809,B — Identity Framing,top_score_1613,Yeah but the difference is that retail users don’t have a billion dollar lobby industry unlike certain cunt industries
809,B — Identity Framing,top_score_791,There seem to be whales on the long side. Retail is not doing this.
809,B — Identity Framing,top_score_609,They hate it when retail &gt;&gt; institutional power.
825,B — Identity Framing,centroid,Apes together strong
825,B — Identity Framing,centroid,"APES TOGETHER STRONG

APES TOGETHER STRONG

APES TOGETHER STRONG

APES TOGETHER STRONG

APES TOGETHER STRONG

APES TOGETHER STRONG

APES TOGETHER STRONG

APES TOGETHER STRONG

APES TOGETHER STRONG

APES TOGETHER STRONG"
825,B — Identity Framing,centroid,APES TOGETHER STRONG
825,B — Identity Framing,top_score_7911,APES TOGETHER STRONG
825,B — Identity Framing,top_score_1188,apes together strong
825,B — Identity Framing,top_score_601,APES TOGETHER STRONG
840,B — Identity Framing,centroid,Ape together stronk 🦧
840,B — Identity Framing,centroid,APE STRONK
840,B — Identity Framing,centroid,"APE STRONK!!!!
🦍💎🦍💎🦍💎🦍💎🦍💎🦍💎🦍💎💎🦍💎🦍💎🦍💎🦍🦍💎🦍💎🦍💎💎🦍"
840,B — Identity Framing,top_score_541,JUST BUY MORONS APE TOGETHER STRONK 🦍🦍🦍🦍
840,B — Identity Framing,top_score_419,"Together, ape stronk"
840,B — Identity Framing,top_score_404,APES TOGETHER ST~~R~~ONK
866,C — Normative Pressure,centroid,BB tendies to the moon.
866,C — Normative Pressure,centroid,Tendies to the moon
866,C — Normative Pressure,centroid,Tendies to the moon
866,C — Normative Pressure,top_score_510,Spaceship full of choccy milk and tendies.
866,C — Normative Pressure,top_score_168,"To the moon and it’s several seas, everybody’s lookin’ for tendies."
866,C — Normative Pressure,top_score_134,"Tendies are tasty. ✅ 

Dick super hard. ✅

Wife's boyfriend doubts me. ✅

We're going to Mars. ✅"
879,B — Identity Framing,centroid,WHO WILL THINK OF THE BILLIONAIRES?
879,B — Identity Framing,centroid,Fucking over billionaires?
879,B — Identity Framing,centroid,Billionaires : Please go back to 𝐌𝐎𝐍𝐊𝐄
879,B — Identity Framing,top_score_4522,"Did you think this would be easy, to take back everything that has been bled out from you, your family, your friends, over the years?

Did you think the final level of this game would be a cake walk?

Did you think that final boss would just roll over?

Did you think that they wouldn't call in reinforcements?

Did you think that to beat the final boss, you wouldn't have to go deep into the forest? To the bottom of the sea? To the edge of light?

Did you know that you are the hero of your story?

Did you know that you got to this point with a slingshot, a rock, and a mountain of courage?

Did you know that as you stared into that forest, into the bottom of that sea, with the light behind you and only darkness ahead, that millions of other heroes, just like you, appeared?

Did you know that those very rocks you hold, combined with everyone else’s rocks, can hammer the blade that [/u/DeepFuckingValue](https://www.reddit.com/u/DeepFuckingValue/) holds to the boss’s throat?

Did you know that you have gone further than anyone else has before? 

Do they not know this? 

Do they not know, that at 36, for the FIRST TIME in my life, i turned net worth positive through hard work despite terrible circumstances?

Do they not know that I poured all of my newfound positive net worth into this cause? 

Do they not know that I have seen poverty, food stamps, and dreams that I thought would never be fulfilled? 

Do they not know that I am willing to go back to that?

Hold. The. Fucking. Line.

“If you see me in a fight with a bear, pray for the bear”

Disclaimer: this is not financial advice"
879,B — Identity Framing,top_score_2401,My wife got laid off in ‘08 and has yet to regain full 40hr a week employment with healthcare. We are nearly 40 years old. She had a shitty 40hr job with no real benefits until about 5 years ago and now she has a job she loves but it’s &lt;30 hrs and doesn’t qualify for benefits. She’s insanely hardworking and talented. I’m getting into this for her. Fuck the suits.
879,B — Identity Framing,top_score_1815,"What's crazy is when we make a few thousand or more, we buy our first house, pay rent, feed our family, get braces, save for college, pay off college loans, pay off debt, help the community...

These billionaires? They count more money? Like wtf do you need so much for that you are willing to cheat and steal the American public by playing by immoral rules!"
893,C — Normative Pressure,centroid,Toilet paper hands
893,C — Normative Pressure,centroid,Do you have toilet paper hands???
893,C — Normative Pressure,centroid,Toilet paper hands
893,C — Normative Pressure,top_score_1430,Imagine paper handing now 😂
893,C — Normative Pressure,top_score_424,"""If your hands are weak, you let the fish escape. Now you cannot feed your family because your hands are just made of paper.""

Just like in the Chinese Proverbs."
893,C — Normative Pressure,top_score_295,I claim the toilet brush with individual bristles made from endangered animals hair.
915,A — Uncertainty Expressions,centroid,I feel ya brother 🚀
915,A — Uncertainty Expressions,centroid,Feel ya bro
915,A — Uncertainty Expressions,centroid,"I feel ya, bro!"
915,A — Uncertainty Expressions,top_score_696,I felt something too 🙌
915,A — Uncertainty Expressions,top_score_415,Yes and ur beautiful
915,A — Uncertainty Expressions,top_score_287,i feel this one‼️‼️‼️
944,C — Normative Pressure,centroid,HOLD THE LINE DO NOT SELL
944,C — Normative Pressure,centroid,Hold the line!! We are NOT done and we will NOT sell!
944,C — Normative Pressure,centroid,HOLD THE LINE. DO NOT SELL
944,C — Normative Pressure,top_score_1031,Time to raise your sell prices to 5 figures. No more mr nice guy
944,C — Normative Pressure,top_score_1022,Don't sell. Don't settle. Take these fuckers down to Main St.
944,C — Normative Pressure,top_score_657,"CLASS ACTION, AND DON'T SELL, HOLD THE LINE.

I AM NOT SELLING"
951,B — Identity Framing,centroid,Hold apes hold!!!!
951,B — Identity Framing,centroid,"If apes hold, apes win!"
951,B — Identity Framing,centroid,"IF APES HOLD, APES WIN!"
951,B — Identity Framing,top_score_2011,Hold the fucking line apes 🚀🚀🚀🚀🚀🚀🚀
951,B — Identity Framing,top_score_764,I’m new to this community but all the energy and support I’ve gotten from you guys has made me willing to die for you retards :) APES TOGETHER STRONG 💎🙌🏾
951,B — Identity Framing,top_score_283,retarded autistic apes unite
953,B — Identity Framing,centroid,"A PSA to the 📄 🙌🏼

Do you think $100/share is a lot of money? Fucking Hold.

Do you think $150/share is a lot of money? Fucking Hold.

If you see $300 a share and you want to puke all over your dick because you’ve never made so much money - Fucking Hold.

Do you want to punch the 1% in the face? Fucking Hold.

Do you want the assholes from 2008 to shit vehemently all over their $3000 dollar suits? Fucking Hold.

Do you want be a part of history and paint the walls of Valhalla green with your Benjamin’s? Fucking Hold.

Do you want to pay for your wife and her boyfriend’s wedding? Fucking Hold.

And for the love of god, if you see $1000 per share- Do. Not. GUHHHH!

This message was not brought to you by a financial advisor but an absolute fucking retard.

The shorters have to buy these shares from us eventually. The longer you hold, the higher the price you name. Do not sell and buy back in.

💎 ✋🏼 forever 🚀 🚀 🚀"
953,B — Identity Framing,centroid,"A PSA to the 📄 🙌🏼

Do you think $100/share is a lot of money? Fucking Hold.

Do you think $150/share is a lot of money? Fucking Hold.

If you see $300 a share and you want to puke all over your dick because you’ve never made so much money - Fucking Hold.

Do you want to punch the 1% in the face? Fucking Hold.

Do you want the assholes from 2008 to shit vehemently all over their $3000 dollar suits? Fucking Hold.

Do you want be a part of history and paint the walls of Valhalla green with your Benjamin’s? Fucking Hold.

Do you want to pay for your wife and her boyfriend’s wedding? Fucking Hold.

And for the love of god, if you see $1000 per share- Do. Not. GUHHHH!

This message was not brought to you by a financial advisor but an absolute fucking retard.

The shorters have to buy these shares from us eventually. The longer you hold, the higher the price you name. Do not sell and buy back in.

💎 ✋🏼 forever 🚀 🚀 🚀"
953,B — Identity Framing,centroid,I bought myself a boulder. Fuck the hedge funds.
953,B — Identity Framing,top_score_3743,"You there. Yeah you. The person reading this comment. Calm the fuck down. Seriously. You already know what you have to do. Hold that dang line. Wall Street is pulling out all the stops to make us wanna bail and sell our shares. Don’t give into them. Hold $GME. Don’t let them off the hook. We are in this together and it only works if we are TOGETHER. Don’t worry about the server or the discord. This was honestly to be expected. It’s a good sign not a bad sign. We are breaking the system lol and soon we will be paid for it.

Obligatory 🚀

Copied from a wallstreetbets brother on wallstreetbetsnew, but stick to this subreddit

Edit:  credit goes to u/MotorcycleDreamer"
953,B — Identity Framing,top_score_1737,"#A PSA to the 📄 🙌🏼 

Do you think $100/share is a lot of money? Fucking Hold.

Do you think $150/share is a lot of money? Fucking Hold.

If you see $300 a share and you want to puke all over your dick because you’ve never made so much money - Fucking Hold.

Do you want to punch the 1% in the face? Fucking Hold.

Do you want the assholes from 2008 to shit vehemently all over their $3000 dollar suits? Fucking Hold.

Do you want be a part of history and paint the walls of Valhalla green with your Benjamin’s? Fucking Hold.

Do you want to pay for your wife and her boyfriend’s wedding? Fucking Hold.

And for the love of god, if you see $1000 per share- Do. Not. GUHHHH!

This message was not brought to you by a financial advisor but an absolute fucking retard. 

The shorters have to buy these shares from us eventually. The longer you hold, the higher the price you name. Do not sell and buy back in.

Position: 138 shares at a cost basis of $46

💎 ✋🏼 forever 🚀 🚀 🚀

Edit: u/zjz can we get some flair up in here?"
953,B — Identity Framing,top_score_885,*BREAKING: US economy comes to a crashing halt as nearly the population calls in sick for work.*
978,C — Normative Pressure,centroid,going up. hold the line HOLD THE LINE
978,C — Normative Pressure,centroid,HOLD THE LINE HOLD THE LINE
978,C — Normative Pressure,centroid,Hold the line..... Hold line...... Holine
978,C — Normative Pressure,top_score_960,HOLD THE LINE
978,C — Normative Pressure,top_score_336,And hold the fucking line.
978,C — Normative Pressure,top_score_131,HOLD THE LINE
981,C — Normative Pressure,centroid,"Good thing These hands are not paper, then."
981,C — Normative Pressure,centroid,Are your hands made out of paper?
981,C — Normative Pressure,centroid,Hands of paper
981,C — Normative Pressure,top_score_221,The dude who gets his hand frozen had paper hands!!
981,C — Normative Pressure,top_score_181,they have paper hands
981,C — Normative Pressure,top_score_90,I dont understand. Are you talking about paper hands?
990,C — Normative Pressure,centroid,THREE MORE: DIAMOND FUCKING HANDS
990,C — Normative Pressure,centroid,DIAMOND FUCKING HANDS FERDA
990,C — Normative Pressure,centroid,$BCRX Diamond fucking hands
990,C — Normative Pressure,top_score_1446,DIAMOND FUCKING HANDS SAY IT WITH ME
990,C — Normative Pressure,top_score_1172,We sure do like that stock
990,C — Normative Pressure,top_score_1170,He doesn’t have diamond hands he has god damn diamondium hands
993,C — Normative Pressure,centroid,"BUY MORE. BB NOK AMC

BUY MORE. BB NOK AMC

BUY MORE. BB NOK AMC"
993,C — Normative Pressure,centroid,BUY MORE BUY FUCKING MORE.
993,C — Normative Pressure,centroid,BUY MORE BUY MORE
993,C — Normative Pressure,top_score_2275,Did you say buy more? Ok I’m in
993,C — Normative Pressure,top_score_605,i’d buy more if i could
993,C — Normative Pressure,top_score_373,BUY MORE
1007,B — Identity Framing,centroid,Buy CATT you apes
1007,B — Identity Framing,centroid,NOT SELLING! APES TOGETHER STRONG!
1007,B — Identity Framing,centroid,WE LIKE THE STOCK. APES STRONG TOGETHER 🦍 🦧 🐒
1007,B — Identity Framing,top_score_1151,"With our profits we could donate to great ape conservation, they're really in need of help. Orangutans are burned alive along with their jungle homes to make way to Palm oil plantations eventually owned by Wall Street hedge funds and their corrupt affiliates"
1007,B — Identity Framing,top_score_744,"Apes together strong, not selling out of spite. These mfkrs are in panic mode, they've broken about every financial law that exists to bankrupt us, but we shall prevail."
1007,B — Identity Framing,top_score_712,"Welcome fellow apes! If you've some how missed the memo.... BUY GME, HOLD GME WITH THOSE BEAUTIFUL DIAMOND APE HANDS.

That is all. Much love. &lt;3"
1038,B — Identity Framing,centroid,How do I join the class action lawsuit? I cant find it anywhere
1038,B — Identity Framing,centroid,How do i join in on the class action lawsuit?
1038,B — Identity Framing,centroid,Where do we go to join the class action lawsuit?
1038,B — Identity Framing,top_score_5692,"need to complain to all authorities you can find 
those who have time and money, please find a suitable lawyer for class action 
this is what redditors should do when the party ends"
1038,B — Identity Framing,top_score_4839,Forget class action I am thinking about just filing this lawsuit myself. Seems open and shutt.
1038,B — Identity Framing,top_score_2608,"I got $163 from a class action settlement that I'm throwing in from unpaid missed meal breaks while working @ GME.  
Deep irony."
1044,B — Identity Framing,centroid,BLACK BERRY
1044,B — Identity Framing,centroid,"BAREBACK FOR BLACK BERRY 

CONDOMS OFF FOR BLACK BERRY"
1044,B — Identity Framing,centroid,Black berry
1044,B — Identity Framing,top_score_469,"I can only bust so many nuts in 1 day, petition to rename black berry to black balls 🥵"
1044,B — Identity Framing,top_score_128,"Hold onto your Berries, Boys! 🚀"
1044,B — Identity Framing,top_score_114,🚀🚀🚀🚀🚀 APE ANTS STRONG TOGETHER  🚀🚀🚀🚀🚀
1067,B — Identity Framing,centroid,Retail investor lives matter
1067,B — Identity Framing,centroid,Retail Investor Revolution is go!
1067,B — Identity Framing,centroid,"These are your rules and the retail investor is winning.
Making retail investors great again.
Winning."
1067,B — Identity Framing,top_score_3283,This could actually lead to a overhaul of the legal landscape surrounding US financial markets. It’s huge
1067,B — Identity Framing,top_score_1094,Bootstraps make awfully good corporate topplers.
1067,B — Identity Framing,top_score_273,"It’s not about the returns, it’s about sending a message. Don’t over short retail by 140%, billionaires, stop expanding wealth by fucking poor people."
1102,C — Normative Pressure,centroid,Me too. DIAMOND HANDS
1102,C — Normative Pressure,centroid,DIAMOND HANDS ‼️‼️‼️🚀🚀🚀🙌🏽
1102,C — Normative Pressure,centroid,Diamond 💎 hands
1102,C — Normative Pressure,top_score_4643,"🤲🏻🤲🏻💎💎💎💎🤲🏻🤲🏻 sorry babe , I got Diamond hands"
1102,C — Normative Pressure,top_score_2603,"My wife's boyfriend said I can sleep at the foot of the bed tonight, a reward for having diamond hands."
1102,C — Normative Pressure,top_score_795,What lovely diamond hands you have!
1105,C — Normative Pressure,centroid,DIAMOND HANDS 💎💎💎
1105,C — Normative Pressure,centroid,DIAMOND HANDS ‼️💎🙌🏽
1105,C — Normative Pressure,centroid,DIAMOND HANDS 💎✋ DIAMOND HANDS 💎✋
1105,C — Normative Pressure,top_score_779,Diamond hands drill 💎🙌💎
1105,C — Normative Pressure,top_score_356,Mold those little hands into pure diamonds 💎👐💎👐💎👐💎👐💎👐
1105,C — Normative Pressure,top_score_259,Diamond hands baby 💎🙌🏼
1108,C — Normative Pressure,centroid,"IF DFV AND JA HOLDIN, I'M FUCKIN HOLDIN TOO  💎 🙌 🚀 🚀 🚀 🚀"
1108,C — Normative Pressure,centroid,HOLDIN~~~~~~~~🚀🚀🚀🚀
1108,C — Normative Pressure,centroid,Holdin my Konichiwod 💎
1108,C — Normative Pressure,top_score_1153,HOLD!!!!!!! TO THE MOON!!!! 💎🙌  🚀🚀🚀🚀🚀🚀🚀
1108,C — Normative Pressure,top_score_352,"💎🤲buy and hold, hold and buy🤲💎"
1108,C — Normative Pressure,top_score_226,HOLD IT TILL SHE ISNT WRONG‼️‼️
1149,C — Normative Pressure,centroid,FROM THE TOP ROPE
1149,C — Normative Pressure,centroid,$Rope
1149,C — Normative Pressure,centroid,Buy some ROPE now
1149,C — Normative Pressure,top_score_163,Melvin capital is about to buy puts on $ROPE
1149,C — Normative Pressure,top_score_98,"Melvin and friends investing hard in $ROPE

$GME gang🚀🚀🚀🚀🚀🚀
$BB gang 🚀🚀🚀🚀🚀
💎🙌"
1149,C — Normative Pressure,top_score_92,THANK GOD YOURE ALIVE I WAS ABOUT TO BUY $ROPE
1162,C — Normative Pressure,centroid,I have to admit I paper handed at $62.. just bought back in at $90 twice over what I put in originally! We're gonna ride this to the moon 🌝 💎✋🚀🚀🚀🚀🚀🚀🚀🚀🚀🚀🚀🚀🚀🚀🚀🚀🚀🚀🚀🚀🚀🚀🚀🚀🚀🚀🚀🚀🚀🚀🚀🚀🚀🚀🚀🚀🚀🚀🚀
1162,C — Normative Pressure,centroid,I have to admit I paper handed at $62.. just bought back in at $90 twice over what I put in originally! We're gonna ride this to the moon 🌝 💎✋🚀🚀🚀🚀🚀🚀🚀🚀🚀🚀🚀🚀🚀🚀🚀🚀🚀🚀🚀🚀🚀🚀🚀🚀🚀🚀🚀🚀🚀🚀🚀🚀🚀🚀🚀🚀🚀🚀🚀
1162,C — Normative Pressure,centroid,I have to admit I paper handed at $62.. just bought back in at $90 twice over what I put in originally! We're gonna ride this to the moon 🌝 💎✋🚀🚀🚀🚀🚀🚀🚀🚀🚀🚀🚀🚀🚀🚀🚀🚀🚀🚀🚀🚀🚀🚀🚀🚀🚀🚀🚀🚀🚀🚀🚀🚀🚀🚀🚀🚀🚀🚀🚀
1162,C — Normative Pressure,top_score_361,I just said screw it and bought my first share ever at $145. If it drops below $90 again I'll buy my 2nd ever share.
1162,C — Normative Pressure,top_score_160,"Paper handed bitches.

While you fuckers sold.

I bought more.

56 shares in.  Diamond FUCKING HAND this bitch."
1162,C — Normative Pressure,top_score_103,Same I bought 5 shares when it hit 160 and it closed in less than 5 minutes.
1165,C — Normative Pressure,centroid,BUY AND HOLD BUY AND HOLD 🚀🚀🚀
1165,C — Normative Pressure,centroid,"BUY AND HOLD, BUY AND HOLD 💎👐"
1165,C — Normative Pressure,centroid,"BUY AND HOLD
BUY AND HOLD
BUY AND HOLD

💎👐💎👐💎👐💎👐💎"
1165,C — Normative Pressure,top_score_2687,While you’re at it HOLD AND BUY 🚀🚀🚀
1165,C — Normative Pressure,top_score_580,🤲🏻💎 Hold and buy
1165,C — Normative Pressure,top_score_490,Buy and hold you beautiful fuck
1169,B — Identity Framing,centroid,One for DFV and one for Wall St!
1169,B — Identity Framing,centroid,I hope no one storms Wall St.
1169,B — Identity Framing,centroid,Where we are going you will be wall st
1169,B — Identity Framing,top_score_3209,"The financial revolution started in January 2021...

C'mon, let's all get in so we can proudly explain our grandchildren we participated!"
1169,B — Identity Framing,top_score_727,"Nobody on Wallstreetbets has time to storm a small government building or whatever, we are doing far more important stuff"
1169,B — Identity Framing,top_score_616,"Have you just deciphered the tweet of our overlord COHEN

he tweeted 🥜 because he wanted to tell us all our previous gains were just peanuts for what is to come !!!!!!"
1228,B — Identity Framing,centroid,MONKEY MONKEY MANKEY?
1228,B — Identity Framing,centroid,Monkey
1228,B — Identity Framing,centroid,monkey go ooga bogga to the moon
1228,B — Identity Framing,top_score_2882,Dawn of the Apes
1228,B — Identity Framing,top_score_1631,🦍🦍🦍🦍🚀🚀🚀🚀 gorilla fly to the moon with us.
1228,B — Identity Framing,top_score_312,"The monkeys finally figured out how to open the box with all the toys in it 

The ringmasters are shitting their pants"
1239,B — Identity Framing,centroid,"When Robinhood turned off buy orders, it decimated the orderbook and allowed hedgefunds to dump the stock into everyone's stop losses. Once everyone was stopped out, the funds most likely rebought on the way back up from $125. This is market manipulation."
1239,B — Identity Framing,centroid,"When Robinhood turned off buy orders, it decimated the orderbook and allowed hedgefunds to dump the stock into everyone's stop losses. Once everyone was stopped out, the funds most likely rebought on the way back up from $125. This is market manipulation."
1239,B — Identity Framing,centroid,"When Robinhood turned off buy orders, it decimated the orderbook and allowed hedgefunds to dump the stock into everyone's stop losses. Once everyone was stopped out, the funds most likely rebought on the way back up from $125. This is market manipulation."
1239,B — Identity Framing,top_score_1042,"When Robinhood turned off buy orders, it decimated the orderbook and allowed hedgefunds to dump the stock into everyone's stop losses. Once everyone was stopped out, the funds most likely rebought on the way back up from $125. This is market manipulation."
1239,B — Identity Framing,top_score_346,In
1239,B — Identity Framing,top_score_151,"When Robinhood turned off buy orders, it decimated the orderbook and allowed hedgefunds to dump the stock into everyone's stop losses. Once everyone was stopped out, the funds most likely rebought on the way back up from $125. This is market manipulation."
1277,A — Uncertainty Expressions,centroid,Same thing happened to me.
1277,A — Uncertainty Expressions,centroid,Same thing happened to me
1277,A — Uncertainty Expressions,centroid,Same thing happened to me
1277,A — Uncertainty Expressions,top_score_815,"MINE DID THE SAME, RIGHT DURING THE FUCKING ATTACK

I FUCKING KNEW THEY WOULD DO IT TOO, AND ITS MY FAULT I DIDNT EXERCISE SOONER"
1277,A — Uncertainty Expressions,top_score_87,Bruh same thing happened to me wtf
1277,A — Uncertainty Expressions,top_score_78,OUR HERO
1281,C — Normative Pressure,centroid,Hold god dammit
1281,C — Normative Pressure,centroid,HOLD GOD DAMMIT
1281,C — Normative Pressure,centroid,HOLD GOD DAMMIT.
1281,C — Normative Pressure,top_score_2719,"#GUYS THIS IS IT. 

#THIS IS THEIR BIG ATTEMPT TO SHAKE OUT THE WEAK HANDS

#DON'T FALL FOR IT. MAKE THEM BLEED.

#HOLD."
1281,C — Normative Pressure,top_score_443,"#STOP GIVING UP. YALL BECOMING PAPER HAND BITCHES. HOOOOLD THE LINE THEY CANNOT KEEP IT UP, WE WILL WIN"
1281,C — Normative Pressure,top_score_339,"**HOLD THE LINE, BITCHES.**"
1289,B — Identity Framing,centroid,"**Melvin Capital lost tremendous amounts of money due to over-extended shorting of Gamestock (GME) stock. Retail investors discovered this and began buying the security to leverage against their position. Melvin Capital was granted close to 2.7 billion dollars in loans by Citadel Securities, LLC (investment firm) for liquidity.**

**Citadel Securities (market maker) processes ROBINHOOD FINANCIAL, LLC’s transactions. To prevent further losses, they potentially pressured Robinhood to restrict buying of specific stocks such as GME, AMC, NOK, and others by retail investors. As of 1/28, GME is specifically blocked from being bought on Robinhood - an unprecedented event following no actual SEC rules or Robinhood terms and conditions.**

**Other retail trading sites continue to allow trades - this is Robinhood specifically curtailing market action, likely under specific pressure from Citadel and Citadel Securities.**
**Note that although they are separate corporate entities, Citadel and Citadel Securities are owned by the same individual - Ken Griffin.**

**These companies seem to be colluding behind the scenes to block legitimate investment actions by individuals, to their own profit. Their communications may reveal this manipulation.**

**Thus:**
**We make the argument that Robinhood Financial, LLC in coordination with Citadel Securites, LLC and Melvin Capital Management, LP willfully engaged in market manipulation by restricting buying power of the security GME by actionably preventing its users from exercising their financial leverage to cover their position. This has resulted in immeasurable losses to millions of users unable to trade the security in a way that is financially in their best interest according to their own belief.**

**Please investigate communications between this brokerage and the hedge funds who fund them and would likely profit off of the restricted trading of the security.**"
1289,B — Identity Framing,centroid,"**Melvin Capital lost tremendous amounts of money due to over-extended shorting of Gamestock (GME) stock. Retail investors discovered this and began buying the security to leverage against their position. Melvin Capital was granted close to 2.7 billion dollars in loans by Citadel Securities, LLC (investment firm) for liquidity.**

**Citadel Securities (market maker) processes ROBINHOOD FINANCIAL, LLC’s transactions. To prevent further losses, they potentially pressured Robinhood to restrict buying of specific stocks such as GME, AMC, NOK, and others by retail investors. As of 1/28, GME is specifically blocked from being bought on Robinhood - an unprecedented event following no actual SEC rules or Robinhood terms and conditions.**

**Other retail trading sites continue to allow trades - this is Robinhood specifically curtailing market action, likely under specific pressure from Citadel and Citadel Securities.**
**Note that although they are separate corporate entities, Citadel and Citadel Securities are owned by the same individual - Ken Griffin.**

**These companies seem to be colluding behind the scenes to block legitimate investment actions by individuals, to their own profit. Their communications may reveal this manipulation.**

**Thus:**
**We make the argument that Robinhood Financial, LLC in coordination with Citadel Securites, LLC and Melvin Capital Management, LP willfully engaged in market manipulation by restricting buying power of the security GME by actionably preventing its users from exercising their financial leverage to cover their position. This has resulted in immeasurable losses to millions of users unable to trade the security in a way that is financially in their best interest according to their own belief.**

**Please investigate communications between this brokerage and the hedge funds who fund them and would likely profit off of the restricted trading of the security.**"
1289,B — Identity Framing,centroid,"**Melvin Capital lost tremendous amounts of money due to over-extended shorting of Gamestock (GME) stock. Retail investors discovered this and began buying the security to leverage against their position. Melvin Capital was granted close to 2.7 billion dollars in loans by Citadel Securities, LLC (investment firm) for liquidity.**

**Citadel Securities (market maker) processes ROBINHOOD FINANCIAL, LLC’s transactions. To prevent further losses, they potentially pressured Robinhood to restrict buying of specific stocks such as GME, AMC, NOK, and others by retail investors. As of 1/28, GME is specifically blocked from being bought on Robinhood - an unprecedented event following no actual SEC rules or Robinhood terms and conditions.**

**Other retail trading sites continue to allow trades - this is Robinhood specifically curtailing market action, likely under specific pressure from Citadel and Citadel Securities.**
**Note that although they are separate corporate entities, Citadel and Citadel Securities are owned by the same individual - Ken Griffin.**

**These companies seem to be colluding behind the scenes to block legitimate investment actions by individuals, to their own profit. Their communications may reveal this manipulation.**

**Thus:**
**We make the argument that Robinhood Financial, LLC in coordination with Citadel Securites, LLC and Melvin Capital Management, LP willfully engaged in market manipulation by restricting buying power of the security GME by actionably preventing its users from exercising their financial leverage to cover their position. This has resulted in immeasurable losses to millions of users unable to trade the security in a way that is financially in their best interest according to their own belief.**

**Please investigate communications between this brokerage and the hedge funds who fund them and would likely profit off of the restricted trading of the security.**"
1289,B — Identity Framing,top_score_411,Anyone else think Gamestop may be able to sue Robinhood in the future?
1289,B — Identity Framing,top_score_385,You have my dildo.
1289,B — Identity Framing,top_score_226,"**Melvin Capital lost tremendous amounts of money due to over-extended shorting of Gamestock (GME) stock. Retail investors discovered this and began buying the security to leverage against their position. Melvin Capital was granted close to 2.7 billion dollars in loans by Citadel Securities, LLC (investment firm) for liquidity.**

**Citadel Securities (market maker) processes ROBINHOOD FINANCIAL, LLC’s transactions. To prevent further losses, they potentially pressured Robinhood to restrict buying of specific stocks such as GME, AMC, NOK, and others by retail investors. As of 1/28, GME is specifically blocked from being bought on Robinhood - an unprecedented event following no actual SEC rules or Robinhood terms and conditions.**

**Other retail trading sites continue to allow trades - this is Robinhood specifically curtailing market action, likely under specific pressure from Citadel and Citadel Securities.**
**Note that although they are separate corporate entities, Citadel and Citadel Securities are owned by the same individual - Ken Griffin.**

**These companies seem to be colluding behind the scenes to block legitimate investment actions by individuals, to their own profit. Their communications may reveal this manipulation.**

**Thus:**
**We make the argument that Robinhood Financial, LLC in coordination with Citadel Securites, LLC and Melvin Capital Management, LP willfully engaged in market manipulation by restricting buying power of the security GME by actionably preventing its users from exercising their financial leverage to cover their position. This has resulted in immeasurable losses to millions of users unable to trade the security in a way that is financially in their best interest according to their own belief.**

**Please investigate communications between this brokerage and the hedge funds who fund them and would likely profit off of the restricted trading of the security.**"
1291,B — Identity Framing,centroid,APES TOGETHER STRONG. 🦍
1291,B — Identity Framing,centroid,Apes have all banana. Apes together strong. Apes have 💎🤚
1291,B — Identity Framing,centroid,APES TOGETHER STRONG! APES TOGETHER STRONG! 🦍🦍🦍
1291,B — Identity Framing,top_score_9004,APES TOGETHER STRONG! 💎🙌🏾
1291,B — Identity Framing,top_score_2800,APES TOGETHER STRONG 🦍🦍🦍🦍🦍🦍
1291,B — Identity Framing,top_score_1595,APES  TOGETHER STRONG 🦍🦍
1321,B — Identity Framing,centroid,"This is our time.

The better angels will prevail.

GME is helping educate and heal the nation.

We will rise up united, and together over this.

The darkness will not overtake the light.

We stand together, united on the eve of a new community.

The dawn of traders and investors from all walks of life, color and creed.

Sticks and stones may break us, words may cut our souls.

We embrace the warmth of tendies and our shared brotherhood.

We speak the truth to the power, that at this moment, is trying to wrest this revolution from our hands. And to dash us to the ground, and snuff out of breath with a callous hand.

We can build a better tomorrow to be proud of, with all of us, together. 🚀🚀🚀🚀🚀🚀"
1321,B — Identity Framing,centroid,"This is our time.

The better angels will prevail.

GME is helping educate and heal the nation.

We will rise up united, and together over this.

The darkness will not overtake the light.

We stand together, united on the eve of a new community.

The dawn of traders and investors from all walks of life, color and creed.

Sticks and stones may break us, words may cut our souls.

We embrace the warmth of tendies and our shared brotherhood.

We speak the truth to the power, that at this moment, is trying to wrest this revolution from our hands. And to dash us to the ground, and snuff out of breath with a callous hand.

We can build a better tomorrow to be proud of, with all of us, together. 🚀🚀🚀🚀🚀🚀"
1321,B — Identity Framing,centroid,"This is our time.

The better angels will prevail.

GME is helping educate and heal the nation.

We will rise up united, and together over this.

The darkness will not overtake the light.

We stand together, united on the eve of a new community.

The dawn of traders and investors from all walks of life, color and creed.

Sticks and stones may break us, words may cut our souls.

We embrace the warmth of tendies and our shared brotherhood.

We speak the truth to the power, that at this moment, is trying to wrest this revolution from our hands. And to dash us to the ground, and snuff out of breath with a callous hand.

We can build a better tomorrow to be proud of, with all of us, together. 🚀🚀🚀🚀🚀🚀"
1321,B — Identity Framing,top_score_4927,"The working class standing up for themselves and helping society while making the 1% freak out.

This is the way. I really like the stock.

🚀

Edit * 🚀 🚀 🚀🚀 🚀 🚀🚀 🚀 🚀*"
1321,B — Identity Framing,top_score_4655,"Yeah I only have like 18 shares in the game. But what's fun is that after last year, where the world felt at its most divided it's ever been, this is the most unified moment I've felt in a long time. I've never seen such broad coalition of internet dumbasses; people from all over the political spectrum, all over the world, some people just here for meme, others for a statement or life-changing windfall, just come together for one big middle finger to the elites. 

The ride will probably end sometime soon, and we'll all be at each others throats again, but I think the world needed at least this one moment to come together and do something stupid together after having been separated literally and figuratively for so long. No matter what happens, I'll at least always have fond memories of the few weeks traveling together on a 💎 rocket ship with a bunch of other idiots with just one tendie-laden destination in mind."
1321,B — Identity Framing,top_score_4012,"Same. I even studied accounting and finance in order to understand what the fuck was happening so I could avoid the same pain my parents experienced. What I learned and the types of people I met in that finance program disgusted me. Forget republican/democrat, left/right... the bankers play both sides and have almost always come out on top.

Occupy Wall Street was a misguided, but earnest airing of grievances. This time we’re actually hitting them where it hurts. KEEP HODLING 🚀🚀🚀🚀"
1324,B — Identity Framing,centroid,BUY BUY APES STRONG TOGETHER
1324,B — Identity Framing,centroid,"Bought 1 more with the last of what I had.  
APES TOGETHER STRONG!!"
1324,B — Identity Framing,centroid,Bought more.  Apes strong
1324,B — Identity Framing,top_score_828,"This is bigger than money now man. This is fucking bigger. This is history, and you know what? These hedge-fund **fucks** are doubting your values, my values, the AVERAGE JOE'S VALUES. They are trying to call our bluffs.

They think fundamentally that we are greedy little rats, and if they bluff us hard enough, we will sell and give up and crawl back home.

Fuck them. Fuck all of them. Fuck this system. I bought in to make some quick lucky cash, I can admit that. But I'm fucking **staying in** and **buying more** because ***fuck them.***

***Apes. Fucking. Strong. Together. They'll see. They're SEEING.***"
1324,B — Identity Framing,top_score_451,"This is bigger than money now man, this is fucking bigger. I'm pissed. I knew this shit was corrupt, we all knew it - but they are **so blatantly and obviously** corrupt after today, I'm actually speechless.

***Fuck money. Fuck selling. Fuck profits. We're making history, and I'm here for it until the end.***  


**Apes. Strong. Together.**"
1324,B — Identity Framing,top_score_339,"DON'T LET THE GENERATION THAT CAN'T CONVERT TO PDF PLAY WITH YOUR MIND! HOLD!!!

You must be shapeless, formless, like an ape brain. When you argue with an ape to sell, it goes full retard. When you tell the ape it's a dip, it buys even more. When you think ape hands are made of coal, it becomes diamonds 💎. Ape can hold and it can reach the stars 🚀. Become like ape my friend.

 • Bruce ape lee."
1337,C — Normative Pressure,centroid,HOLD THE LINE
1337,C — Normative Pressure,centroid,HOLD THE LINE
1337,C — Normative Pressure,centroid,HOLD THE LINE. GIVE THEM NOTHING. BUT TAKE FROM THEM EVERYTHING.
1337,C — Normative Pressure,top_score_647,HOLD THE LINE
1337,C — Normative Pressure,top_score_322,EVERYBODY HOLD!!!!!!!!!!!!!! HOLD THE FUCKING LINE!!!! FUCK THESE BASTARDS! POPCORN AND HANDIES AWAIT!!!!!!!!!! 💎🙌🚀🚀🚀 💎🙌🚀🚀🚀 💎🙌🚀🚀🚀 💎🙌🚀🚀🚀 💎🙌🚀🚀🚀 💎🙌🚀🚀🚀 💎🙌🚀🚀🚀 💎🙌🚀🚀🚀 💎🙌🚀🚀🚀 💎🙌🚀🚀🚀 💎🙌🚀🚀🚀 💎🙌🚀🚀🚀 💎🙌🚀🚀🚀 💎🙌🚀🚀🚀 💎🙌🚀🚀🚀 💎🙌🚀🚀🚀 💎🙌🚀🚀🚀 💎🙌🚀🚀🚀 💎🙌🚀🚀🚀 💎🙌🚀🚀🚀 💎🙌🚀🚀🚀 💎🙌🚀🚀🚀 💎🙌🚀🚀🚀 💎🙌🚀🚀🚀 💎🙌🚀🚀🚀 💎🙌🚀🚀🚀 💎🙌🚀🚀🚀 💎🙌🚀🚀🚀 💎🙌🚀🚀🚀 💎🙌🚀🚀🚀 💎🙌🚀🚀🚀 💎🙌🚀🚀🚀 💎🙌🚀🚀🚀 💎🙌🚀🚀🚀 💎🙌🚀🚀🚀 💎🙌🚀🚀🚀 💎🙌🚀🚀🚀 💎🙌🚀🚀🚀 💎🙌🚀🚀🚀 💎🙌🚀🚀🚀 💎🙌🚀🚀🚀 💎🙌🚀🚀🚀 💎🙌🚀🚀🚀 💎🙌🚀🚀🚀 💎🙌🚀🚀🚀 💎🙌🚀🚀🚀 💎🙌🚀🚀🚀 💎🙌🚀🚀🚀 💎🙌🚀🚀🚀 💎🙌🚀🚀🚀 💎🙌🚀🚀🚀 💎🙌🚀🚀🚀 💎🙌🚀🚀🚀 💎🙌🚀🚀🚀 💎🙌🚀🚀🚀 💎🙌🚀🚀🚀 💎🙌🚀🚀🚀 💎🙌🚀🚀🚀 💎🙌🚀🚀🚀 💎🙌🚀🚀🚀 💎🙌🚀🚀🚀 💎🙌🚀🚀🚀 💎🙌🚀🚀🚀 💎🙌🚀🚀🚀 💎🙌🚀🚀🚀 💎🙌🚀🚀🚀 💎🙌🚀🚀🚀 💎🙌🚀🚀🚀 💎🙌🚀🚀🚀 💎🙌🚀🚀🚀 💎🙌🚀🚀🚀 💎🙌🚀🚀🚀 💎🙌🚀🚀🚀 💎🙌🚀🚀🚀 💎🙌🚀🚀🚀 💎🙌🚀🚀🚀 💎🙌🚀🚀🚀 💎🙌🚀🚀🚀 💎🙌🚀🚀🚀 💎🙌🚀🚀🚀 💎🙌🚀🚀🚀 💎🙌🚀🚀🚀 💎🙌🚀🚀🚀 💎🙌🚀🚀🚀 💎🙌🚀🚀🚀 💎🙌🚀🚀🚀 💎🙌🚀🚀🚀 💎🙌🚀🚀🚀 💎🙌🚀🚀🚀 💎🙌🚀🚀🚀 💎🙌🚀🚀🚀 💎🙌🚀🚀🚀 💎🙌🚀🚀🚀 💎🙌🚀🚀🚀 💎🙌🚀🚀🚀 💎🙌🚀🚀🚀 💎🙌🚀🚀🚀 💎🙌🚀🚀🚀 💎🙌🚀🚀🚀 💎🙌🚀🚀🚀 💎🙌🚀🚀🚀 💎🙌🚀🚀🚀 💎🙌🚀🚀🚀 💎🙌🚀🚀🚀 💎🙌🚀🚀🚀 💎🙌🚀🚀🚀 💎🙌🚀🚀🚀 💎🙌🚀🚀🚀 💎🙌🚀🚀🚀 💎🙌🚀🚀🚀 💎🙌🚀🚀🚀 💎🙌🚀🚀🚀 💎🙌🚀🚀🚀 💎🙌🚀🚀🚀 💎🙌🚀🚀🚀 💎🙌🚀🚀🚀 💎🙌🚀🚀🚀 💎🙌🚀🚀🚀 💎🙌🚀🚀🚀 💎🙌🚀🚀🚀 💎🙌🚀🚀🚀 💎🙌🚀🚀🚀 💎🙌🚀🚀🚀 💎🙌🚀🚀🚀 💎🙌🚀🚀🚀 💎🙌🚀🚀🚀 💎🙌🚀🚀🚀 💎🙌🚀🚀🚀 💎🙌🚀🚀🚀 💎🙌🚀🚀🚀 💎🙌🚀🚀🚀 💎🙌🚀🚀🚀 💎🙌🚀🚀🚀 💎🙌🚀🚀🚀 💎🙌🚀🚀🚀 💎🙌🚀🚀🚀 💎🙌🚀🚀🚀 💎🙌🚀🚀🚀 💎🙌🚀🚀🚀 💎🙌🚀🚀🚀 💎🙌🚀🚀🚀 💎🙌🚀🚀🚀 💎🙌🚀🚀🚀 💎🙌🚀🚀🚀 💎🙌🚀🚀🚀 💎🙌🚀🚀🚀 💎🙌🚀🚀🚀 💎🙌🚀🚀🚀 💎🙌🚀🚀🚀 💎🙌🚀🚀🚀 💎🙌🚀🚀🚀 💎🙌🚀🚀🚀 💎🙌🚀🚀🚀 💎🙌🚀🚀🚀 💎🙌🚀🚀🚀 💎🙌🚀🚀🚀 💎🙌🚀🚀🚀
1337,C — Normative Pressure,top_score_175,HOLD THE LINE
1350,B — Identity Framing,centroid,We need join a class action lawsuit against robinhood.
1350,B — Identity Framing,centroid,Can't wait for my tendies to come after this Robinhood class action lawsuit.
1350,B — Identity Framing,centroid,Class action lawsuit!!! Down with Robinhood
1350,B — Identity Framing,top_score_372,JAIL TIME FOR ROBINHOOD AND HEDGEFUND FUCKS!!!
1350,B — Identity Framing,top_score_299,r/RobinHoodLawsuit
1350,B — Identity Framing,top_score_291,"I honestly think it’s a Russian troll. Especially with the segway into bashing the Biden administration with conspiracies.

In one of their comments, they accidentally used British spelling for “favour” instead of American “favor” which leads me to believe it’s some kind of foreign troll taking advantage of the craziness here.

Edit: https://www.reddit.com/r/ClassActionRobinHood/comments/l723kf/robinhood_insider_information/gl4ctcd/?utm_source=share&amp;utm_medium=ios_app&amp;utm_name=iossmf&amp;context=3"
1351,A — Uncertainty Expressions,centroid,At least you understand the conundrum
1351,A — Uncertainty Expressions,centroid,I dont understand because I understand only one thing. HhhhOoooooLllllllDdddd 🤪🚀
1351,A — Uncertainty Expressions,centroid,I suspect you dont know what youre talking about
1351,A — Uncertainty Expressions,top_score_318,"&gt;I do not think you understand

You could stop there bro I don't understand shit"
1351,A — Uncertainty Expressions,top_score_119,do I look like I understand this shit?
1351,A — Uncertainty Expressions,top_score_84,He has no idea what he’s talking about
1365,B — Identity Framing,centroid,The price if hedges werent selling off to scare us.
1365,B — Identity Framing,centroid,Hold to beat the hedges.
1365,B — Identity Framing,centroid,"I’m holding my 15 strong, let them hedges panic attack us all they want 💎🙌🏼💎🙌🏼"
1365,B — Identity Framing,top_score_950,"This thread should be at the top of this sub. 

We know there will be bag holders losing thousands at the end. Since we're not allowed to collude and ""We like this stock"" is our motivation, it's all about individuals choosing their own exit risks..

Were not gonna blame DeepFuckingValue for selling. The dude just liked this play since 2019 and held when he was as high as 53 million. 

Jokes aside about waiting till 31000/share, we don't want to see our WSB home turn to blood because ppl finally sold."
1365,B — Identity Framing,top_score_754,"The power isn't in the billionaires hands. If it was do you think they would have let the price get to the 300+ level it is at now. Of course there's a fight, its a market but don't assume that the big guys can do whatever they want -- they have tried over the past 72 hours and they've failed. No one knows what next week will bring. but stock holders are in a better position than they were 2 days ago. the price is holding strong"
1365,B — Identity Framing,top_score_400,"Look at the charts, bud. Also, listen to someone more knowledgeable than us and don't lose yourself to fear: [https://www.youtube.com/watch?v=60H-NmTDKc4](https://www.youtube.com/watch?v=60H-NmTDKc4)  
Hedges will have to buy +30m shares tomorrow to cover for their options expiring."
1386,C — Normative Pressure,centroid,Buy and hold buy and hold
1386,C — Normative Pressure,centroid,Buy and hold buy and hold
1386,C — Normative Pressure,centroid,BUY AND HOLD BUY AND HOLD
1386,C — Normative Pressure,top_score_194,BUY AND HOLD 💎🤲
1386,C — Normative Pressure,top_score_70,I don’t speak Canadian come someone translate this post? Buy and hold? Idk
1386,C — Normative Pressure,top_score_46,BUY and HOLD
1461,B — Identity Framing,centroid,"I'm starting to think that Hedge Founds have control on  everywhere in the market.
sec, broker, politics, news.
So if they control everything it's just us against everyone.
They're trying to stop us but we wont stop we dont stop GAMESTOP🚀🚀BB 🚀🚀AMC🚀🚀"
1461,B — Identity Framing,centroid,"I'm starting to think that Hedge Founds have control on  everywhere in the market.
sec, broker, politics, news.
So if they control everything it's just us against everyone.
They're trying to stop us but we wont stop we dont stop GAMESTOP🚀🚀BB 🚀🚀AMC🚀🚀"
1461,B — Identity Framing,centroid,"I'm starting to think that Hedge Founds have control on  everywhere in the market.
sec, broker, politics, news.
So if they control everything it's just us against everyone.
They're trying to stop us but we wont stop we dont stop GAMESTOP🚀🚀BB 🚀🚀AMC🚀🚀"
1461,B — Identity Framing,top_score_7417,"My 3 year old daughter heard this story and turned to me and said, ""Institutional investors are often caught flat footed in the moves that later are seen as epoch-defining. This is not to be construed as financial advice."""
1461,B — Identity Framing,top_score_7267,"This situations reminds me so much of the housing crash, normal people trying to use market conditions to their advantage, and the banks just manipulating the situation to max profit. When it all came crashing down the normal people were blamed, the banks protected, and real peoples lives ruined.

Moral of the story, when this starts to really hurt the funds the rules will be changed, the funds will get bailed out, and regular people will be ruined. 

If you think it will be different you are kidding yourself, the exact same people are in charge now as were in charge then. Make money while you can, they won't allow this very soon."
1461,B — Identity Framing,top_score_887,"blood is in the water.  Naked shorts are getting SMOKED!  They are crooks that have been doing the exact same thing for years, now watch them all cry like babies when they are loosing billions.  You reap what you sow my dudes!!   Lets get this MRF'N MONEY!!"
1473,C — Normative Pressure,centroid,Diamond fucking hands
1473,C — Normative Pressure,centroid,DIAMOND FUCKING HANDS
1473,C — Normative Pressure,centroid,DIAMOND FUCKING HANDS
1473,C — Normative Pressure,top_score_232,Holding!!!!
1473,C — Normative Pressure,top_score_166,Woooo! 3.4 holding!
1473,C — Normative Pressure,top_score_84,diamond fucking hands!
1500,C — Normative Pressure,centroid,"Buy high, sell low !"
1500,C — Normative Pressure,centroid,"BUY HIGH, SELL LOW!"
1500,C — Normative Pressure,centroid,BUY HIGH SELL LOW
1500,C — Normative Pressure,top_score_282,"Buy high buy low, sell nothing"
1500,C — Normative Pressure,top_score_197,This makes me want to buy high sell low.
1500,C — Normative Pressure,top_score_165,"Sometimes down too.  But mostly up.

The secret is to *looks at note card* buy low and sell high"
1512,C — Normative Pressure,centroid,DAVEY PAGEVIEWS WITH THE DIAMOND HANDS
1512,C — Normative Pressure,centroid,this made me cry. diamond hands.
1512,C — Normative Pressure,centroid,Diamond hands? Diamond Bods.
1512,C — Normative Pressure,top_score_543,"There’s diamond hands, and then there’s you with diamond balls."
1512,C — Normative Pressure,top_score_105,They never met people with diamond hands
1512,C — Normative Pressure,top_score_89,ICEE = DIAMOND HANDS
1513,C — Normative Pressure,centroid,".　　　　　　　　　　 ✦ 　　　　   　 　　　˚　　　　　　　　　　　　　　\*　　　　　　   　　　　　　　　　　　　　　　.　　　　　　　　　　　　　　. 　　 　　　　　　　 ✦ 　　　　　　　　　　 　 ‍ ‍ ‍ ‍ 　　　　 　　　　　　　　　　　　,　　   　

.　　　　　　　　　　　　　.　　　ﾟ　  　　　.　　　　　　　　　　　☀️If we hold　　.

,　　　　　　　.　　　　　　    　　　　 　　　　　　　　　　　　　　　　　　  　　　　　　　　　　　　　　　　　　    　      　　　　　        　　　

　　　　　　　　　　. 　　　　　　　　　　.　　　　　　　　　　　　　. 　　　　　　　　　　　　　　　　       　   　　　　 　　　　　　　　　　　　　　　　       　   　　　　　　　　　　　　　　　　       　    ✦ 　   　　　,　　　　　　　　　　　    🚀 $GME 　　　　 　　,　　　 ‍ ‍ ‍ ‍ 　 　　　　　　　　　　　　.　　　　　 　　 　　　.　　　　　　　　　　　　　 　           　　　　　　　　　　　　　　　　　　　˚　　　 　   　　　　,　　　　　　　　　　　       　    　　　　　　　　　　　　　　　　.　　　  　　    　　　　　 　　　　　.　　　　　　　　　　　　　.　　　　　　　　　　　　　　　\* 　　   　　　　　 ✦ 　　　　　　　         　        　　　　 　　 　　　　　　　 　　　　　.　　　　　　　　　　　　　　　　　　.　　　　　    　　. 　 　　　　　.　　　　 🌑 　　　　　   　　　　　.　　　　　　　　　　　.　　　　　　　　　　   　

˚　　　　　　　　　　　　　　　　　　　　　ﾟ　　　　　.　　　　　　　　　　　　　　　. 　　 　 🌎 ‍ ‍ If we sell ‍ ‍ ‍ ‍ ‍ ‍ ‍ ,　 　　　　　　　　　　　　　　\* .　　　　　 　　　　　　　　　　　　　　.　　　　　　　　　　 ✦ 　　　　   　 　　　˚　　　　　　　　　　　　　　\*　　　　　　   　　　　　　　　　　　　　　　."
1513,C — Normative Pressure,centroid,".　　　　　　　　　　 ✦ 　　　　   　 　　　˚　　　　　　　　　　　　　　\*　　　　　　   　　　　　　　　　　　　　　　.　　　　　　　　　　　　　　. 　　 　　　　　　　 ✦ 　　　　　　　　　　 　 ‍ ‍ ‍ ‍ 　　　　 　　　　　　　　　　　　,　　   　

.　　　　　　　　　　　　　.　　　ﾟ　  　　　.　　　　　　　　　　　☀️If we hold　　.

,　　　　　　　.　　　　　　    　　　　 　　　　　　　　　　　　　　　　　　  　　　　　　　　　　　　　　　　　　    　      　　　　　        　　　

　　　　　　　　　　. 　　　　　　　　　　.　　　　　　　　　　　　　. 　　　　　　　　　　　　　　　　       　   　　　　 　　　　　　　　　　　　　　　　       　   　　　　　　　　　　　　　　　　       　    ✦ 　   　　　,　　　　　　　　　　　    🚀 $GME 　　　　 　　,　　　 ‍ ‍ ‍ ‍ 　 　　　　　　　　　　　　.　　　　　 　　 　　　.　　　　　　　　　　　　　 　           　　　　　　　　　　　　　　　　　　　˚　　　 　   　　　　,　　　　　　　　　　　       　    　　　　　　　　　　　　　　　　.　　　  　　    　　　　　 　　　　　.　　　　　　　　　　　　　.　　　　　　　　　　　　　　　\* 　　   　　　　　 ✦ 　　　　　　　         　        　　　　 　　 　　　　　　　 　　　　　.　　　　　　　　　　　　　　　　　　.　　　　　    　　. 　 　　　　　.　　　　 🌑 　　　　　   　　　　　.　　　　　　　　　　　.　　　　　　　　　　   　

˚　　　　　　　　　　　　　　　　　　　　　ﾟ　　　　　.　　　　　　　　　　　　　　　. 　　 　 🌎 ‍ ‍ If we sell ‍ ‍ ‍ ‍ ‍ ‍ ‍ ,　 　　　　　　　　　　　　　　\* .　　　　　 　　　　　　　　　　　　　　.　　　　　　　　　　 ✦ 　　　　   　 　　　˚　　　　　　　　　　　　　　\*　　　　　　   　　　　　　　　　　　　　　　."
1513,C — Normative Pressure,centroid,".　　　　　　　　　　 ✦ 　　　　   　 　　　˚　　　　　　　　　　　　　　\*　　　　　　   　　　　　　　　　　　　　　　.　　　　　　　　　　　　　　. 　　 　　　　　　　 ✦ 　　　　　　　　　　 　 ‍ ‍ ‍ ‍ 　　　　 　　　　　　　　　　　　,　　   　

.　　　　　　　　　　　　　.　　　ﾟ　  　　　.　　　　　　　　　　　☀️If we hold　　.

,　　　　　　　.　　　　　　    　　　　 　　　　　　　　　　　　　　　　　　  　　　　　　　　　　　　　　　　　　    　      　　　　　        　　　

　　　　　　　　　　. 　　　　　　　　　　.　　　　　　　　　　　　　. 　　　　　　　　　　　　　　　　       　   　　　　 　　　　　　　　　　　　　　　　       　   　　　　　　　　　　　　　　　　       　    ✦ 　   　　　,　　　　　　　　　　　    🚀 $GME 　　　　 　　,　　　 ‍ ‍ ‍ ‍ 　 　　　　　　　　　　　　.　　　　　 　　 　　　.　　　　　　　　　　　　　 　           　　　　　　　　　　　　　　　　　　　˚　　　 　   　　　　,　　　　　　　　　　　       　    　　　　　　　　　　　　　　　　.　　　  　　    　　　　　 　　　　　.　　　　　　　　　　　　　.　　　　　　　　　　　　　　　\* 　　   　　　　　 ✦ 　　　　　　　         　        　　　　 　　 　　　　　　　 　　　　　.　　　　　　　　　　　　　　　　　　.　　　　　    　　. 　 　　　　　.　　　　 🌑 　　　　　   　　　　　.　　　　　　　　　　　.　　　　　　　　　　   　

˚　　　　　　　　　　　　　　　　　　　　　ﾟ　　　　　.　　　　　　　　　　　　　　　. 　　 　 🌎 ‍ ‍ If we sell ‍ ‍ ‍ ‍ ‍ ‍ ‍ ,　 　　　　　　　　　　　　　　\* .　　　　　 　　　　　　　　　　　　　　.　　　　　　　　　　 ✦ 　　　　   　 　　　˚　　　　　　　　　　　　　　\*　　　　　　   　　　　　　　　　　　　　　　."
1513,C — Normative Pressure,top_score_1034,".　　　　　　　　　　 ✦ 　　　　   　 　　　˚　　　　　　　　　　　　　　\*　　　　　　   　　　　　　　　　　　　　　　.　　　　　　　　　　　　　　. 　　 　　　　　　　 ✦ 　　　　　　　　　　 　 ‍ ‍ ‍ ‍ 　　　　 　　　　　　　　　　　　,　　   　

.　　　　　　　　　　　　　.　　　ﾟ　  　　　.　　　　　　　　　　　☀️If we hold　　.

,　　　　　　　.　　　　　　    　　　　 　　　　　　　　　　　　　　　　　　  　　　　　　　　　　　　　　　　　　    　      　　　　　        　　　

　　　　　　　　　　. 　　　　　　　　　　.　　　　　　　　　　　　　. 　　　　　　　　　　　　　　　　       　   　　　　 　　　　　　　　　　　　　　　　       　   　　　　　　　　　　　　　　　　       　    ✦ 　   　　　,　　　　　　　　　　　    🚀 $GME 　　　　 　　,　　　 ‍ ‍ ‍ ‍ 　 　　　　　　　　　　　　.　　　　　 　　 　　　.　　　　　　　　　　　　　 　           　　　　　　　　　　　　　　　　　　　˚　　　 　   　　　　,　　　　　　　　　　　       　    　　　　　　　　　　　　　　　　.　　　  　　    　　　　　 　　　　　.　　　　　　　　　　　　　.　　　　　　　　　　　　　　　\* 　　   　　　　　 ✦ 　　　　　　　         　        　　　　 　　 　　　　　　　 　　　　　.　　　　　　　　　　　　　　　　　　.　　　　　    　　. 　 　　　　　.　　　　 🌑 　　　　　   　　　　　.　　　　　　　　　　　.　　　　　　　　　　   　

˚　　　　　　　　　　　　　　　　　　　　　ﾟ　　　　　.　　　　　　　　　　　　　　　. 　　 　 🌎 ‍ ‍ If we sell ‍ ‍ ‍ ‍ ‍ ‍ ‍ ,　 　　　　　　　　　　　　　　\* .　　　　　 　　　　　　　　　　　　　　.　　　　　　　　　　 ✦ 　　　　   　 　　　˚　　　　　　　　　　　　　　\*　　　　　　   　　　　　　　　　　　　　　　."
1513,C — Normative Pressure,top_score_670,".　　　　　　　　　　 ✦ 　　　　   　 　　　˚　　　　　　　　　　　　　　\*　　　　　　   　　　　　　　　　　　　　　　.　　　　　　　　　　　　　　. 　　 　　　　　　　 ✦ 　　　　　　　　　　 　 ‍ ‍ ‍ ‍ 　　　　 　　　　　　　　　　　　,　　   　

.　　　　　　　　　　　　　.　　　ﾟ　  　　　.　　　　　　　　　　　☀️If we hold　　.

,　　　　　　　.　　　　　　    　　　　 　　　　　　　　　　　　　　　　　　  　　　　　　　　　　　　　　　　　　    　      　　　　　        　　　

　　　　　　　　　　. 　　　　　　　　　　.　　　　　　　　　　　　　. 　　　　　　　　　　　　　　　　       　   　　　　 　　　　　　　　　　　　　　　　       　   　　　　　　　　　　　　　　　　       　    ✦ 　   　　　,　　　　　　　　　　　    🚀 $GME 　　　　 　　,　　　 ‍ ‍ ‍ ‍ 　 　　　　　　　　　　　　.　　　　　 　　 　　　.　　　　　　　　　　　　　 　           　　　　　　　　　　　　　　　　　　　˚　　　 　   　　　　,　　　　　　　　　　　       　    　　　　　　　　　　　　　　　　.　　　  　　    　　　　　 　　　　　.　　　　　　　　　　　　　.　　　　　　　　　　　　　　　\* 　　   　　　　　 ✦ 　　　　　　　         　        　　　　 　　 　　　　　　　 　　　　　.　　　　　　　　　　　　　　　　　　.　　　　　    　　. 　 　　　　　.　　　　 🌑 　　　　　   　　　　　.　　　　　　　　　　　.　　　　　　　　　　   　

˚　　　　　　　　　　　　　　　　　　　　　ﾟ　　　　　.　　　　　　　　　　　　　　　. 　　 　 🌎 ‍ ‍ If we sell ‍ ‍ ‍ ‍ ‍ ‍ ‍ ,　 　　　　　　　　　　　　　　\* .　　　　　 　　　　　　　　　　　　　　.　　　　　　　　　　 ✦ 　　　　   　 　　　˚　　　　　　　　　　　　　　\*　　　　　　   　　　　　　　　　　　　　　　."
1513,C — Normative Pressure,top_score_655,".　　　　　　　　　　 ✦ 　　　　   　 　　　˚　　　　　　　　　　　　　　*　　　　　　   　　　　　　　　　　　　　　　.　　　　　　　　　　　　　　. 　　 　　　　　　　 ✦ 　　　　　　　　　　 　 ‍ ‍ ‍ ‍ 　　　　 　　　　　　　　　　　　,　　   　

.　　　　　　　　　　　　　.　　　ﾟ　  　　　.　　　　　　　　　　　☀️If we hold　　.

,　　　　　　　.　　　　　　    　　　　 　　　　　　　　　　　　　　　　　　  　　　　　　　　　　　　　　　　　　    　      　　　　　        　　　

　　　　　　　　　　. 　　　　　　　　　　.　　　　　　　　　　　　　. 　　　　　　　　　　　　　　　　       　   　　　　 　　　　　　　　　　　　　　　　       　   　　　　　　　　　　　　　　　　       　    ✦ 　   　　　,　　　　　　　　　　　    🚀 $GME 　　　　 　　,　　　 ‍ ‍ ‍ ‍ 　 　　　　　　　　　　　　.　　　　　 　　 　　　.　　　　　　　　　　　　　 　           　　　　　　　　　　　　　　　　　　　˚　　　 　   　　　　,　　　　　　　　　　　       　    　　　　　　　　　　　　　　　　.　　　  　　    　　　　　 　　　　　.　　　　　　　　　　　　　.　　　　　　　　　　　　　　　* 　　   　　　　　 ✦ 　　　　　　　         　        　　　　 　　 　　　　　　　 　　　　　.　　　　　　　　　　　　　　　　　　.　　　　　    　　. 　 　　　　　.　　　　 🌑 　　　　　   　　　　　.　　　　　　　　　　　.　　　　　　　　　　   　

˚　　　　　　　　　　　　　　　　　　　　　ﾟ　　　　　.　　　　　　　　　　　　　　　. 　　 　 🌎 ‍ ‍ If we sell ‍ ‍ ‍ ‍ ‍ ‍ ‍ ,　 　　　　　　　　　　　　　　* .　　　　　 　　　　　　　　　　　　　　.　　　　　　　　　　 ✦ 　　　　   　 　　　˚　　　　　　　　　　　　　　*　　　　　　   　　　　　　　　　　　　　　　."
1521,C — Normative Pressure,centroid,BUY AND HOLD BUY AND HOLD
1521,C — Normative Pressure,centroid,Buy and hold buy and hold
1521,C — Normative Pressure,centroid,BUY AND HOLD BUY SND HOLD
1521,C — Normative Pressure,top_score_100,Buying and holding
1521,C — Normative Pressure,top_score_90,BUY AND HOLD
1521,C — Normative Pressure,top_score_71,Buy and hold
1525,B — Identity Framing,centroid,That’s why I’m in it. Great company with a great future too
1525,B — Identity Framing,centroid,Polarcus is a great company
1525,B — Identity Framing,centroid,IS THIS A GREAT COMPANY OR WHAT !!!???
1525,B — Identity Framing,top_score_4110,"What pisses me off the most about this is the bullshit pretext. ""We're doing this for your own good, to protect YOU from volatility."" The mix of hubris, hypocrisy, gaslighting, and lying is absolutely maddening."
1525,B — Identity Framing,top_score_1584,"Because they are pros who did this for years and they KNOW that were going to get bored or scared and they KNOW that we will abandon GME to is bankruptcy but thier is one problem with thier ideas

Human brain no work on ape

🦍🦍🦍🦍🦍🦍🦍🦍🦍💪💎🤚🚀🚀🚀🚀🚀🚀🚀"
1525,B — Identity Framing,top_score_351,"I just invested in En- something or other.  Some guy name ""Ron"" owns it.  Is that good?"
1528,B — Identity Framing,centroid,The suits must pay!!!
1528,B — Identity Framing,centroid,HEDGEFONDLE THE SUITS
1528,B — Identity Framing,centroid,They're suits without suits.
1528,B — Identity Framing,top_score_653,"Brother, I got 3k worth of enjoyment seeing the suits bleed..... I’ll work, make more money, but such satisfaction comes once in a life time"
1528,B — Identity Framing,top_score_546,"You can combine it with my 0.015%. We'll make it.

*::cries in diamond hands::*"
1528,B — Identity Framing,top_score_493,"GET MURKED SUITS!!!!🖕🏻🎩🖕🏻

BIG 🍆 ENERGY STROKING WITH 💎 STUDDED 🤚🏻!!!!

In at $90
In at $170
In at $330.

HOLD THE LINE AUTIST!!!"
1534,C — Normative Pressure,centroid,nothing left to lose going to the moon with diamond hands
1534,C — Normative Pressure,centroid,"TO THE FUCKING MOON WE GO WITH OUR DIAMOND HANDS

🚀 🚀 🚀"
1534,C — Normative Pressure,centroid,DIAMOND HANDS TO THE MOON DIAMOND HANDS TOTHEMOON 🌚🚀💎🙌
1534,C — Normative Pressure,top_score_644,"If DFV can hold! I can hold! You can hold! WE COLLECTIVELY CAN AND WILL HOLD! Our day is not yet here and we WILL take this ship to the MOON!! Let's go fellow Diamond Hands 💎 🙌🏿

&amp;#x200B;

Edit: Payday tomorrow which means more GME for me!!"
1534,C — Normative Pressure,top_score_267,"What a fucking time to be alive lmfao

Also,
Diamond hands boys ✋🏻💎
We’re going to fucking Pluto! 🚀"
1534,C — Normative Pressure,top_score_216,"This week, people hear about us for the first time. Try to figuring out what happens.

Next Week, People Will Understand What We Are Doing Here.

Next Month, Boomer Will Understand What Happens Here...

DIAMOND HAND!!!"
1572,C — Normative Pressure,centroid,We're occupying Wall Street with these diamond fucking hands. Once it unsuspends I am going in again
1572,C — Normative Pressure,centroid,call and shares. diamond hands though
1572,C — Normative Pressure,centroid,"No matter how many shares you have, diamond hands are diamond hands."
1572,C — Normative Pressure,top_score_2835,Fuck you I ain’t selling . I got diamonds hands . This is not financial advice I just like the stock
1572,C — Normative Pressure,top_score_486,Diamond lips sink hedge fund ships.
1572,C — Normative Pressure,top_score_239,"Like, diamond hands is a meme for good reason. It's a classic day trader weakness to panic at one day of trading and sell and that's why they underperform so much. Don't get tricked by a one day drop. It's still up 25% from closing on Friday. This was never a 3 day play anyway."
1591,B — Identity Framing,centroid,HEDGIES GET WEDGIES
1591,B — Identity Framing,centroid,"Me: 🍆

Hedgies: 🍑"
1591,B — Identity Framing,centroid,HEDGIES GET WEDGIES
1591,B — Identity Framing,top_score_137,"Cheer up hedgies, after getting fucked this hard you might get chocolates for valentines day."
1591,B — Identity Framing,top_score_93,That sounds like something a hedgie would say....
1591,B — Identity Framing,top_score_83,hedgies get wedgies
1641,B — Identity Framing,centroid,😂😂😂all aboard that 🚀
1641,B — Identity Framing,centroid,ALL ABOARD
1641,B — Identity Framing,centroid,All aboard!!! 🚀🚀🚀
1641,B — Identity Framing,top_score_748,"Got enough for 10 of us...

HOP IN AND LETS RIDE!

EDIT: Everyone who is here with us is part of history and I love you for it!"
1641,B — Identity Framing,top_score_269,"I feel ya. When I saw OPs post I had a literal, ""No, but also yes"" moment."
1641,B — Identity Framing,top_score_65,No it's not. Yet.
1642,C — Normative Pressure,centroid,No I SAY when we sell!
1642,C — Normative Pressure,centroid,You say when we sell.
1642,C — Normative Pressure,centroid,I say when we sell!!
1642,C — Normative Pressure,top_score_13604,"Hey man, can you post again when you sell so I know when to buy."
1642,C — Normative Pressure,top_score_151,"If you’re selling today, you don’t get it."
1642,C — Normative Pressure,top_score_64,Like how long after we hit 5k till we all sell
1644,C — Normative Pressure,centroid,So you all had paper hands after all
1644,C — Normative Pressure,centroid,paper hands...
1644,C — Normative Pressure,centroid,"My hands are made of paper, green paper, in for a few calls.."
1644,C — Normative Pressure,top_score_3566,What is this fucking paper hand shit
1644,C — Normative Pressure,top_score_490,Young fella has paper hands
1644,C — Normative Pressure,top_score_155,I can smell the paper hands from here
1660,C — Normative Pressure,centroid,HOLD THE LINE!
1660,C — Normative Pressure,centroid,HOLD THE LINE!
1660,C — Normative Pressure,centroid,Hold the Line! Hold Line! HOLDOR!
1660,C — Normative Pressure,top_score_638,HOLD THE LINE!
1660,C — Normative Pressure,top_score_124,HOLD THE LINE!
1660,C — Normative Pressure,top_score_86,Hold the line!
1666,B — Identity Framing,centroid,Apes together strong
1666,B — Identity Framing,centroid,Stay Strong! Apes only strong together!
1666,B — Identity Framing,centroid,APES TOGETHER STRONG! APES TOGETHER STRONG!
1666,B — Identity Framing,top_score_769,APES. TOGETHER. STRONG
1666,B — Identity Framing,top_score_303,"Same, brother. Apes together strong"
1666,B — Identity Framing,top_score_199,"WE

HOLD

LINE

BECAUSE

APES

TOGETHER 

STRONG"
1710,B — Identity Framing,centroid,A rigged system isn't political? How do you think it has become rigged?
1710,B — Identity Framing,centroid,\*Rigged For The Rich\*
1710,B — Identity Framing,centroid,"If only I could...

Fuck this rigged system"
1710,B — Identity Framing,top_score_348,"That utter piece of shit! How would he know it's a hard game? He has cheated and corrupted the whole process for decades, utter scum that man."
1710,B — Identity Framing,top_score_215,"The difference this time is that it was rigged openly.

The deal with Americans is that you have to give us the illusion of control.  We have to believe, at least a little, that we can make it.  We don't want to eat the rich, we'd love to be the rich.  We've been shown from birth that its possible.

Pulling a stunt like this out in the open.  Fuck that.  I'm in it to fuck them."
1710,B — Identity Framing,top_score_206,Globally rigged against the small guy.
1732,B — Identity Framing,centroid,Is it true that Robinhood has Citadel as their broker?
1732,B — Identity Framing,centroid,Citadel is Robinhood’s broker lol
1732,B — Identity Framing,centroid,citadel doesn't own robinhood
1732,B — Identity Framing,top_score_6694,I'm gonna buy RobinHood and Citadel and then fire everyone after the game is over.
1732,B — Identity Framing,top_score_2021,"**You guys do realize they are using Robinhood as a scapegoat? Not a single news article about Citadel or Melvin. DONT LET THEM GET AWAY WITH THIS.** 

 Citadel: [https://imgur.com/a/aGhg6bz](https://imgur.com/a/aGhg6bz)

Melvin: [https://imgur.com/a/j18130M](https://imgur.com/a/j18130M)

Robinhood: [https://imgur.com/a/5PGqA5f](https://imgur.com/a/5PGqA5f) (All in the last 3 hours.)

Robinhood will get sued into oblivion and everyone will focus on them while Citadel and Melvin will get away with zero repercussion. And they will do this again. This is PR/Marketing damage control 101. They carefully analyzed the situation and this was the best solution: To force Robinhoods hand and make them the fall guy.

These fucks will get away with this I can see it coming 1000 miles away. We need to hold them accountable."
1732,B — Identity Framing,top_score_692,"My theory is that Citadel stood to lose much more than a Robinhood IPO would be worth. So they promised them an out of market acquisition down the line. Because it's obvious this will be a disaster RH's business. Not just the class action if that ever even happens, just the mass exodus of users from that platform."
1762,C — Normative Pressure,centroid,Yes
1762,C — Normative Pressure,centroid,YES OR YES?
1762,C — Normative Pressure,centroid,YES OR YES
1762,C — Normative Pressure,top_score_372,Yes
1762,C — Normative Pressure,top_score_70,Yes
1762,C — Normative Pressure,top_score_54,YES OR YES?
1792,B — Identity Framing,centroid,"I'm 39. I was born (and still am) French. Although I feel International, even more after what happened this week. I was raised with the tales of the French Revolution, and I have always been dreaming of participating to something alike... But I never felt at ease in the crowd-protests where underpaid-brainwashed policemen always have the upper hand. I tried to express my revolt differently, to defend humanism, freedom of speech and ecology and animal rights in an artistic manner : I wrote and played a one-man-show, hoping it could help changing the World... Of course it didn't, or at least it didn't to the scale I was dreaming of.

When a terrorist attack hit Charlie Hebdo in Paris , the 7th of January 2015, I thought it was a coming together moment that could last, but it didn't. Nuit Debout (the french ""occupy wall street) didn't either... You could think Im only talking about general events but it's not, it's highly personal : I want to change the World, I want to be part of something that matters, meaningful ! If I didn't have the hope I wouldn't find it worth to live.

I joined Extinction Rebellion. But I couldn't see a quick result to my actions... 

Covid happened, stopped everything. I started trading for the first time in march last year. I was full of negative pre-conceived idea about the stock-market, but I wanted to know how it works. I discovered something I couldn't imagine : that it is possible to trade in a positive manner ! And I was enjoying this game. And then, on the 27th of january 2021, I heard of WSB, realised what was happening, and joined in ! I've spent the last 72hours (almost) in front of my screen, laughing to tears reading your posts, making the Revolution with sisters and brothers from all over the World... a dream made true ! We won ! It wasn't like I pictured it as a kid, it had to happen on the internet : not punching a shield anymore, but the real parasite themselves who turned capitalism into the unfair and violent system that it is now.
I am even thinking of teaching trading now, to help people understand how the market works so they don't remain left aside of it. Is today a life changer ? We'll see to what extend, but just to witness... even better : to be part of the union of so many people, from so many different countries, to kick the ass of the asskickers... Please, let's do it again and again ! 

I know we certainly aren't all sharing the same ideology, but Im so happy we got united today, certainly with an apetite for profit, but certainly too with some caring for justice... we poured beauty into this World, we created a beautiful moment. I don't want a lame life, I want a life with such moments. Thank you all for this. My inside kid is laughing out LOUD ! =)"
1792,B — Identity Framing,centroid,"Saving this in case it gets removed:

I was in my early teens during the '08 crisis. I vividly remember the enormous repercussions that the reckless actions by those on Wall Street had in my personal life, and the lives of those close to me. I was fortunate - my parents were prudent and a little paranoid, and they had some food storage saved up. When that crisis hit our family, we were able to keep our little house, but we lived off of pancake mix, and powdered milk, and beans and rice for a year. Ever since then, my parents have kept a food storage, and they keep it updated and fresh.

Those close to me, my friends and extended family, were not nearly as fortunate. My aunt moved in with us and paid what little rent she could to my family while she tried to find any sort of work. Do you know what tomato soup made out of school cafeteria ketchup packets taste like? My friends got to find out. Almost a year after the crisis' low, my dad had stabilized our income stream and to help out others, he was hiring my friends' dads for odd house work. One of them built a new closet in our guest room. Another one did some landscaping in our backyard. I will forever be so proud of my parents, because in a time of need, even when I have no doubt money was still tight, they had the mindfulness and compassion to help out those who absolutely needed it.

To Melvin Capital: you stand for everything that I hated during that time. You're a firm who makes money off of exploiting a company and manipulating markets and media to your advantage. Your continued existence is a sharp reminder that the ones in charge of so much hardship during the '08 crisis were not punished. And your blatant disregard for the law, made obvious months ago through your (for the Melvin lawyers out there: alleged) illegal naked short selling and more recently your obscene market manipulation after hours shows that you haven't learned a single thing since '08. And why would you? Your ilk were bailed out and rewarded for terrible and illegal financial decisions that negatively changed the lives of millions. I bought shares a few days ago. I dumped my savings into GME, paid my rent for this month with my credit card, and dumped my rent money into more GME (which for the people here at WSB, I would not recommend). And I'm holding. This is personal for me, and millions of others. You can drop the price of GME after hours $120, I'm not going anywhere. You can pay for thousands of reddit bots, I'm holding. You can get every mainstream media outlet to demonize us, I don't care. I'm making this as painful as I can for you.

To CNBC: you must realize your short term gains through promoting institutions' agenda is just that - short term. Your staple audience will soon become too old to care, and the millions of us, not just at WSB but every person affected by the '08 crash that's now paying attention to GME, are going to remember how you stuck up for the firms that ruined so many of us, and tried to tear down the little guys. I know for sure I'll remember this. In response, here is a list of CNBC sponsors and partners. They include, but are not limited to, IBM, Cisco, TMobile, JPMorgan, Oracle, and ZipRecruiter. Their parent company is NBCUniversal, owned by Comcast and GE.

To the boomers, and/or people close to that age, just now paying attention to these ""millennial blog posts"": you realize that, even if you weren't adversely effected by the '08 crash, your children and perhaps grandchildren most likely were? We're not enemies, we're on the same side. Stop listening to the media that's making us out to be market destroyers, and start rooting for us, because we have a once in a lifetime opportunity to punish the sort of people who caused so much pain and stress a decade ago, and we're taking that opportunity. Your children, your grandchildren, might have suffered as I described because of the institutions that we're fighting against. You really want to choose them, over your own family and friends? We're not asking you to risk your 401k or retirement fund on a single GME bet. We're just asking you to be understanding, supportive, and to not support the people that caused so much suffering a decade ago.

To WSB: you all are amazing. I imagine that I'm not the only one that this is personal for. I've read myself so many posts on what you guys went through during the '08 crash. Whether you're here for the gains, to stick it to the man as I am, or just to be part of a potentially market changing movement - thank you. Each and every one of you are the reason that we have this chance. I've never felt this optimistic about the future before. This is life changing amounts of money for so many of you, and to be part of a rare instance of a wealth distribution from the rich to the poor is just incredible. I love you all.

​

​

Note: I can't seem to get a hold of mods and they keep fucking removing the post. I have no idea how to get this to stick and its important to me that the people I'm addressing read it."
1792,B — Identity Framing,centroid,"# An Open Letter to Melvin Capital, CNBC, Boomers, and WSB

[**Discussion**](https://www.reddit.com/r/wallstreetbets/search?q=flair_name%3A%22Discussion%22&amp;restrict_sr=1)

**Mods do not delete, this is important to me, please read**

I was in my early teens during the '08 crisis. I vividly remember the enormous repercussions that the reckless actions by those on Wall Street had in my personal life, and the lives of those close to me. I was fortunate - my parents were prudent and a little paranoid, and they had some food storage saved up. When that crisis hit our family, we were able to keep our little house, but we lived off of pancake mix, and powdered milk, and beans and rice for a year. Ever since then, my parents have kept a food storage, and they keep it updated and fresh.

Those close to me, my friends and extended family, were not nearly as fortunate. My aunt moved in with us and paid what little rent she could to my family while she tried to find any sort of work. Do you know what tomato soup made out of school cafeteria ketchup packets taste like? My friends got to find out. Almost a year after the crisis' low, my dad had stabilized our income stream and to help out others, he was hiring my friends' dads for odd house work. One of them built a new closet in our guest room. Another one did some landscaping in our backyard. I will forever be so proud of my parents, because in a time of need, even when I have no doubt money was still tight, they had the mindfulness and compassion to help out those who absolutely needed it.

To Melvin Capital: you stand for everything that I hated during that time. You're a firm who makes money off of exploiting a company and manipulating markets and media to your advantage. Your continued existence is a sharp reminder that the ones in charge of so much hardship during the '08 crisis were not punished. And your blatant disregard for the law, made obvious months ago through your (for the Melvin lawyers out there: alleged) illegal naked short selling and more recently your obscene market manipulation after hours shows that you haven't learned a single thing since '08. And why would you? Your ilk were bailed out and rewarded for terrible and illegal financial decisions that negatively changed the lives of millions. I bought shares a few days ago. I dumped my savings into GME, paid my rent for this month with my credit card, and dumped my rent money into more GME (which for the people here at WSB, I would not recommend). And I'm holding. This is personal for me, and millions of others. You can drop the price of GME after hours $120, I'm not going anywhere. You can pay for thousands of reddit bots, I'm holding. You can get every mainstream media outlet to demonize us, I don't care. I'm making this as painful as I can for you.

To CNBC: you must realize your short term gains through promoting institutions' agenda is just that - short term. Your staple audience will soon become too old to care, and the millions of us, not just at WSB but every person affected by the '08 crash that's now paying attention to GME, are going to remember how you stuck up for the firms that ruined so many of us, and tried to tear down the little guys. I know for sure I'll remember this. In response, here is a [list of CNBC sponsors and partners](https://www.cnbcevents.com/sponsors/). They include, but are not limited to, **IBM**, **Cisco**, **TMobile**, **JPMorgan**, **Oracle**, and **ZipRecruiter**. Their parent company is [NBCUniversal](https://en.wikipedia.org/wiki/NBCUniversal), owned by **Comcast** and **GE**.

To the boomers, and/or people close to that age, just now paying attention to these ""millennial blog posts"": you realize that, even if you weren't adversely effected by the '08 crash, your children and perhaps grandchildren most likely were? *We're not enemies, we're on the same side*. Stop listening to the media that's making us out to be market destroyers, and start rooting for us, because we have a once in a lifetime opportunity to punish the sort of people who caused so much pain and stress a decade ago, and we're taking that opportunity. Your children, your grandchildren, might have suffered as I described because of the institutions that we're fighting against. You really want to choose them, over your own family and friends? We're not asking you to risk your 401k or retirement fund on a single GME bet. We're just asking you to be understanding, supportive, and to not support the people that caused so much suffering a decade ago.

To WSB: you all are amazing. I imagine that I'm not the only one that this is personal for. I've read myself so many posts on what you guys went through during the '08 crash. Whether you're here for the gains, to stick it to the man as I am, or just to be part of a potentially market changing movement - thank you. Each and every one of you are the reason that we have this chance. I've never felt this optimistic about the future before. This is life changing amounts of money for so many of you, and to be part of a rare instance of a wealth distribution from the rich to the poor is just incredible. I love you all.

Let's fucking do this and blow this shit up."
1792,B — Identity Framing,top_score_9206,Guys..this is truth. I'm just one story. In 2007 I bought my first home. Took me 10 years to save up for it. Little did I know the hedges were silently sodomizing the market one cock at a time. My house went down 70% in value and I was forced to short sell it.. after the same banks that got bailed out sued me for loan deficiency and I lived in a state where that's 100% legal. Had to liquidate all cash...file bankruptcy...destroyed my credit....and lost the house. I built back up 50k in retirement and guess where it all is? GM...motherfucking E. This isnt about the money. I'm holding. Until they bleed out.
1792,B — Identity Framing,top_score_1829,imagine being a billionaire and “have to recalibrate to combat redditors” wtf this is something i never would’ve imagined.
1792,B — Identity Framing,top_score_774,"As someone who lost their house in high school during 2008 and had all sense of stability destroyed I’m 100% with you, and I fucking work for a hedge fund on WS. I make enough now that I can rest easy at night even if GME goes to $0. This isn’t about money for me. They declared war and made this personal when they astroturfed, dragged us thru the media, and tried to cancel our subreddit aka the only form of politics-free entertainment thats gotten me thru my 12hr workdays the past 4 years. We ride at dawn"
1816,B — Identity Framing,centroid,"Interestingly, school choice creates its own inequality problems. I could explain it, but there’s a podcast series called “Nice White Parents” that does a much better job than I could.

Bottom line is that school choice is a thing all over the country, and it creates more inequality because the privileged will fill up the spots in the good schools no matter where they live. The privileged create the good schools because they have the money to put into them, while the poor schools will starve out. But poor kids have to go somewhere, so they end up with shittier schools anyway."
1816,B — Identity Framing,centroid,"I appreciate your ""Engineer-based"" Pragmatic approach.  But, just as much as I align with that (I have a related background and approach most problems the same way, for better or worse...depending) - some of these Social/Political Issues are more nuanced and complex than simply applying the ""right solution for a problem"" - unless we're going to get a bit Authoritarian with our Politics.

&gt; While we can totally discuss why these people are ""silver spoon fucks"" or not...

I mean, someone like Don Jr. is by definition.  It's not a question of ""why"".  I don't think the Working Class should listen to them, I don't think they have our interests in mind, and the Working Class damn sure shouldn't vote for them.

He doesn't have meaningful solutions to the complex problems we face - he's mostly ""above them"".  So, he shouldn't be listened to on these matters.  We have many great thinkers we SHOULD listen to...not the fail-son of a shitty ""Businessman""/Reality TV Host - who himself is also a ""Silver Spoon fuck"".

I won't go too far into Politics here - but, we are discussing Politics.  I'm a Syndicalist - I believe that Collectives of people from the Classes they exist in, should represent the interests of said people with actual Political power.  

&gt;  my point is still that the way that people talk and argue about these things usually is divisive in nature and why most Americans don't realize that we all want the same thing. To live the American dream doing whatever it is that we love and making money doing it. 

No, I totally appreciate the spirit of what you're saying.  I honestly do.  We need more of this type of discourse in America/Politics.  You're absolutely right my friend.

But unfortunately, we're gonna split on the substance behind it.  You're *drastically* underestimating some fundamental divides millions of Americans have.  ""We"" don't all want the same thing at all.

I also believe ""The American Dream"" (whatever that ever was) is long gone - Millennials are worse-off than their parents, this trend may continue with Zoomers...we're going backwards.  In this mythical time when ""that"" did exist...it didn't exist for millions of marginalized people.  Working-Class Black people didn't exactly have the same ""American Experience"" as Middle-Class White people in the 1950's.  It can't be ""The AMERICAN Dream"" when it only applies to certain privileged groups.  Now I know, I know - ""different times"" and ""things are improving"" - I agree...I don't mean to just be a Doomer-Pilled pessimist here...but, the point stands.

&gt; If you took away all the bombastic and loudmouth BS personality that Trump/similar politicians have and took away the media bs all together, I would be willing to bet that most people would agree with them %50-60 of the time on policy. 

That's...only half though lol.  Yes, that's what we just saw in the Election - a pretty even split.  And where the disagreements crop-up they're often fundamental ""deal-breaker"" issues.  

This is how our Politics work - that's why the Media pushes/Politicians run on Wedge Issues (Abortion, Guns, IdPol, etc.).  It's to distract and divide the Electorate and cause reactionary tendencies - so the REAL work can be done on Capitol Hill behind the scenes - furthering American Capitalist Interests and keep the profit machine churning.  This applies to both Establishment Conservatives and NeoLibs alike.  

It's also why you're seeing a rise in American Populism as a reaction.  You're seeing it right here with this Class Battle happening against Wall-Street.  I sincerely hope this wakes a lot of people up.  I'll bet you GOOD money that many people on WSB currently fighting this fight would have called people at Occupy Wall Street ""jobless hippies"", ""College Lib-kids"", or whatever in 2009.


&gt;   but when someone says ""this is why you should think about who you vote for, is the same way as saying, if you voted for the other person that ran against who I picked you are wrong and a part of the problem/don't want to help fix it. And to that type of thinking I simply say, fuck you.

I understand this mentality and you're not wrong in many cases.  But, it's also often true.  Millions of Americans Vote against their best interests...that's just a fact.  It does hinder progress America desperately needs.

Millions of Americans have a ""fuck you, got mine"" ""BootStrap"" mentality.  It's something we've been indoctrinated with growing up.  You can't ""work around that"" when discussing Social Progress.  Millions of American unironically think Social safety nets like Single-Payer/Socialized/(even Hybrid) Health-Care or Subsidized State College is literally ""Socialism"".  These are fundamental issues that promote Class Mobility, Freedom, Security, and Opportunity - **The Americian Dream** right?  

And millions of people are against it...so what do we do with that?  Not rhetorical, I'm honestly asking. 

Please don't say ""part of the problem/don't want to fix it"" as a conflation.  MANY people DO stand in the way of progress with their Votes - but that doesn't mean they ""don't want to fix things""...they may just have a different belief in how to get there.  And while unfortunate, that doesn't make them ""bad people"".  You shouldn't look to villainize them - you should look to educate them, listen to them, and talk through the issues at hand.  But, you also must acknowledge that a compromise may not be possible.  That's why people say things like that...

Anyway, I appreciate the discussion.  I definitely understand where you're coming from and I don't disagree with the spirit of your messaging.  Have a great weekend brother - hope you/yours are all healthy and safe."
1816,B — Identity Framing,centroid,"Harvard, Yale, and all the other Ivy League schools need to be demolished."
1816,B — Identity Framing,top_score_516,What's even easier is all moving to THE SAME FUCKING STREET IN NEW YORK TO COLLUDE AND TAKE MONEY FROM THE 98% OF PEOPLE THAT ACTUALLY MAKE SOCIETY WORK!
1816,B — Identity Framing,top_score_415,"My mom lost her house in the crash to these fucks. 

It ain’t about money. It’s a movement."
1816,B — Identity Framing,top_score_390,It’s the poors vs the rich and they don’t like that
1841,B — Identity Framing,centroid,"I suppose that our ideas about a fair trade have changed somewhat. 

In a way what’s happening now, has a few similarities. The win-win way of a transaction, really only applies to those on relatively level playing field. 

If you can rig the system though; well, you can vacuum in a heck of a lot more. My feeling is that the hedge funds are going to play this one out. Why? Some people are going to sell. They will have a price. And these bastards know that. So they’ll gamble on sitting as long as they can, and do all they can to trigger as many as they can to cash out. 

A slight deviation. Apologies. 

Yes, you’d have to fork out some money or assets, so they’d do their job. Parasites are everywhere in nature. A lopsided symbiosis. Personally, I’d love to see what Game Theory says about what’s going on now, and if there’s any relationship to past events.

Once again, sorry for the convoluted response. 💎🙌"
1841,B — Identity Framing,centroid,Agreed.  There may be some blips but nothing we do with small cap stocks can bring down the market.  Just maybe creating some buying opportunities.  What it will do is get Congress to look at making sure there is a level playing field. All this restriction on buying is ridiculous. If I want to buy a stock at $350 that’s my choice and my money.  Take it and go. What’s happening now is market manipulation. A bunch of retail investors going on an idea is not.
1841,B — Identity Framing,centroid,"Aurelius capital bought the bonds on windstream, loaded up on credit default swaps that pay if the bonds default, then sued windstream on a legal technicality to cause a technical default of the bonds, then bankrupted them on that when WIN wouldn’t settle, then the banks had to pay them a ton - maybe being litigated don’t know. And somehow that was legal. Buy fire insurance for a bunch of times what the building is worth, start fire.... 

That kind of shit becomes illegal but we have a legal principle that things are not illegal generally until there’s a law against it. So it wasn’t here. There’s also this argument that a CDS shouldn’t prevent you from taking actions to recover under your bond holder rights. But it’s obviously something that shouldn’t be allowed where as a bond investor you profit more from the bond by destroying the company."
1841,B — Identity Framing,top_score_3882,"Some of these companies have ~~trillions~~  ~~at least billions~~ TENDIES ~~in assets~~. If they don't have enough money the same thing that would happen to you will happen to them; they have to sell all their stuff until we are paid

Edit: please stop upvoting this retards - it could also go tits up and Im just a retard that has no clue"
1841,B — Identity Framing,top_score_970,Stock blasting off even though everyone and their mom can't buy on their brokerage. Yeah retail was definitely the problem... The shills will never win.
1841,B — Identity Framing,top_score_905,The firms that insured the insuring firms get squeezed.  It's dirty all the way down.   So let's do them dirty.
1879,B — Identity Framing,centroid,So how do I join in?
1879,B — Identity Framing,centroid,How do I join?
1879,B — Identity Framing,centroid,How do I join!
1879,B — Identity Framing,top_score_312,Hello fellow kids where is the secret meeting where we coordinate our activities?
1879,B — Identity Framing,top_score_69,"Agreed, how do you join?"
1879,B — Identity Framing,top_score_68,I'm new here and I want in. How and when do we do this?
1885,B — Identity Framing,centroid,"There will be ups and downs with all the shit going across Robinhood and Wall Street. But one thing is for sure, we've taught Wall Street not to underestimate the little guys who they have always patronized for more than a century. This isn't just about getting money now, its about fucking Wall Street. If we all hold through anything, Wall Street loses and we the people win."
1885,B — Identity Framing,centroid,"""The stock market is a device for transferring money from the impatient to the patient."" - DeepFuckingValue  


GME   🚀💎✋🏼👽

AMC   🚀💎✋🏼👽

TOUCH PP  🚀💎✋🏼👽"
1885,B — Identity Framing,centroid,"""The stock market is a device for transferring money from the impatient to the patient."" - DeepFuckingValue  


GME   🚀💎✋🏼👽

AMC   🚀💎✋🏼👽

TOUCH PP  🚀💎✋🏼👽"
1885,B — Identity Framing,top_score_9761,"The fact that a group of nobody redditors can gut billion dollar hedge funds and make off with millions collectively is like Blackbeard ripping of the East india company in the age of piracy 

Godspeed, Alexa play Spanish Ladies and hoist the black flags I’m making a day trading account"
1885,B — Identity Framing,top_score_1723,"My absolute favorite part about this saga has been the multiple opportunities to learn the finer details of some extremely esoteric (read: absolutely fucking retarded) trading techniques. What’s insane to me, THEYRE ALL BEING DONE BY HEDGE FUNDS. 

Appreciate the post man- really is a remarkable situation. 🚀🚀🚀🚀🚀"
1885,B — Identity Framing,top_score_1663,"Do you not remember back in The Big Short when they're talking to the realtors and one guy is like 'I don't get it, why are they confessing?' and the reply is 'they're not confessing, they're bragging.'"
1917,A — Uncertainty Expressions,centroid,glitch
1917,A — Uncertainty Expressions,centroid,What is the glitch?
1917,A — Uncertainty Expressions,centroid,Glitch
1917,A — Uncertainty Expressions,top_score_32,does this glitch still work or has it been patched plz help i want to lvl up
1917,A — Uncertainty Expressions,top_score_32,Maybe I'm missing what you're saying but it seems way too coincidental for this glitch to arise exactly today...
1917,A — Uncertainty Expressions,top_score_31,Was that a glitch or an extreamly Well executed stop loss hunt that last .5 seconds at open?
1945,B — Identity Framing,centroid,"For the new members:
https://youtu.be/4EUbJcGoYQ4

#This is why we are fighting and why you should fight as well

#You bet your ass we are winning, and are going to win COMPLETELY

#1000$ price target not a meme!!!

🚀🚀🚀🚀🚀🚀🚀🚀🚀🚀🚀🚀🚀🚀🚀🚀🚀🚀🚀🚀
🤚💎🤚💎🤚💎🤚💎🤚💎🤚💎🤚💎🤚💎🤚💎🤚💎
🥜🥜🥜🥜🥜🥜🥜🥜🥜🥜🥜🥜🥜🥜🥜🥜🥜🥜🥜🥜

When we say diamond hand we mean it. When you are down 50%, you dont sell, you diamond hand 😤😤😤 (people here are down 100s of thousands and recover...)

You are not late until 1000$. WE ARE NOT DUMPING BAGS on anyone but Melvin, Citadel, and all these corrupt funds

*Not financial advise. Follow at your own risk. FUCK YOU SEC*"
1945,B — Identity Framing,centroid,"For the new members:
https://youtu.be/4EUbJcGoYQ4

#This is why we are fighting and why you should fight as well

#You bet your ass we are winning, and are going to win COMPLETELY

#1000$ price target not a meme!!!

🚀🚀🚀🚀🚀🚀🚀🚀🚀🚀🚀🚀🚀🚀🚀🚀🚀🚀🚀🚀
🤚💎🤚💎🤚💎🤚💎🤚💎🤚💎🤚💎🤚💎🤚💎🤚💎
🥜🥜🥜🥜🥜🥜🥜🥜🥜🥜🥜🥜🥜🥜🥜🥜🥜🥜🥜🥜

When we say diamond hand we mean it. When you are down 50%, you dont sell, you diamond hand 😤😤😤 (people here are down 100s of thousands and recover...)

You are not late until 1000$. WE ARE NOT DUMPING BAGS on anyone but Melvin, Citadel, and all these corrupt funds

*Not financial advise. Follow at your own risk. FUCK YOU SEC*"
1945,B — Identity Framing,centroid,"For the new members:
https://youtu.be/4EUbJcGoYQ4

#This is why we are fighting and why you should fight as well

#You bet your ass we are winning, and are going to win COMPLETELY

#1000$ price target not a meme!!!

🚀🚀🚀🚀🚀🚀🚀🚀🚀🚀🚀🚀🚀🚀🚀🚀🚀🚀🚀🚀
🤚💎🤚💎🤚💎🤚💎🤚💎🤚💎🤚💎🤚💎🤚💎🤚💎
🥜🥜🥜🥜🥜🥜🥜🥜🥜🥜🥜🥜🥜🥜🥜🥜🥜🥜🥜🥜

When we say diamond hand we mean it. When you are down 50%, you dont sell, you diamond hand 😤😤😤 (people here are down 100s of thousands and recover...)

You are not late until 1000$. WE ARE NOT DUMPING BAGS on anyone but Melvin, Citadel, and all these corrupt funds

*Not financial advise. Follow at your own risk. FUCK YOU SEC*"
1945,B — Identity Framing,top_score_4746,"These dumbass hedge funds has created so much noise and attention that people (who wouldn't have if they didn't pull this shit) are joining in on this and making it bigger every time they do so.

This is a historical moment in history and I'll be proud to retell it from a comfy home or a cardboard box. Whichever happens...✋✋💎💎💎✋✋"
1945,B — Identity Framing,top_score_2984,"I love it because when a young investor decides to take his savings and invest in a company, for whatever reason they settled on... if that stock goes sour, and the kid loses a bunch of money... these people are the first to say ""Tough. There's a lesson for you.""

--

Now these fuckers overextended themselves and are practically laying on their side, completely vulnerable, and are crying foul that someone decided to kick their teeth in.

--

""Tough."""
1945,B — Identity Framing,top_score_693,"Imagine saying, out loud, that you think people buying a stock are ""attacking the rich"" 

and not having the mental capacity to realize you sound like an actual villain"
1963,B — Identity Framing,centroid,David Vs Goliath!
1963,B — Identity Framing,centroid,DAVID VS GOLIATH
1963,B — Identity Framing,centroid,And David slew the Goliath.
1963,B — Identity Framing,top_score_1349,💎🤲🦍 = 🚀✨
1963,B — Identity Framing,top_score_876,"The little guy with 100% of his money on a single play because he doesn’t have that much vs billionaire, Scrooge McDuck wannabes

I can’t imagine how far up someone’s ass you’d have to be to root for Goliath to vaporize David.

Have some self-respect CNBC."
1963,B — Identity Framing,top_score_271,🦍🤝💪 = 🚀🚀🚀
1969,B — Identity Framing,centroid,You're using fundamentals on a market without fundamentals
1969,B — Identity Framing,centroid,Trading on fundamentals
1969,B — Identity Framing,centroid,"This is our ""Fundamentals"" to the market"
1969,B — Identity Framing,top_score_1053,"I guess that headline is better than:

Hedge fund loses 3 freaking billion in 26 days because of a lack of risk management and naked short selling"
1969,B — Identity Framing,top_score_524,India and china would be like multiple nukes hitting hedgefunds
1969,B — Identity Framing,top_score_433,Imagine the tears from hedge funds when americans get their next round of stimulus checks and money just pours into everything they are shorting
1974,C — Normative Pressure,centroid,"[Diamond Hands, hold strong!](https://www.reddit.com/r/WSBrecords/comments/l5thl8/ill_make_diamond_hands_out_of_you/)"
1974,C — Normative Pressure,centroid,"[Diamond Hands, hold strong!](https://www.reddit.com/r/WSBrecords/comments/l5thl8/ill_make_diamond_hands_out_of_you/)"
1974,C — Normative Pressure,centroid,"[Diamond Hands, hold strong!](https://www.reddit.com/r/WSBrecords/comments/l5thl8/ill_make_diamond_hands_out_of_you/)"
1974,C — Normative Pressure,top_score_1285,"[Diamond Hands, hold strong!](https://www.reddit.com/r/WSBrecords/comments/l5thl8/ill_make_diamond_hands_out_of_you/)"
1974,C — Normative Pressure,top_score_172,"[Diamond Hands, hold strong!](https://www.reddit.com/r/WSBrecords/comments/l5thl8/ill_make_diamond_hands_out_of_you/)"
1974,C — Normative Pressure,top_score_157,"[Diamond Hands, hold strong!](https://www.reddit.com/r/WSBrecords/comments/l5thl8/ill_make_diamond_hands_out_of_you/)"
2007,C — Normative Pressure,centroid,Steady
2007,C — Normative Pressure,centroid,Steady!
2007,C — Normative Pressure,centroid,Steady
2007,C — Normative Pressure,top_score_135,going to hold even beyond brother! 💎👐
2007,C — Normative Pressure,top_score_108,What a legend. We hold with you brother.
2007,C — Normative Pressure,top_score_70,Definitely holding strong
2032,C — Normative Pressure,centroid,HOLD THE LINE 💎🤲💎🤲💎🤲💎🤲
2032,C — Normative Pressure,centroid,HOLD THE LINE 🚀🚀🚀🚀🙌💎🙌💎
2032,C — Normative Pressure,centroid,HOLD THE LINE COMMERADES 🚀🚀🚀🚀🚀🚀🚀🚀🚀🚀🚀🚀
2032,C — Normative Pressure,top_score_9127,"💎🤚🏻

Edit: HOLD THE LINE BOYS &amp; GIRLS"
2032,C — Normative Pressure,top_score_231,Preaching🖐️💎
2032,C — Normative Pressure,top_score_115,HOLD THE LINE 💎🖐️
2033,B — Identity Framing,centroid,"""It's a way of attacking wealthy people""

Yes"
2033,B — Identity Framing,centroid,I like attacking wealthy people
2033,B — Identity Framing,centroid,"""it's a way of attacking wealthy people""

🤣🤣🤣🤣🤣🤣🤣🤣🤣🤣🤣🤣🤣🤣"
2033,B — Identity Framing,top_score_2145,"Predictably, the rich close ranks as soon as us filthy poors begin to accomplish something. The rich have class solidarity - it's about time the rest of us started catching up."
2033,B — Identity Framing,top_score_736,"I wasn't even 'eat the rich' before this...  


While I doubt I ever will be 'rich', I do aspire to be borderline wealthy one day...but these fucks literally are doing everything in their power to prevent people like me from getting there. They clearly look down on us and hate us, and view us as sheep. THEIR sheep.  


Fuck them, this is personal now. I might otherwise have cashed out here, and accept my paltry MASSIVE gains. But fuckkkkkkkk them. Death or glory, moon or the vacuum of space."
2033,B — Identity Framing,top_score_486,"Fuck... I’m so hard at the thought of the world realizing, that if you give money to the everyday people, not billionaires, everything  would be so much better off
💎🍆"
2044,C — Normative Pressure,centroid,$nok to the moon
2044,C — Normative Pressure,centroid,NOK NOK? Who’s there? The moon ! All NOK till it’s 5$ broos
2044,C — Normative Pressure,centroid,$NOK to the MOON
2044,C — Normative Pressure,top_score_153,$NOK to the fucking moon 🚀🚀🚀
2044,C — Normative Pressure,top_score_89,$NOK to the moon
2044,C — Normative Pressure,top_score_82,Buy NOK while it's still cheap. We're going to the moon!! $GME $NOK $AMC $BB!!!
2056,B — Identity Framing,centroid,apes together  S T O N K S
2056,B — Identity Framing,centroid,Apes*
2056,B — Identity Framing,centroid,Apes*
2056,B — Identity Framing,top_score_218,"MONKEY HURT BY BIG NAME

MONKEY HURT BACK  


HOLD APES, WE SPACE MONKE SOON!"
2056,B — Identity Framing,top_score_94,"Roses are red, 


Violets are blue, 


Do you enjoy banding together with fellow apes to fuck over the ultra rich bastards trying to screw you? 


Well boy howdy do I have an idea for you!




HOLD."
2056,B — Identity Framing,top_score_93,"No its accurate. 

Many will lose millions on this. A lot of us are going to get hurt. 

But we've started a phenomenon that cannot be stopped. Even for those of us that fall, even if we lose - it doesn't matter - for our sacrifice will not be in vain. Everyone sees the truth now. Everyone sees the real enemy. And most importantly, everyone (the people) see that they're ALL the same, Apes together. Strong, together. 

For rainbows!

For rockets! 

For hedge fund TENDIES! TO THE MOOOOOOOON!"
2065,C — Normative Pressure,centroid,I want to believe!
2065,C — Normative Pressure,centroid,I want to believe.
2065,C — Normative Pressure,centroid,I want to believe this. We believe
2065,C — Normative Pressure,top_score_732,"Good shit man, this kind of stuff keeps me believing in humamity."
2065,C — Normative Pressure,top_score_215,"Okay now I'm convinced.

🚀🚀🚀🚀🚀🚀🚀"
2065,C — Normative Pressure,top_score_62,We all believe! 🚀🚀🚀
2084,B — Identity Framing,centroid,We are ape strong but also ape smart
2084,B — Identity Framing,centroid,APE STRONG. APE STRONG
2084,B — Identity Framing,centroid,"Together ape strong.

Together ape go to moon."
2084,B — Identity Framing,top_score_9074,"APE TOGETHER STRONG 🦍🦍🦍 
FOR HARAMBE 🦍🦍🦍"
2084,B — Identity Framing,top_score_381,Ape _______ strong 🦍
2084,B — Identity Framing,top_score_338,"Just like ants, divided we are weak, together we make a formidable army, enough to take down and devour giant whales!!"
2143,A — Uncertainty Expressions,centroid,it's fake
2143,A — Uncertainty Expressions,centroid,This is fake
2143,A — Uncertainty Expressions,centroid,This is fake you simps.
2143,A — Uncertainty Expressions,top_score_4294,My thoughts exactly. It’s a FAKE. Stay the course
2143,A — Uncertainty Expressions,top_score_98,please tell me this is fake
2143,A — Uncertainty Expressions,top_score_73,"It's fake. I'm trying to get a high ""-"" number. Eventually that shit should become positive"
2150,B — Identity Framing | C — Normative Pressure,centroid,APE TOGETHER STRONG APE TOGETHER STRONG
2150,B — Identity Framing | C — Normative Pressure,centroid,"Ape together strong then, ape together strong now"
2150,B — Identity Framing | C — Normative Pressure,centroid,"APE TOGETHER STRONG 

APE TOGETHER STRONG 

APE TOGETHER STRONG 

APE TOGETHER STRONG 

APE TOGETHER STRONG 

APE TOGETHER STRONG 

APE TOGETHER STRONG 

APE TOGETHER STRONG 

APE TOGETHER STRONG 

APE TOGETHER STRONG 

APE TOGETHER STRONG 

APE TOGETHER STRONG"
2150,B — Identity Framing | C — Normative Pressure,top_score_247,Ape Energy
2150,B — Identity Framing | C — Normative Pressure,top_score_171,Apes together strong
2150,B — Identity Framing | C — Normative Pressure,top_score_116,ape strong together
2232,A — Uncertainty Expressions,centroid,Wondering the same thing
2232,A — Uncertainty Expressions,centroid,Wondering same thing?
2232,A — Uncertainty Expressions,centroid,Wondering the same thing
2232,A — Uncertainty Expressions,top_score_40,50k
2232,A — Uncertainty Expressions,top_score_39,i second this question
2232,A — Uncertainty Expressions,top_score_39,Was wondering the same thing thanks for asking the question
2241,B — Identity Framing,centroid,Nothing not pani. It's manipulation
2241,B — Identity Framing,centroid,So... manipulation
2241,B — Identity Framing,centroid,This is not manipulation.
2241,B — Identity Framing,top_score_7479,"It’s so blatantly obvious, the manipulation"
2241,B — Identity Framing,top_score_2785,Almost like it's... Being manipulated
2241,B — Identity Framing,top_score_1914,So blatant manipulation then???
2242,A — Uncertainty Expressions,centroid,Im also wondering this
2242,A — Uncertainty Expressions,centroid,This is what im wondering also
2242,A — Uncertainty Expressions,centroid,Im wondering the same.
2242,A — Uncertainty Expressions,top_score_59,Curious for myself as well.
2242,A — Uncertainty Expressions,top_score_54,Wondering this as well
2242,A — Uncertainty Expressions,top_score_34,"Same, that’s what I’m trying to find out"
2256,B — Identity Framing,centroid,APE STRONG TOGETHER 🚀🚀🚀🚀
2256,B — Identity Framing,centroid,"APE

TOGETHER

STRONG!!

APE

TOGETHER 

STRONG!!!!

🦧🦧🦧🦧🚀🦍🦍🦍🚀🚀🦧🦍"
2256,B — Identity Framing,centroid,Ape strong ape strong
2256,B — Identity Framing,top_score_750,"APE 

✋💎🤚

TOGETHER 

✋💎🤚

STRONG 

✋💎🤚"
2256,B — Identity Framing,top_score_705,APE TOGETHER STRONG 🦍🦍🦍
2256,B — Identity Framing,top_score_455,Yes and ape strong together 🚀🚀
2289,B — Identity Framing,centroid,#IF WE DONT FIGHT WE CANT WIN. FIGHT. FIGHT
2289,B — Identity Framing,centroid,"#IF WE DONT FIGHT WE CANT WIN. FIGHT. FIGHT.
💎💎💎💎💎💎💎💎💎💎💎💎💎💎💎💎💎💎💎💎💎💎💎💎💎💎💎💎💎💎💎💎💎💎💎💎💎💎💎💎💎💎💎💎💎
💎💎💎💎💎💎💎💎💎💎💎💎💎💎💎💎💎💎💎💎💎💎💎💎💎💎💎💎💎💎💎💎💎💎💎💎💎💎💎💎💎💎💎💎💎💎💎💎💎💎💎💎💎💎💎💎💎💎💎💎💎💎💎💎💎💎💎💎💎💎💎💎💎💎💎💎💎💎💎💎💎💎💎💎💎💎💎💎💎💎💎💎💎💎💎💎💎💎💎💎💎💎💎💎💎💎💎💎💎💎💎💎💎💎💎💎💎💎💎💎"
2289,B — Identity Framing,centroid,"#IF WE DONT FIGHT WE CANT WIN. FIGHT. FIGHT.
💎💎💎💎💎💎💎💎💎💎💎💎💎💎💎💎💎💎💎💎💎💎💎💎💎💎💎💎💎💎💎💎💎💎💎💎💎💎💎💎💎💎💎💎💎
💎💎💎💎💎💎💎💎💎💎💎💎💎💎💎💎💎💎💎💎💎💎💎💎💎💎💎💎💎💎💎💎💎💎💎💎💎💎💎💎💎💎💎💎💎💎💎💎💎💎💎💎💎💎💎💎💎💎💎💎💎💎💎💎💎💎💎💎💎💎💎💎💎💎💎💎💎💎💎💎💎💎💎💎💎💎💎💎💎💎💎💎💎💎💎💎💎💎💎💎💎💎💎💎💎💎💎💎💎💎💎💎💎💎💎💎💎💎💎💎"
2289,B — Identity Framing,top_score_675,THIS MAN KNOWS THE ANGER WITHIN US! IT’S TIME TO TAKE THE POWER BACK!
2289,B — Identity Framing,top_score_95,Too young for this fight! 😂😂
2289,B — Identity Framing,top_score_67,"It's midnight. In a few hours, we transition to the bloodiest war of our lives. I've been to real war and this is exactly what it feels like. There's an aroma in the air. Senses are heightened. The mind hampster-wheeling on full-throttle. This is the eerie moment between chaos and blood bath. Ready your breakfast and eat hearty. For tonight, we dine in hell!"
2378,A — Uncertainty Expressions,centroid,can you elaborate?
2378,A — Uncertainty Expressions,centroid,Can someone else elaborate on this as well?
2378,A — Uncertainty Expressions,centroid,PLease do elaborate
2378,A — Uncertainty Expressions,top_score_144,Could you elaborate please?
2378,A — Uncertainty Expressions,top_score_83,Care to elaborate?
2378,A — Uncertainty Expressions,top_score_56,could you elaborate on that?
2424,C — Normative Pressure,centroid,"#No selling until the squeeze is squoze.

https://isthesqueezesquoze.com/

If you sell before the squeeze, they win and this has all been for nothing. 

#HOLD 💎✋🚀🚀🚀"
2424,C — Normative Pressure,centroid,"#No selling until the squeeze is squoze.

https://isthesqueezesquoze.com/

If you sell before the squeeze, they win and this has all been for nothing. 

#HOLD 💎✋🚀🚀🚀"
2424,C — Normative Pressure,centroid,"#No selling until the squeeze is squoze.

https://isthesqueezesquoze.com/

If you sell before the squeeze, they win and this has all been for nothing. 

#HOLD 💎✋🚀🚀🚀"
2424,C — Normative Pressure,top_score_2038,"No selling until the squeeze is squoze.

https://isthesqueezesquoze.com/

If you sell before the squeeze, they win and this has all been for nothing. 

#HOLD 💎✋🚀🚀🚀"
2424,C — Normative Pressure,top_score_804,"#No selling until the squeeze is squoze.

https://isthesqueezesquoze.com/

If you sell before the squeeze, they win and this has all been for nothing. 

#HOLD 💎✋🚀🚀🚀"
2424,C — Normative Pressure,top_score_743,"#No selling until the squeeze is squoze.

https://isthesqueezesquoze.com/

If you sell before the squeeze, they win and this has all been for nothing. 

#HOLD 💎✋🚀🚀🚀"
2468,B — Identity Framing,centroid,Class Action Lawsuit for RH
2468,B — Identity Framing,centroid,Class action lawsuit against RH
2468,B — Identity Framing,centroid,# CLASS ACTION LAWSUIT AGAINST RH?
2468,B — Identity Framing,top_score_993,"&gt; Fyre Festival

If we all win a class-action lawsuit against RH, we should all pitch in to make the Fyre Festival actually happen."
2468,B — Identity Framing,top_score_686,File the suit today and get all of reddit to sign on. Make sure RH hears you loud and clear.
2468,B — Identity Framing,top_score_350,RH WILL HAVE A GREAT TIME WITH THE CLASS ACTION LAWSUIT
2501,C — Normative Pressure,centroid,Have faith 🚀🚀🚀💎🤚
2501,C — Normative Pressure,centroid,I have faith in you 🙏
2501,C — Normative Pressure,centroid,Keep faith
2501,C — Normative Pressure,top_score_152,"How do you not have Journey ""Don't stop believing""?!?"
2501,C — Normative Pressure,top_score_128,You just gotta have faith
2501,C — Normative Pressure,top_score_72,I believe in you!
2527,B — Identity Framing,centroid,It’s too many cowards in now...
2527,B — Identity Framing,centroid,Cowards!!! /s
2527,B — Identity Framing,centroid,Cowards.
2527,B — Identity Framing,top_score_1621,They’re a bunch of fucking cowards.
2527,B — Identity Framing,top_score_562,This is when a battle becomes a rout.  Sometimes you cannot see how close you were in the heat of the moment.
2527,B — Identity Framing,top_score_224,ENEMY MORALE IS DECREASING
2552,A — Uncertainty Expressions,centroid,Real 1
2552,A — Uncertainty Expressions,centroid,ItS NoT ReAL cPitAliSm
2552,A — Uncertainty Expressions,centroid,But he/she wasn’t real.
2552,A — Uncertainty Expressions,top_score_339,Guys - this is 99% a LARP.
2552,A — Uncertainty Expressions,top_score_162,"fucking hilarious seeing this comment at -700 karma, what if it's a real guy and he's crying rn lmao"
2552,A — Uncertainty Expressions,top_score_109,Give this man his like for actually being a real one and some 🚀🚀🚀
2564,B — Identity Framing,centroid,"5 Banana cost $10. Snake hold 5 banana. Snake want to sell bananas for $10. But ape smart. Ape say to ape friends, “buy banana. Banana price go up.” Apes buy all bananas. Banana price go up, forcing snake to sell banana expensive."
2564,B — Identity Framing,centroid,"# WHY YOU SHOULD NEVER SELL

Imagine 10 apes owning 10 bananas each. They give their bananas to a lion who stores them in a vault and writes down how many bananas each ape owns. Every one of those 10 apes owns 10 banana on paper and there are 100 bananas in the vault.

The lion now lends the bananas to a snake. The Vault contains 0 bananas, but every ape still owns 10 bananas on paper.

The snake now sells the banana back the apes for $5 each. The 10 apes buy their own bananas again and again bring them to the lion. The lion puts them into the Vault again. The Vault now contains 100 bananas again, but every ape owns 20 bananas on paper. =&gt; Short Ratio of 100%

Now the snake wants to rebuy the bananas cheaper to give them back to the lion to make a profit. But even though the snake used dirty tricks to attempt to convince the apes to sell their bananas cheaper than $5, only 2 dumb apes sell their bananas. They take them out of the vault, so the vault now contains 60 bananas, and sell them to the snake.

The snake buys the 40 bananas those 2 apes owned and gives them back to the lion. The Vault still contains 100 bananas, But the 8 smart apes who didn't sell still own 160 bananas / 20 bananas each on paper. =&gt; 60% Short Ratio.

But whatever price those 2 apes sell their bananas for **DOES NOT MATTER. THE PRICE WHILE TRADING IS LIMITED IS COMPLETELY IRRELEVANT.** The snake and nobody else (fuck you SEC and RH!) can force the other 8 apes to sell their bananas for that price as well.

(EDIT: Also, if the snake offers too low of a price, the other apes could buy the bananas for more. This would mean that the snake still hasn't covered. This is why RH and others are limiting trading - because they want to make sure the snake is the only one who can buy the bananas to ensure that their evil friend can cover, most likely because the snake is paying them money to do so)

So the snake still has to give back 60 bananas to the lion, so they must buy those 60 bananas from the 8 apes. If the 8 smart apes refuse to sell, the snake has to offer them a higher price. So every one of those apes can sell 7,5 of their bananas for whatever fucking price they want.

# BUY AND HOLD. /u/Diqmorphin"
2564,B — Identity Framing,centroid,"So we apes have 10 bananas. A snake comes up and asks to borrow 9 bananas. We say. Fuck it. Have at it. But by this date XXX you must give me back my bananas. The snake agrees and takes 9 bananas and instantly turns around and sells the 9 bananas. Why? Because the snake believes the value if the banana will go down. So he is thinking he will buy back the banana later when its cheaper, so he can return the bananas he owes to the apes by the specific date they agreed on. The ape. Realizing the snake thinks bananas are shitty and ape lives the banana tells his other apes about the snake. Now snake Is getting close to the date that the snake must give back bananas so he's looking to buy some cheap bananas. Instead he sees all the apes in the tree holding what bananas are left. Snake can't find any bananas not owned by the apes. Snake is getting pissed because he realized he fucked up. Hissing and biting the air. Putting on a big show. But the apes won't sell. Because with there only being such a small amount of shares left. It was much easier to gather them all up and NOT sell to the snake. Raising the price of the banana before the date that the snake MUST buy back the bananas to give the bananas back. Issue is. Ape is the one who is holding the bananas and since those are the only ones available, the apes can name their price and the snake has no one else to turn to, to buy the bananas. = Snake fucked. NOT FINANCIAL ADVICE. JUST A KIDS FAIRY TAIL STORY."
2564,B — Identity Framing,top_score_1124,"Yes but you could buy that one banana, and then loan it out 2 times!!"
2564,B — Identity Framing,top_score_527,oh my god everyone THEY'RE SHORTING BANANAS!!!  GET EM!
2564,B — Identity Framing,top_score_265,Dont forget the part where monkey charges snake $2.50 interest everytime snake doesnt give back a banana while he waits for the lrice of bananas to go back down.
2590,C — Normative Pressure,centroid,Diamond Hands
2590,C — Normative Pressure,centroid,HANDS: DIAMOND
2590,C — Normative Pressure,centroid,DIAMOND HANDS DIAMOND HANDS.
2590,C — Normative Pressure,top_score_77,Diamond hands. Simple as.
2590,C — Normative Pressure,top_score_67,diamond. hands.
2590,C — Normative Pressure,top_score_49,paper hands. cant be DFV he has diamond hands
2592,B — Identity Framing,centroid,"WE ARE APES!


APES STRONG TOGETHER!"
2592,B — Identity Framing,centroid,**APES TOGETHER STRONG. APES TOGETHER GO MOON!!** 🚀🚀🚀🚀🚀🚀🚀🚀🚀
2592,B — Identity Framing,centroid,"🦍🦍🦍 Apes together strong 💪💪💪 

🦍🦍🦍 Apes together go to the moon 🚀🚀🚀"
2592,B — Identity Framing,top_score_522,"APE

✋💎🤚

TOGETHER

✋💎🤚

STRONG"
2592,B — Identity Framing,top_score_489,🦍 APES 🦍 TOGETHER 🦍 STRONG 🦍
2592,B — Identity Framing,top_score_484,"APES TOGETHER STRONG   

# 💎🙌"
2606,B — Identity Framing,centroid,Keep buying in if you can we have to win. Apes together strong
2606,B — Identity Framing,centroid,Apes together 🦍🦍🦍 strong!
2606,B — Identity Framing,centroid,"HE IS STILL IN!!

I'M IN. YOU ARE IN.

APES TOGETHER STRONG 🦍🦍

SEE YOU AT THE MOON 🚀🚀🚀🚀🚀🚀🚀🚀"
2606,B — Identity Framing,top_score_6826,GME IS ALMOST BACK TO 400!!! Apes TOGETHER strong!
2606,B — Identity Framing,top_score_1110,"WE ARE ALL IN THIS TOGETHER. 

HOLD THE LINE AND FEAR NOT TODAY. 

WE GOT THIS NO MATTER WHAT THEY DO. 

🚀🚀🚀🚀🚀🚀🚀🚀🚀🚀🚀🚀

We feast on their tears. DO NOT SELL. HOLD THROUGH NEXT WEEK AND FORCE THEIR HAND. 

WE. ARE. LEGION. APES STRONG TOGETHER. 

🦍🦍🦍🦍🦍🦍🦍🦍🦍🦍🦍🦍🦍🦍🦍🦍🦍"
2606,B — Identity Framing,top_score_452,"Goddamn as a retard i understand this.
 *BUYS IN*

#APE STRONG!"
2608,C — Normative Pressure,centroid,Dont sell hold
2608,C — Normative Pressure,centroid,DONT SELL HOLD
2608,C — Normative Pressure,centroid,DO NOT SELL. HOLD. DO NOT SELL. HOLD.
2608,C — Normative Pressure,top_score_81,"INDEFINITE HOLD UNTIL $69,420.00 NEVER SELLING"
2608,C — Normative Pressure,top_score_71,"Upvote for hold, downvote for sell"
2608,C — Normative Pressure,top_score_60,It's only crippled if you sell. Fucking hold
2609,B — Identity Framing,centroid,APES!
2609,B — Identity Framing,centroid,Go Apes Go! 💎👐 for 🚀🚀🚀🚀🚀
2609,B — Identity Framing,centroid,WR ARE APES
2609,B — Identity Framing,top_score_363,"On behalf of the poor apes that couldn't get in on it, godspeed you beautiful bastards."
2609,B — Identity Framing,top_score_278,"HOLD THE FUCKING LINE

🦍 APES 🦍 TOGETHER 💪 STRONG 💪"
2609,B — Identity Framing,top_score_234,"Have you SEEN his hands? Apes don't fold, we hold 🦍"
2630,B — Identity Framing,centroid,"HOLD THE FUCKING STOCKS 

APES TOGETHER STRONG"
2630,B — Identity Framing,centroid,"Hold and we can buy our own WSB. 

🦍🦍 apes strong together."
2630,B — Identity Framing,centroid,everything's already up after market. thank you to all who held on. APES TOGETHER STRONG 👐💎
2630,B — Identity Framing,top_score_141,"Man - I said this in another comment. I will be the first to admit I bought in with everyone to possibly make a quick buck. After seeing this insanely corrupt shit, *I will lose fucking ALL of it to keep this going with all of you*. **This shit is real now man, this shit is real.**

If we stick together, we can make this system of corruption and imbalance IMPLODE. ***Apes. Strong. Together.***"
2630,B — Identity Framing,top_score_132,"I was watching until I saw this post. I just YOLOed my spending money for the next 2 weeks and some I had saved for my next Tattoo into robbinghood and bought 1 share in the memory of OP's Father's loss.   


Apes together strong!  🦍  🦍  🦍"
2630,B — Identity Framing,top_score_109,"We only took the hit because Thursdays market prevented million of BB shares to be bought. The fight isn't over yet my brother. 🦍🚀🤲💎

Together, we are strong. Apes..... UNITE! 🦍   🦍  🦍 🦍🦍🦍🦍🦍"
2638,B — Identity Framing,centroid,"WE HOLD TOGETHER **IF THEY WANT TO BUY SHARES THEY BETTER COME GET EM** SET ALL YOUR LIMIT SELLS AS HIGH AS YOUR PLATFORM WILL LET IT They needed your shares so badly that they literally risked PRISON TIME to get them. They tried robbing you, and I'm not even exaggerating. They were within 30 seconds of all being wiped out yesterday. ***THIS IS NOT ADVICE*** 💎💎💎🙌🙌🙌🙌🙌

FOR THE BRAVE MEN AND WOMEN WHO FOUGHT YESTERDAY

❤ I LIKE THIS STOCK GME/AMC/BB ❤

💪🐵 APE TOGETHER STRONG 🐵💪

🚀🌕 TO THE MOON 🚀🌕

💎🙌 DIAMOND HANDS ONLY 💎🙌

🖇 HOLD THE LINE 🖇

📈💹 STONKS ONLY GO UP 📈💹

👿🔒 LOCK HEDGEFUND DEVILS UP 👿🔒

FRIDAY IS REGULAR PAYDAY FOR WAGECUK AUTISTS LIKE ME GIVE THEM HELL AND BUY MORE MEME STONK LETS GO!🚀🚀🚀🚀🚀

***THIS IS WAR*** [https://youtu.be/-3rkTN2TnT0](https://youtu.be/-3rkTN2TnT0)"
2638,B — Identity Framing,centroid,"WE HOLD TOGETHER **IF THEY WANT TO BUY SHARES THEY BETTER COME GET EM** SET ALL YOUR LIMIT SELLS AS HIGH AS YOUR PLATFORM WILL LET IT They needed your shares so badly that they literally risked PRISON TIME to get them. They tried robbing you, and I'm not even exaggerating. They were within 30 seconds of all being wiped out yesterday. ***THIS IS NOT ADVICE*** 💎💎💎🙌🙌🙌🙌🙌

FOR THE BRAVE MEN AND WOMEN WHO FOUGHT YESTERDAY

❤ I LIKE THIS STOCK GME/AMC/BB ❤

💪🐵 APE TOGETHER STRONG 🐵💪

🚀🌕 TO THE MOON 🚀🌕

💎🙌 DIAMOND HANDS ONLY 💎🙌

🖇 HOLD THE LINE 🖇

📈💹 STONKS ONLY GO UP 📈💹

👿🔒 LOCK HEDGEFUND DEVILS UP 👿🔒

FRIDAY IS REGULAR PAYDAY FOR WAGECUK AUTISTS LIKE ME GIVE THEM HELL AND BUY MORE MEME STONK LETS GO!🚀🚀🚀🚀🚀

***THIS IS WAR*** [https://youtu.be/-3rkTN2TnT0](https://youtu.be/-3rkTN2TnT0)"
2638,B — Identity Framing,centroid,"WE HOLD TOGETHER **IF THEY WANT TO BUY SHARES THEY BETTER COME GET EM** SET ALL YOUR LIMIT SELLS AS HIGH AS YOUR PLATFORM WILL LET IT They needed your shares so badly that they literally risked PRISON TIME to get them. They tried robbing you, and I'm not even exaggerating. They were within 30 seconds of all being wiped out yesterday. ***THIS IS NOT ADVICE*** 💎💎💎🙌🙌🙌🙌🙌

FOR THE BRAVE MEN AND WOMEN WHO FOUGHT YESTERDAY

❤ I LIKE THIS STOCK GME/AMC/BB ❤

💪🐵 APE TOGETHER STRONG 🐵💪

🚀🌕 TO THE MOON 🚀🌕

💎🙌 DIAMOND HANDS ONLY 💎🙌

🖇 HOLD THE LINE 🖇

📈💹 STONKS ONLY GO UP 📈💹

👿🔒 LOCK HEDGEFUND DEVILS UP 👿🔒

FRIDAY IS REGULAR PAYDAY FOR WAGECUK AUTISTS LIKE ME GIVE THEM HELL AND BUY MORE MEME STONK LETS GO!🚀🚀🚀🚀🚀

***THIS IS WAR*** [https://youtu.be/-3rkTN2TnT0](https://youtu.be/-3rkTN2TnT0)"
2638,B — Identity Framing,top_score_1799,"We’re like an inverse hedge fudge. Lots of people with little money and absolutely no fucking idea what we’re doing on here, but enough autism to strike fear"
2638,B — Identity Framing,top_score_1798,"Imagining a 60 yr old coke addict hedge fund manager try to ""Hello fellow kids"" their way with autists made me fucking LOLLLLLLL

Edit: I'm holding 100 shares @ $90, life is short and hedge funds are fucking gross"
2638,B — Identity Framing,top_score_413,It looks like Wall Street is too scared to wake up Hitler.
2643,B — Identity Framing,centroid,"Give up, Melvin. Give up, Citadel."
2643,B — Identity Framing,centroid,ONCE WE FUCK MELVIN CITADEL IS NEXT
2643,B — Identity Framing,centroid,"Should I take my dick out now, or is it too early? FUCK YOU MELVIN, CITADEL, ROBINHOOD"
2643,B — Identity Framing,top_score_2365,"Melvin, citadel.. we know you're watching, plz plz plz

SHOW US RETARDS THE LOSS PORN 😍😍😍"
2643,B — Identity Framing,top_score_203,Does anyone have any insight into what kind of tricks citadel and Melvin can play now that they are clearly teamed up? Other than all the bullshit they've already been doing?
2643,B — Identity Framing,top_score_135,Citadel is like melvins sisters boyfriend who has to help but really doesn’t want to be involved.
2648,C — Normative Pressure,centroid,"BUY, HOLD, BUY, HOLD. Cant buy? HOLD!"
2648,C — Normative Pressure,centroid,BUY AND HOLD! BUY AND HOLD! BUY AND HOLD! BUY AND HOLD! DIIIIIIIIIAAMMMONNNNDDDD HANNNNNNNDDDSSSSSS
2648,C — Normative Pressure,centroid,"BUY MORE AND HOLD BUY MORE AND HOLD BUY MORE AND HOLD BUY MORE AND HOLD

BUY MORE AND HOLD BUY MORE AND HOLD

BUY MORE AND HOLD BUY MORE AND HOLD

BUY MORE AND HOLD BUY MORE AND HOLD

BUY MORE AND HOLD BUY MORE AND HOLD"
2648,C — Normative Pressure,top_score_219,Is BUY another way to spell HOLD?
2648,C — Normative Pressure,top_score_39,BUY AND HOLD goddammit
2648,C — Normative Pressure,top_score_38,"FUCK THINKING

BUY BUY BUY

HOLD, HOLD, HOLD"
2677,B — Identity Framing,centroid,We hold!! SHIELD WALL!
2677,B — Identity Framing,centroid,SHIELD WALL HOLD
2677,B — Identity Framing,centroid,Shield wall only works if everyone holds the line and holds their shields strong! 🛡🧱💪
2677,B — Identity Framing,top_score_2084,"SPARTAN SHIELD WALL HOLD STRONG AROO AROO AROO

LOOK AT ME

WE ARE THE MARKET NOW"
2677,B — Identity Framing,top_score_336,ON THESE SHIELDS BOYS!!! 💎🙌💎🙌💎🙌
2677,B — Identity Framing,top_score_271,Spartannnns . SHIELD WALLL!
2678,B — Identity Framing,centroid,"Now Auctioning this off at 99 Cents.

[http://ebay.us/Gsvn8H?cmpnId=5338273189](http://ebay.us/Gsvn8H?cmpnId=5338273189)

80% profits are donated to Nonprofit organizations.-"
2678,B — Identity Framing,centroid,"Now Auctioning this off at 99 Cents.

[http://ebay.us/Gsvn8H?cmpnId=5338273189](http://ebay.us/Gsvn8H?cmpnId=5338273189)

80% profits are donated to Nonprofit organizations.-"
2678,B — Identity Framing,centroid,"&gt;Now Auctioning this off at 99 Cents.  
&gt;  
&gt;http://ebay.us/Gsvn8H?cmpnId=5338273189  
&gt;  
&gt;80% profits are donated to Nonprofit organizations.-"
2678,B — Identity Framing,top_score_1316,APES STRONG TOGETHER
2678,B — Identity Framing,top_score_916,APES STRONG TOGETHER
2678,B — Identity Framing,top_score_672,APES TOGETHER STRONG?
2713,B — Identity Framing,centroid,Im going to get a rocket emoji tattoo and a short squeeze tattoo when this all pans out. I have no clue about how the latter should look? Any ideas?
2713,B — Identity Framing,centroid,Im going to get a rocket emoji tattoo and a short squeeze tattoo when this all pans out. I have no clue about how the latter should look? Any ideas?
2713,B — Identity Framing,centroid,Im going to get a rocket emoji tattoo and a short squeeze tattoo when this all pans out. I have no clue about how the latter should look? Any ideas?
2713,B — Identity Framing,top_score_329,"Nice story bro! I will buy the dips sir to help keep bananas where they should be. 
I hate badge fund billionaires ALMOST as much as I love this damn stonk!

Edit: Badge fund = hedge funds. Just a retard that can’t type but still love this damn stonk. Bananas for everyone!"
2713,B — Identity Framing,top_score_165,Dump his ass. Sounds like a paper handed pussy.
2713,B — Identity Framing,top_score_77,"NICE! USING OUR COLLECTIVE CHROMOSOME OUTPUT, NOTHING WILL STOP US!"
2762,A — Uncertainty Expressions,centroid,Happened yesterday too
2762,A — Uncertainty Expressions,centroid,happened yesterday as well
2762,A — Uncertainty Expressions,centroid,Happened yesterday too
2762,A — Uncertainty Expressions,top_score_126,"yeah, that happened yesterday."
2762,A — Uncertainty Expressions,top_score_88,"Happened everyday this week so far, wouldn’t expect anything less from these fuckers"
2762,A — Uncertainty Expressions,top_score_33,Wait. What the fuck? Anyone have this happen to them?
2776,C — Normative Pressure,centroid,HOLD THE LINE !!! HOLD THE LINE!!!! 🚀🚀🚀🚀🕹🕹🕹🕹🕹🕹🕹🕹🚀🚀🚀🚀🚀🚀🚀🚀
2776,C — Normative Pressure,centroid,HOLD THE LINE !! HOLD THE LINE !!
2776,C — Normative Pressure,centroid,HOLD THE LINE!!! HOLD THE LINE!!!
2776,C — Normative Pressure,top_score_1643,HOLD THE LINE !!!
2776,C — Normative Pressure,top_score_1260,Answered with “one of many calls I’ve gotten for that” !!!!!
2776,C — Normative Pressure,top_score_187,DAMN!  So much more opportunity!  Hold the line!
2778,B — Identity Framing,centroid,"*CITADEL, POINT72 TO INVEST $2.75 BLN IN MELVIN CAPITAL: BBG


Lol"
2778,B — Identity Framing,centroid,"\*CITADEL, POINT72 TO INVEST $2.75 BLN IN MELVIN CAPITAL: BBG - ZEROHEDGE"
2778,B — Identity Framing,centroid,"&gt;Citadel, Point72 to Invest $2.75 Billion Into Melvin Capital Management

Short squeeze maybe coming to an end."
2778,B — Identity Framing,top_score_1851,"“Close a position” only means that Melvin Capital transferred their short-selling risk to other institutions.

The short-squeeze still happens, just other financial institutions will take the damage instead of Melvin Capital.

“Covered a position” means that the short-sales have ended.

GME will go beyond $1,000. 🚀🚀🚀🚀🚀"
2778,B — Identity Framing,top_score_195,i want to see melvin and point 72 liquidated. and cohen and plotkin to go to prison for this.
2778,B — Identity Framing,top_score_165,"Somebody edited Wikipedia and describes them in past tense already:

&gt;**Melvin Capital Management LP** was a New York City-based investment management firm founded in 2014 by Gabriel Plonker.[\[1\]](https://en.wikipedia.org/wiki/Melvin_Capital#cite_note-goldstein-1)  It invested primarily in tech and consumer stocks and is reported to  have had $1.5 billion in assets under management as of January 2021, but  lost it all after WallStreetBets squeezed the shorts out of GameStop  (GME). [\[2\]](https://en.wikipedia.org/wiki/Melvin_Capital#cite_note-saacks-2) 

[https://en.wikipedia.org/wiki/Melvin\_Capital](https://en.wikipedia.org/wiki/Melvin_Capital)

Let's not forget there are some unfortunate boomers on the other side with their retirement accounts completely blown up. Let's hope they manage somehow, this is pretty life changing.

F"
2786,B — Identity Framing,centroid,"Goldman Sachs... maybe the biggest hive of scum on the planet.

I can’t even... 🤣🤣🤣"
2786,B — Identity Framing,centroid,Goldman Sachs?
2786,B — Identity Framing,centroid,"Ok, first let me say I admire all those that made a stand against these fuckers.

That being said, I was honestly saddened by this post and the support behind it. My reasoning is that I find it divisive in nature becasue it is introducing the pandemic into a cause that is supposed to unite all the little people, under a common cause, battling the wall street greedy and corrupt giants. 

The next and most vital element is the facts, the facts of how this system works, which is simple and is based on the premise that for someone to win someone has to lose. This ""rebellion"" has certainly disrupted their game, however the reality is, is that GME will not be able to sustain this price indefinitely and will inevitably fall back to normal, therefore a vast majority of the people who made the disruption possible are going to lose everything they have invested. These Hedge funds are just going to continue to double down and short sell, knowing that the inevitable will happen and the 10 billion they lost will translate into $100 Billion in gains, it will just take a little longer. I mean really, how much are brokerage firms really charging these Funds right now to reposition their shorts. The bottom line is, the people who stood against the giants will eventually take a loss. What I am saying is that if you want to reward the heroes' then you need to reward those people wo put their livelihoods on the line to make this possible.

The best thing that could happen right now is all those who have made substantial gains, especially those  who launched this crusade and stand to make Billions themselves, is to use the elites strategy against them, buy short now, liquidate current long positions, use the profits to reimburse all those who are going to take loss, and when the stock drops, use the profits from the short sell to give everyone who lost their investment a sort of dividend. (I am not an expert and this could be illegal, but it does not seem far of from what they are doing and I also figure that those who founded this movement are smart enough to ""adapt"" my principle into something similar that would be legal)

This is a monumental time and when the smoke clears this could swing either way. Either the people who risked it all for the cause come out empty handed and destitute, opening the door for the power houses to freely repeat this practice since nobody will ever stand against them again becasue they will have been utterly broken. Or the people unite and those that gained, support their brothers and sisters who have lost, thus ensuring that if the elites try this again, people will rise up and shatter them once more...If it is the former that happens, you will have accomplished nothing but make a few people rich while hanging everyone else out to dry and sending a clear message to those in power than they can rule with impunity. If it is the latter, then and only then will you have achieved change and therefore greatness. 

I know my local hospital is empty ad the doctors and nurses spend much of their day doing nothing while getting paid. I also know that there are many people and families who are going broke becasue they have been forced out of work and are not getting any income at all.. This is why I don't don't think introducing the pandemic into this is appropriate and is divisive as previously mentioned.

This is nothing personal, and not an attack. I am just offering another perspective to consider.

Take Care and good luck to all you brave people. (I have no financial stake in this movement)"
2786,B — Identity Framing,top_score_1216,"Because that is how capitalism is suppose to work. Crony capitalism is bailing out the big banks because they fucked up. Short sellers issuing  dipshit reports (not all) to tank retail investors like me.  

With his example. If these firms tank someone someone smarter comes in and picks up the pieces. Like our Boy Cohen. That is the way it should work. Survival of the fittest. Instead we have Ivey league fucks with their mba or cpa, on life support by our tax dollars. 

Were the ones that run the economy, government should bail us out. Not losers."
2786,B — Identity Framing,top_score_395,"Regardless of who wins this battle, three major things this did in one day that I could not convince normies of in a decade:

1. Expose how rigged the stock market is
2. Expose how corrupt both parties are and that they are in Wall Streets pocket, regardless of who ""controls the House, Senate, and Presidency""
3. Expose the depth of corruption and collaboration across all institutions including regulators, big tech, media, etc

Mass exodus from the financial crime network coming up after this episode."
2786,B — Identity Framing,top_score_392,"It is pathetic but I'll tell you what, it will work. Soon enough you'll see the general public and twitter warriors tweeting about this and calling us alt-right white supremacists, and medias like Vice and what not shitting articles about this whole thing and us painting us as basement-dwelling, racist white neckbeards or whatever is it that they do, and everyone will buy it. 

When we are nothing but common people who decided to all invest their well and hard-earned money in this one stock and are making bank out of it, in a nicer and much more ethical way than those Wall Street dried old fermented sharks have been since the dawn on time.

Our one and only crime? 
We dared to do what the elites thought only they could do. We invested money into stock."
2843,C — Normative Pressure,centroid,BUY!!!!!!!! HOLD!!!!!!!! BUY!!!!!!!! HOLD!!!!!!!! BUY!!!!!!!! HOLD!!!!!!!! BUY!!!!!!!! HOLD!!!!!!!! BUY!!!!!!!! HOLD!!!!!!!! BUY!!!!!!!! HOLD!!!!!!!! BUY!!!!!!!! HOLD!!!!!!!! BUY!!!!!!!! HOLD!!!!!!!! BUY!!!!!!!! HOLD!!!!!!!! BUY!!!!!!!! HOLD!!!!!!!! BUY!!!!!!!! HOLD!!!!!!!! BUY!!!!!!!! HOLD!!!!!!!! BUY!!!!!!!! HOLD!!!!!!!! BUY!!!!!!!! HOLD!!!!!!!! BUY!!!!!!!! HOLD!!!!!!!! BUY!!!!!!!! HOLD!!!!!!!! BUY!!!!!!!! HOLD!!!!!!!! BUY!!!!!!!! HOLD!!!!!!!! BUY!!!!!!!! HOLD!!!!!!!! BUY!!!!!!!! HOLD!!!!!!!! BUY!!!!!!!! HOLD!!!!!!!! BUY!!!!!!!! HOLD!!!!!!!! BUY!!!!!!!! HOLD!!!!!!!! BUY!!!!!!!! HOLD!!!!!!!! BUY!!!!!!!! HOLD!!!!!!!! BUY!!!!!!!! HOLD!!!!!!!! BUY!!!!!!!! HOLD!!!!!!!! BUY!!!!!!!! HOLD!!!!!!!! BUY!!!!!!!! HOLD!!!!!!!! BUY!!!!!!!! HOLD!!!!!!!! BUY!!!!!!!! HOLD!!!!!!!! BUY!!!!!!!! HOLD!!!!!!!! BUY!!!!!!!! HOLD!!!!!!!! BUY!!!!!!!! HOLD!!!!!!!! BUY!!!!!!!! HOLD!!!!!!!!
2843,C — Normative Pressure,centroid,BUY!!!!!!!! HOLD!!!!!!!! BUY!!!!!!!! HOLD!!!!!!!! BUY!!!!!!!! HOLD!!!!!!!! BUY!!!!!!!! HOLD!!!!!!!! BUY!!!!!!!! HOLD!!!!!!!! BUY!!!!!!!! HOLD!!!!!!!! BUY!!!!!!!! HOLD!!!!!!!! BUY!!!!!!!! HOLD!!!!!!!! BUY!!!!!!!! HOLD!!!!!!!! BUY!!!!!!!! HOLD!!!!!!!! BUY!!!!!!!! HOLD!!!!!!!! BUY!!!!!!!! HOLD!!!!!!!! BUY!!!!!!!! HOLD!!!!!!!! BUY!!!!!!!! HOLD!!!!!!!! BUY!!!!!!!! HOLD!!!!!!!! BUY!!!!!!!! HOLD!!!!!!!! BUY!!!!!!!! HOLD!!!!!!!! BUY!!!!!!!! HOLD!!!!!!!! BUY!!!!!!!! HOLD!!!!!!!! BUY!!!!!!!! HOLD!!!!!!!! BUY!!!!!!!! HOLD!!!!!!!! BUY!!!!!!!! HOLD!!!!!!!! BUY!!!!!!!! HOLD!!!!!!!! BUY!!!!!!!! HOLD!!!!!!!! BUY!!!!!!!! HOLD!!!!!!!! BUY!!!!!!!! HOLD!!!!!!!! BUY!!!!!!!! HOLD!!!!!!!! BUY!!!!!!!! HOLD!!!!!!!! BUY!!!!!!!! HOLD!!!!!!!! BUY!!!!!!!! HOLD!!!!!!!! BUY!!!!!!!! HOLD!!!!!!!! BUY!!!!!!!! HOLD!!!!!!!! BUY!!!!!!!! HOLD!!!!!!!! BUY!!!!!!!! HOLD!!!!!!!! BUY!!!!!!!! HOLD!!!!!!!!
2843,C — Normative Pressure,centroid,BUY!!!!!!!! HOLD!!!!!!!! BUY!!!!!!!! HOLD!!!!!!!! BUY!!!!!!!! HOLD!!!!!!!! BUY!!!!!!!! HOLD!!!!!!!! BUY!!!!!!!! HOLD!!!!!!!! BUY!!!!!!!! HOLD!!!!!!!! BUY!!!!!!!! HOLD!!!!!!!! BUY!!!!!!!! HOLD!!!!!!!! BUY!!!!!!!! HOLD!!!!!!!! BUY!!!!!!!! HOLD!!!!!!!! BUY!!!!!!!! HOLD!!!!!!!! BUY!!!!!!!! HOLD!!!!!!!! BUY!!!!!!!! HOLD!!!!!!!! BUY!!!!!!!! HOLD!!!!!!!! BUY!!!!!!!! HOLD!!!!!!!! BUY!!!!!!!! HOLD!!!!!!!! BUY!!!!!!!! HOLD!!!!!!!! BUY!!!!!!!! HOLD!!!!!!!! BUY!!!!!!!! HOLD!!!!!!!! BUY!!!!!!!! HOLD!!!!!!!! BUY!!!!!!!! HOLD!!!!!!!! BUY!!!!!!!! HOLD!!!!!!!! BUY!!!!!!!! HOLD!!!!!!!! BUY!!!!!!!! HOLD!!!!!!!! BUY!!!!!!!! HOLD!!!!!!!! BUY!!!!!!!! HOLD!!!!!!!! BUY!!!!!!!! HOLD!!!!!!!! BUY!!!!!!!! HOLD!!!!!!!! BUY!!!!!!!! HOLD!!!!!!!! BUY!!!!!!!! HOLD!!!!!!!! BUY!!!!!!!! HOLD!!!!!!!! BUY!!!!!!!! HOLD!!!!!!!! BUY!!!!!!!! HOLD!!!!!!!! BUY!!!!!!!! HOLD!!!!!!!! BUY!!!!!!!! HOLD!!!!!!!!
2843,C — Normative Pressure,top_score_57,Buy BB!!!!!
2843,C — Normative Pressure,top_score_41,Buy buy buy dog e!
2843,C — Normative Pressure,top_score_38,"&gt;VOLUME ALMOST 5X FLOAT! OF WHICH THERE IS OVER 💯 % SHORT . IF ALL THOSE SHARES ARE GOING INTO 💎💪🏼THEN THIS 🚀DESTINATION IS TENDYTOWN! WE HIT OVER 150$ 1K IS NOT SUFFICIENTLY HIGH ENOUGH ANYMORE! WE GO TO 4206.90!!!POWER TO THE PLAYERS!🚀🚀🚀🚀🚀🚀🚀🚀🚀🚀🚀🚀🚀🚀🚀🚀🚀🚀🚀🚀🚀 DONT SELL YOUR OXYGEN IN SPACE TO 🌈🍋🐻 FOR 1k WHEN THEY HAVE NONE AND WILL GLADLY SLURP IT OFF YOUR 💎🍆 FOR 5k! PREPARE FOR WARPSPEED 🦍s!🚀🚀🚀🚀🚀🚀🚀🚀🚀🚀



#LITERALLY ALL YOU HAVE TO DO IS 💎💪🏼"
2859,C — Normative Pressure,centroid,DONT FUCKING SELL
2859,C — Normative Pressure,centroid,dont fucking sell
2859,C — Normative Pressure,centroid,Dont fucking sell
2859,C — Normative Pressure,top_score_153,i cant fucking sell
2859,C — Normative Pressure,top_score_85,Don't fuckin sell
2859,C — Normative Pressure,top_score_77,DO NOT FUCKING SELL AMC
2903,B — Identity Framing,centroid,Ban this guy
2903,B — Identity Framing,centroid,Ban this guy
2903,B — Identity Framing,centroid,ban this guy
2903,B — Identity Framing,top_score_464,"No. 

But all of his friends do."
2903,B — Identity Framing,top_score_47,Ban this guy
2903,B — Identity Framing,top_score_27,That you Chamath?
2927,B — Identity Framing,centroid,Class-action lawsuit time?
2927,B — Identity Framing,centroid,I WANT A CLASS ACTION LAWSUIT
2927,B — Identity Framing,centroid,is class a short for class action lawsuit
2927,B — Identity Framing,top_score_23024,"Chapman Albin is an investors rights firm that my buddy works at. Just got off the phone w him. He is going to post a press release regarding the case they are filing. 
Let me know if you need help finding a lawyer. 
Disclaimer: I’m not getting anything out of this"
2927,B — Identity Framing,top_score_4524,How can I get in on this class action? I'm filing through SEC but I'd like to file for the class action as well.
2927,B — Identity Framing,top_score_674,"https://ecf.nysd.uscourts.gov/doc1/127128425123

Link to suit. But as stated above, the site is very much down right now."
2945,A — Uncertainty Expressions,centroid,Whats going on with bb?
2945,A — Uncertainty Expressions,centroid,whats going on with bb ?
2945,A — Uncertainty Expressions,centroid,"whats going on with BB, what is happening."
2945,A — Uncertainty Expressions,top_score_44,Same thing happened with BB 1-2 weeks ago
2945,A — Uncertainty Expressions,top_score_29,Wtf is up with that? We dun ben had...
2945,A — Uncertainty Expressions,top_score_29,Did everyone bail on BB? Why can’t we get any support?
2946,C — Normative Pressure,centroid,HOLD THE LINE!!! HOLD THE LINE!!!! BTFD
2946,C — Normative Pressure,centroid,HOLD THE LINE!!!! HOLD THE LINE!!!
2946,C — Normative Pressure,centroid,HOLD THE LINE. HOLD THE LINE!!!!!!!!!!!!!!!!!!!!!!!!!!!!!
2946,C — Normative Pressure,top_score_61,You must be new here.  Please have a seat and wait for your number to be called- your new romantic surrogate will be out to meet your partner shortly (please don't make direct eye contact).
2946,C — Normative Pressure,top_score_50,DONT GET SCARED! HOLD THE LINE!!!
2946,C — Normative Pressure,top_score_35,FOR REAL! HOLD THE LINE!!!
2967,C — Normative Pressure,centroid,DONT SELL
2967,C — Normative Pressure,centroid,DONT SELL
2967,C — Normative Pressure,centroid,DONT SELL
2967,C — Normative Pressure,top_score_1125,DONT SELL
2967,C — Normative Pressure,top_score_117,DONT SELL
2967,C — Normative Pressure,top_score_47,DO NOt sell
3005,B — Identity Framing,centroid,"I know this will get buried but just my 2 cents (both going to GME) 

I’m December of 2008 I was 15 years old. I knew something was up but didn’t know how bad it was until one day. My mom was standing outside of our garage. She was acting as a single mother, as put dad was deployed at the time bd half a world away. She was shaking and blowing her lid while screaming into the phone. I figured out she was talking to the mortgage company about having to short sale our family home. The house myself, two younger sisters and baby brother were growing up in. This woman, who quit smoking 8 years earlier tried her damndest to light a cigarette, hands shaking, sobbing, after the bank told her there was nothing they could do and that if she didn’t complete the short sale they would foreclose on our house. My dad was on a ship and had no clue this was happening and wouldn’t find out for a few more weeks at the very best. 

These assholes forced a military family out of their home while the bread winner was deployed, caused a mother o break down in front of her children for the first time ever. They took everything out of my families meager retirement fund, savings and all available assets left behind. I’m in this not for the money, but to watch these wallstreet bastards bleed dry. Holding my few shares until they can’t possible survive. Holding my few shares for all of the hardships that they caused during the housing collapse. Holding my few shares for all of the pain, suffering and torment caused. Holding my shares for the families that were destroyed, left homeless, destitute, and without a pot to piss in. 

Get ready fellow apes, we are making history here. Even if we lose we have sent a message, and I will continue sending this message until I can’t any longer. Diamond hands to the cosmos brothers and sisters"
3005,B — Identity Framing,centroid,"I fell into deep depression back in October. It was so difficult for me to do my work and even socialize or even leave my room. I was self loathing all the fucking time and hated everyone, the world, and especially myself. I wanted to end my life and would constantly fantasize about ways to end it. I ended up failing my medical school semester and I just felt like I deserved it. All those negative feelings carried into the new year and my repeat semester. ALL UP UNTIL THIS MOVEMENT. This fucking movement is what changed my perspective. There was more to life than constantly beating yourself up every day for not being productive for 12 hours constantly like all those successful high functioning people in society tell you. For the first time in my life, I felt like I was a part of something Historical in the making. Part of something that I wasn't fighting alone. Part of a community of people who United together to stand up against the Elite Establishment. I don't care about my personal monetary losses at the end of the day now. I just care about being a part of this movement in fucking over the Wall Street Pigs who've had it easy their whole life. 
💎💎👋👋👋👋👋HOLD $GME to 10K, BROTHERS. 🚀🚀🚀🚀🚀🚀 
Monday morning is a HUGE Fucking day for us. We will not back down. We will double down on our beliefs in ensuring we fuck over the Wall Street hedge funds."
3005,B — Identity Framing,centroid,"It’s crucial that we all stand up against this for the long haul. 

The millennial stereotype that our attention span is so short that they’ll just tell us what we want to hear for a month and we’ll forget about it and nothing ends up happening, needs to be tried and proven false. I hate to compare this to BLM because a mans life was lost, but his life was lost due to institutionalized racism/violence, and this is institutionalized classism, corruption, bullshit. Just like BLM, we need to create an even larger following; just like not everyone is black, not everyone participates in the market, but everyone, regardless of political associations, race, gender, and all the other ideas we use to identify ourselves(and in many ways used to divide us) fucks with money. We need to organize on a level that is relatable to the 99%, that really shows how pissed we are and really lays out how this kind of corruption affects all of us. Like, I’m talking the whole playbook; marches, boycotts, sit ins, amongst other pissed-off-people activities. Like, we CAN NOT let this get side tracked by whatever pops up on your news feed next week, next month, whatever. 

Just like we are all saying, “fuck y’all, I’m holding”, we need to CONTINUOUSLY  hold those responsible for their market manipulation and fuckery today. We also need to make sure we are holding ourselves and each other accountable in our rage. How pissed off are you? How far is too far? How unfair is acceptable? How easily do you fold? Because these fucks definitely don’t think we have it in us to do what it takes. If we’re going to war (I’m a pacifist btw) then let’s strap the fuck up and put our minds together and actually change something and actually get these fucks behind bars (and not club fed). It’s about being heard. 

I’m on one, and will be on one until I feel like the world knows that it’s not just WSB or retail investors that are under attack, it’s all of us that aren’t them."
3005,B — Identity Framing,top_score_2233,"I wouldn't throw away half a can of carrots last night after dinner but I'll lose every penny in my account to fuck these assholes over. They created us. Handed us generational poverty and mocked us for being poor and stupid. I've been poor my whole life, but I've never been able to be a part of something that might change the way wealth is distributed. I'm all in 💎🙌💎"
3005,B — Identity Framing,top_score_686,"Screw them, I'm 29 and have lived through two recessions now, and only one person was arrested for the 2008 crisis. Time they got what they deserved"
3005,B — Identity Framing,top_score_486,This is the way.  TY this was touching.  It’s fucking batshit crazy that it takes such a momentous event to bring to light the inequalities many face.  I used to bitch about the Bernie supporters - I get it now. We are sick of the BS double standards that the rich get.  💎🙌💎🙌🚀🚀🚀🚀 I AM STUPID BUT I LIKE THUS STOCK SEC
3010,B — Identity Framing,centroid,The institutions are infiltrating
3010,B — Identity Framing,centroid,"Institutions.

I'm 💎🙌"
3010,B — Identity Framing,centroid,the institutions to each other
3010,B — Identity Framing,top_score_1554,Suck my 🚀 government fucks
3010,B — Identity Framing,top_score_408,INSTITUTIONS SO PISSED RN
3010,B — Identity Framing,top_score_261,They’re just pawns doing what big money tell them to do.
3073,B — Identity Framing,centroid,"Bought 2 at 420 limit for the memes, apes together strong 🚀🚀🚀"
3073,B — Identity Framing,centroid,"Just bought the dip, apes together strong"
3073,B — Identity Framing,centroid,2 shares apes together strong
3073,B — Identity Framing,top_score_7149,Ape no organize. Ape only hold stock
3073,B — Identity Framing,top_score_4027,"1 SHARE OR 1000 SHARES, IT DON'T FUCKIN MATTER

🦍 APES 🦧 TOGETHER 🐒 STRONG 🦍"
3073,B — Identity Framing,top_score_1065,bought 1 share today . Am I an ape brother now?
3092,B — Identity Framing,centroid,Can’t make me sell! Fuck the hedge funds! HOLD
3092,B — Identity Framing,centroid,HOLD. THE HEDGE FUNDS WILL NOT WIN 💎🙌💎🚀
3092,B — Identity Framing,centroid,Fuck these hedge funds. HOLD!
3092,B — Identity Framing,top_score_467,"Hedge fund guys are gonna have to start selling Cutco and Herbalife! 

Cause we’re betting on ten thousand!

🤣🚀💎🚀🤣🚀🚀💎🚀💎🚀🤣🚀💎🚀🤣"
3092,B — Identity Framing,top_score_62,"Money is temporary, the death of hedge funds is eternal. That being said HOLD THE FUCKING LINE AND DONT SELL"
3092,B — Identity Framing,top_score_59,"Well. I’m already 90% of my savings in. Getting paid Friday. Ready one last buy if necessary because I am pissed. CNBC defending these hedge funds as if they’re helpless and investing the “right” way. Holding until we get to MACS J1149 Lensed Star 1(icarus)

💎✋🏼💎✋🏼💎✋🏼👏🏽👏🏽👏🏽💎💎💎💎🚀🌕🌕🌕🌕🌕"
3152,B — Identity Framing,centroid,Apes together strong! 🦍
3152,B — Identity Framing,centroid,APES TOGETHER STRONG! 🦍🦍🦍
3152,B — Identity Framing,centroid,Apes together strong! 🦍🦍
3152,B — Identity Framing,top_score_1226,"And the media says we are manipulators. When we are actually just a bunch of harmless retarded 🦍 🦧 apes pressing buttons. 

🦍 💪🏼 together."
3152,B — Identity Framing,top_score_286,WHO ARE WE?  APES 🦍! WHAT DO WE HAVE? 💎 🙌
3152,B — Identity Framing,top_score_88,Come on. This is WSB. Why not $BB $GME together? APES STAY STRONG TOGETHER
3164,B — Identity Framing | C — Normative Pressure,centroid,"Ape big toe posable, ape hold 4 diamond hands. 1 ape with  diamond hand better  than people think. **💎💎💎💎**"
3164,B — Identity Framing | C — Normative Pressure,centroid,"Ape big toe posable, ape hold 4 diamond hands. 1 ape with  diamond hand better  than people think. **💎💎💎💎**"
3164,B — Identity Framing | C — Normative Pressure,centroid,"🚀🚀🚀🚀Ape big toe posable, ape hold 4 diamond hands. 1 ape with  diamond hand better  than people think. **🙌💎💎💎💎🙌**🚀🚀🚀🚀"
3164,B — Identity Framing | C — Normative Pressure,top_score_2458,That’s $11 billion into OUR FUCKING POCKETS!!! DIAMOND HANDS APES!!!! 💎✊🏼💎✊🏼💎✊🏼💎🚀🚀🚀🚀🚀🚀🚀
3164,B — Identity Framing | C — Normative Pressure,top_score_373,"you crazy son of a bitch, you are making history. APES UNITE DIAMOND HANDS"
3164,B — Identity Framing | C — Normative Pressure,top_score_272,"I’ve spent my life as a retarded ape wondering why I have diamond hands... then I found my home.  Noob here.  HOLDING.  LEARNING. This is the way
🚀🚀🚀🚀💎💎🙌"
3169,A — Uncertainty Expressions,centroid,nah
3169,A — Uncertainty Expressions,centroid,nah
3169,A — Uncertainty Expressions,centroid,"No, only us citizens"
3169,A — Uncertainty Expressions,top_score_25,No
3169,A — Uncertainty Expressions,top_score_25,No
3169,A — Uncertainty Expressions,top_score_24,No
3265,C — Normative Pressure,centroid,Dont sell
3265,C — Normative Pressure,centroid,dont sell
3265,C — Normative Pressure,centroid,Dont sell
3265,C — Normative Pressure,top_score_59,Dont sellll
3265,C — Normative Pressure,top_score_56,If you didn’t sell at 150. Why would you sell now?
3265,C — Normative Pressure,top_score_53,Don’t sell
3282,C — Normative Pressure,centroid,WE LIKE THE STOCK
3282,C — Normative Pressure,centroid,WE LIKE THE STOCK
3282,C — Normative Pressure,centroid,We like the stock.
3282,C — Normative Pressure,top_score_1245,WE LIKE THE STOCK
3282,C — Normative Pressure,top_score_541,💎🙌🏼
3282,C — Normative Pressure,top_score_107,WE LIKE THE STOCK
3284,C — Normative Pressure,centroid,"GAME: STOP 

BOOSTERS: ON 

COCK: OUT 

GME: BOUGHT 

LINE: HELD 

ZOOM: MUTED 

LUBE: APPLIED

HANDS: DIAMOND 

SHITRON: IN SHAMBLES"
3284,C — Normative Pressure,centroid,"GAME: STOP

BOOSTERS: ON

COCK: OUT

GME: BOUGHT

LINE: HELD

ZOOM: MUTED

LUBE: APPLIED

HANDS: DIAMOND

SHITRON: IN SHAMBLES"
3284,C — Normative Pressure,centroid,"GAME: STOP

BOOSTERS: ON

COCK: OUT

GME: BOUGHT

LINE: HELD

ZOOM: MUTED

LUBE: APPLIED

HANDS: DIAMOND

SHITRON: IN SHAMBLES"
3284,C — Normative Pressure,top_score_1448,pretty sure they are poking a giant-ass fucking deep value diamond hoof bull
3284,C — Normative Pressure,top_score_384,"&gt; Diamond hands and a hard dick will get you far.

BRB gonna go get this quote as a tattoo."
3284,C — Normative Pressure,top_score_99,"HERE I AM, I HAVE 1.5 GME, 1.0 VAGINA, AND 2.31 BRAIN CELLS 

...AND 2 DIAMOND HANDS 💎💎"
3286,C — Normative Pressure,centroid,Holding :)
3286,C — Normative Pressure,centroid,Holding holding hold!
3286,C — Normative Pressure,centroid,Yeah! Holding! HOLDING TF OUT OF THIS!
3286,C — Normative Pressure,top_score_94,Holding!
3286,C — Normative Pressure,top_score_63,Holding!
3286,C — Normative Pressure,top_score_34,Holding!!!
3293,B — Identity Framing,centroid,Manipulation
3293,B — Identity Framing,centroid,Manipulation
3293,B — Identity Framing,centroid,Manipulation
3293,B — Identity Framing,top_score_83,Is that not manipulation ?
3293,B — Identity Framing,top_score_54,Manipulation!
3293,B — Identity Framing,top_score_30,These pauses are straight up manipulation.
3322,B — Identity Framing,centroid,"Medical student here, was a first year last year and i was depressed until the pandemic started and i found wsb which led to me betting against SPY and making amazing gains. After that rage died down and second year started again i fell back into a depressed state of mind to the point i had to take a break from school. i took the year off to get my mind right. 

This GME shit lights a fire in my soul, lets me connect with you guys and gives me a purpose. Its the happiest ive been since joining wsb about a year ago. I  wish i felt this way about school and can only be hopeful i feel like this when i start my career  but the upside is there is something in this world that makes the hours fly by and im enjoying every second of it. 

I know people are in a tough spot money wise and for me i am fortunate enough to be financially stable so im not holding to double or triple my account i am holding for the guy next to me... the other redditor who trusts me to hold. I will hold this thing until god knows because wsb hasn't let me down and i  wont let them down."
3322,B — Identity Framing,centroid,"I grew up in a situation where my parents had trouble putting food on the table. It feels like the impact of 2007/2008 is still being felt, and that affected my prospects for employment and attending school. I don't have a car yet. I can't afford to live on my own. Working full time to afford housing will compromise my ability to attend school and pursue a degree for a well paying career. I knew I needed to invest and save for a future if I ever want to try and FIRE, and escape the hellhole that is the current American workforce. 

But I assumed the only safe option was mutual funds, or other ""stable"" investments and that I'd just have to commit to working a long career with only a slim chance of retirement. /r/wallstreetbets changed that, and I've learned here what I should do or shouldn't do. I started my portfolio in April with $50 split between ARKK, TSLA, AMC, and I've put $60 in since then. Most this January. Without even touching it it's grown +150%. With dividend reinvestment that now puts me over $300 when my $20 in GME shoots up haha. 

The game feels different now. We all can benefit when we work together. I'm planning on starting my own business, partly because I need to dump every spare cent I can into my portfolio so I can secure my future, and it feels worthwhile now.

If I can maximize my earnings, reduce my need to work, then that'll remove a lot of financial stress and allow me to focus on the things that matter in life like friends, family, and hobbies. That's what /r/wallstreetbets has given me. It's lit a fire underneath my ass. If GME shoots through the damn roof and past Saturn, that'll give me the explosive start I need on my portfolio to get there that much sooner."
3322,B — Identity Framing,centroid,"As a borderline millennial/zoomer (24y, only started working a couple of years ago) I went through probably the worst period in my life 1,5 year ago where I lost almost everything my parents saved up for me (10k+) through an internet Forex scam. It felt horrible. Devestating. Embarrassing. Knowing my divorced parents both barely have any savings for themselves but still tried to give me a headstart in life. Which I blew. So far no one in my family knows about it. I didn't want to talk about it with anyone, I kept it all in and just sunk further in a downward mental spiral doing a boring ass desk job breaking me mentally day after day.

I initially joined WSB for the shitposts, the loss porn, the memes, as a place where I felt like I wasn't the only one who got everything taken away (even though my case wasn't really what WSB is about, it still gave me some sort of comfort). It was a mental escape for me, from my own misery, where I was able to turn my misery into something I could for the first time laugh at how stupid and naive I was. 

Slowly I started to financially recover. Got a new more interesting job. And overall regained my spirit to fucking  enjoy life instead of being this useless depressed millennial. After a certain amount of time all the memes and banter on wsb really started to awaken my interest in economics. (even though I absolutely hated it in middle school). While 99% of this sub was shitposting and the most retarded DD one could think of, it made economics fun for me. I started to learn more about different topics I saw these fellow retards talk about. Started to learn about the mistakes I made and eventually started making some long term investments myself, getting me (for the first legit time) in the market. 

In the meantime I also started to learn about the 2008 crisis and now these last few days about short selling and the fucked up bullshit Wallstreet is getting away with. Like driving these companies like gme, it's employees and it's share holders deeper into the ground. Even though I'm not all that interested in the possible gains GME could make with this squeeze. I bought myself yesterday 1 share. As a very small throbbing middle finger to Wallstreet. And for all of you here who got fucked in the ass by these billionaires and your wife's boyfriend, whilest still putting a smile on my face over the last year. 

TLDR: WSB was a mental escape for me from my own mental/financial problems and got me back on my feet. I love you retards.

So now I'm holding like many of my fellow retards here, my one. fucking. gme share. And if Wallstreet thinks they can make me sell, they better manipulate this price to 0.

BECAUSE THIS RETARD IS HOLDING! THESE HANDS ARE MADE FROM DIAMONDS 💎✋💎✋! ITS TO THE MOON OR NOTHING🚀🚀🚀🚀

Thank you for coming to my TED talk and may you have a wonderful weekend"
3322,B — Identity Framing,top_score_1695,"Those of you who have made some profits lately, consider giving them a little donation for all the shit the trading app is causing them: [https://www.robinhood.org/](https://www.robinhood.org/)

Edit: Just gave $25 because you all helped me get some AMC tendies.

Edit2: Thanks for the gold friends. Since this is the internet, figured I'd provide proof to help motivate some more: [https://i.imgur.com/bUuN4Wg.png](https://i.imgur.com/bUuN4Wg.png)"
3322,B — Identity Framing,top_score_1322,"I’m making $300+/hour, but I love that we’ve found unity. While I might be the upper-middle-class now, we have all suffered under Wall Street. I was born into a working class family and my parents lost their home.

If GME passes $4200.69, I will tattoo the WSB logo on my ass. Someone, please hold me to that autistic statement

Edit: ban me mods if I don’t follow through"
3322,B — Identity Framing,top_score_926,"This is actually making me get a little emotional. Dude, it’s been a while since I’ve felt much or gave a shit about anything. I’ve been isolated throughout this entire pandemic and live in a state far from home or any sense of community. I’d kind of just... given up. These last few weeks I’ve started caring again; feeling impassioned again; wanting more again. Not just because of the prospect of a payday, but because I’ve realized how fascinating finance is; I’ve found a cause I can really fucking get behind; and most importantly, I’ve found a community of people I actually *like*. 

Fuck that was gay.

Edit: I love you retards. Now fucking **HOLD**"
3338,C — Normative Pressure,centroid,Diamond fucking hands 💎🙌🏽
3338,C — Normative Pressure,centroid,DIAMOND FUCKING HANDS 💎🙌
3338,C — Normative Pressure,centroid,DIAMOND FUCKING HANDS 💎
3338,C — Normative Pressure,top_score_259,💎👏🏼 Diamond hands babyyyy holllllld on 🚀
3338,C — Normative Pressure,top_score_208,DIAMOND FUCKING HANDS BOYS💎💎💎💎💎💎💎💎💎🙌
3338,C — Normative Pressure,top_score_159,"My mom: the news said this is illegal 

Me: unplugging tv with these diamond hands 🙌🏿💎💎💎🚀🚀🚀"
3369,B — Identity Framing,centroid,i rather go to war
3369,B — Identity Framing,centroid,War cry: REEEEEEEEEE
3369,B — Identity Framing,centroid,The war rages on...  The war rages on... The war rages on...
3369,B — Identity Framing,top_score_387,war is comming. powder keg has been lit.
3369,B — Identity Framing,top_score_67,***Brave heart War paint*** TEEEEEENNNNDDIIIIIIEEEEEESSSSSSSSSSSSS
3369,B — Identity Framing,top_score_63,This needs to be a top post! Get ready for war!
3373,B — Identity Framing,centroid,"We are amazing 
Let's save another stock from those monkeys"
3373,B — Identity Framing,centroid,Ape like stock too! Apes strong when apes also like stock.
3373,B — Identity Framing,centroid,"Until some retards sell, or the Hedge Funds get enough stocks to cover, or an asteroid hits the earth, The STONKS Go Up.  (Go to the very Bottom for the Infinite Circle)

Remember the tutorial about the Apes, Bananas and Snakes?

[https://www.reddit.com/r/business/comments/l4ua8d/how\_wallstreetbets\_pushed\_gamestop\_shares\_to\_the/gkrorao?utm\_source=share&amp;utm\_medium=web2x&amp;context=3](https://www.reddit.com/r/business/comments/l4ua8d/how_wallstreetbets_pushed_gamestop_shares_to_the/gkrorao?utm_source=share&amp;utm_medium=web2x&amp;context=3)

Well one additional piece of info is that The Banana Tree owner (GME) decided to buy bananas back at $5.  Thus reducing the total amount of Bananas available.  Lets say from 10 down to 5.1.  He destroyed 2 and kept the others for his BFFs (Ryan Cohen, Michael Burry and apparently Blackrock Financial (guess not all hedge funds are bad.)

All the while, the crafty snakes continued to make and sell contracts to unsuspecting retarded monkey who they would be able to take money from because they also kept spreading false information that the Banana Tree was about to die and its bananas would kill you to all the other animals in the world.

They forgot 1 thing. The Autistic KING KONG (DFV) suspected something was up.  He had seen the bananas test results and knew they were good.  Plus the Tree still had unrealized potential in selling Banana Leaf clothing (online).  So he started to tell his retarded monkey friends (WSB) who are too retarded to have known what was happening but are attracted to shiny things like Rockets and Diamonds, so they tagged along.  So they Went to the Apes if they could have some, they were sad so they said sure.

Well, when King DFV Kong's Bananas actually were good and of course that attracted more retarded monkeys who now wanted some.  Well the Snakes ,who were really Gay Bears, had no idea there were less bananas available.  They thought they were so clever with all there contracts that they had sold to the Retarded Monkeys.

Then one day, one of the Gay Bears (Melvin) allowed for his list of other Trees he had done this too to be found by 3 clever Autist Monkeys who realized that the Snakes were Gay Bears and how they were doing this all throughout the land.  They ran back to Retard Monkey HQ (WSB) and let everyone know.  And you know what, The Bunch of retarded Monkeys believed them.  So they started Buying more of these Bananas.

Well, the Gay Bears started to panic, and instead of just paying up they decided to make it the Retarded Monkeys fault.  But that only notified the rest of the Animal Kingdom what was up.  So then the 2 Stupid Gay Bears realized they didn't have any money to handle this, so they Called in 2 of the Bigger Gay Bears who tried to yell more.  Then they tried to get the Fox who had been transporting Contracts for Bananas to retarded monkeys while telling them they were gonna make it, to pretend he had gone deaf and blind and misplaced his phone to contact anyone to get bananas.  Till all the animals said you are a pathetic excuse for a liar.

**So doing all of this, the smart Autistic monkeys realized that if they owned the bananas, and the contracts for the bananas, that they could tell the Gay Bears they were ready to get the bananas that the contract stated they should have.  Only 1 problem, The monkeys have the bananas that the Gay Bears need to give back to the Monkeys.  And not only that, they continue to created New Contracts.  So as long as the Monkeys keep using their contracts for Bananas and new contracts keep getting written...**

&amp;#x200B;

**THERE IS NO END**"
3373,B — Identity Framing,top_score_667,"Until some retards sell, or the Hedge Funds get enough stocks to cover, or an asteroid hits the earth, The STONKS Go Up.  (Go to the very Bottom for the Infinite Circle)

Remember the tutorial about the Apes, Bananas and Snakes?

[https://www.reddit.com/r/business/comments/l4ua8d/how\_wallstreetbets\_pushed\_gamestop\_shares\_to\_the/gkrorao?utm\_source=share&amp;utm\_medium=web2x&amp;context=3](https://www.reddit.com/r/business/comments/l4ua8d/how_wallstreetbets_pushed_gamestop_shares_to_the/gkrorao?utm_source=share&amp;utm_medium=web2x&amp;context=3)

Well one additional piece of info is that The Banana Tree owner (GME) decided to buy bananas back at $5.  Thus reducing the total amount of Bananas available.  Lets say from 10 down to 5.1.  He destroyed 2 and kept the others for his BFFs (Ryan Cohen, Michael Burry and apparently Blackrock Financial (guess not all hedge funds are bad.)

All the while, the crafty snakes continued to make and sell contracts to unsuspecting retarded monkey who they would be able to take money from because they also kept spreading false information that the Banana Tree was about to die and its bananas would kill you to all the other animals in the world.

They forgot 1 thing. The Autistic KING KONG (DFV) suspected something was up.  He had seen the bananas test results and knew they were good.  Plus the Tree still had unrealized potential in selling Banana Leaf clothing (online).  So he started to tell his retarded monkey friends (WSB) who are too retarded to have known what was happening but are attracted to shiny things like Rockets and Diamonds, so they tagged along.  So they Went to the Apes if they could have some, they were sad so they said sure.

Well, when King DFV Kong's Bananas actually were good and of course that attracted more retarded monkeys who now wanted some.  Well the Snakes ,who were really Gay Bears, had no idea there were less bananas available.  They thought they were so clever with all there contracts that they had sold to the Retarded Monkeys.

Then one day, one of the Gay Bears (Melvin) allowed for his list of other Trees he had done this too to be found by 3 clever Autist Monkeys who realized that the Snakes were Gay Bears and how they were doing this all throughout the land.  They ran back to Retard Monkey HQ (WSB) and let everyone know.  And you know what, The Bunch of retarded Monkeys believed them.  So they started Buying more of these Bananas.

Well, the Gay Bears started to panic, and instead of just paying up they decided to make it the Retarded Monkeys fault.  But that only notified the rest of the Animal Kingdom what was up.  So then the 2 Stupid Gay Bears realized they didn't have any money to handle this, so they Called in 2 of the Bigger Gay Bears who tried to yell more.  Then they tried to get the Fox who had been transporting Contracts for Bananas to retarded monkeys while telling them they were gonna make it, to pretend he had gone deaf and blind and misplaced his phone to contact anyone to get bananas.  Till all the animals said you are a pathetic excuse for a liar.

**So doing all of this, the smart Autistic monkeys realized that if they owned the bananas, and the contracts for the bananas, that they could tell the Gay Bears they were ready to get the bananas that the contract stated they should have.  Only 1 problem, The monkeys have the bananas that the Gay Bears need to give back to the Monkeys.  And not only that, they continue to created New Contracts.  So as long as the Monkeys keep using their contracts for Bananas and new contracts keep getting written...**

&amp;#x200B;

**THERE IS NO END**"
3373,B — Identity Framing,top_score_489,"I’m holding. I held at 450$ I’m not going to sell at 196

Together apes strong🚀💎🌟😤

Edit: Our faith was tested, but our diamond hands remained clasped, now we are back en route to the moon GME👑"
3373,B — Identity Framing,top_score_444,"WE AINT FUCKING LEAVING. 
APE LIKE THIS STOCK, APE LOVE THIS STOCK 
💎🚀🚀💎"
3378,A — Uncertainty Expressions,centroid,What just happened l?
3378,A — Uncertainty Expressions,centroid,what just happened
3378,A — Uncertainty Expressions,centroid,What just happened
3378,A — Uncertainty Expressions,top_score_44,Idk what just happened but I turned around and had a sword in my hand
3378,A — Uncertainty Expressions,top_score_26,I DIDNT CHECK FOR 2 HOURS WHAT HAPPENED LMAOOOO
3378,A — Uncertainty Expressions,top_score_23,How the hell did that happen? More importantly why?
3390,C — Normative Pressure,centroid,"BUY HOLD BUY HOLD BUY HOLD BUY HOLD BUY HOLD BUY HOLD 

BUY HOLD BUY HOLD BUY HOLD BUY HOLD BUY HOLD BUY HOLD"
3390,C — Normative Pressure,centroid,BUY HOLD BUY HOLD BUY HOLD BUY HOLD BUY HOLD BUY HOLD BUY HOLD BUY HOLD BUY HOLD BUY HOLD BUY HOLD BUY HOLD
3390,C — Normative Pressure,centroid,Buy buy buy hold hold hold buy hold buy hold buy buy hold hold buy buy hold buy hold hold
3390,C — Normative Pressure,top_score_898,"TLDR; prepare, hold and then buy the share

&amp;#x200B;

edit: we love the community  💎✋"
3390,C — Normative Pressure,top_score_117,BUY IN AND HOLDDD
3390,C — Normative Pressure,top_score_73,Holding and profiting!!!!
3402,B — Identity Framing,centroid,"Everyone is for the little guy here, this is an easy case"
3402,B — Identity Framing,centroid,Because they actually hate the little guy.
3402,B — Identity Framing,centroid,Because it's the little guy doing it.
3402,B — Identity Framing,top_score_346,"I want them to hurt so damn bad. I know this is evil and selfish of me and I should want everyone in the world to have their basic needs met, kumbaya, world peace, whatever, but...

God, I'm poor. I'm fucking poor. I have suffered for it, just like OP suffered for it. Just like so many others on this sub have suffered for it. I want these fucks to lose everything so damn bad. I want all of us to win. I want all of us to be happy. But I also want blood. I want revenge. I want it so fucking bad, man."
3402,B — Identity Framing,top_score_210,"FUCKING EXACTLY.

God damn, I read that headline and it clearly says in coded government language this won't be allowed to happen again -- they're going to ""protect us from ourselves"" when really it means they're going to nicely kick us back to the kids table."
3402,B — Identity Framing,top_score_206,that still won’t show anything because “we’re on the little guy’s side”
3437,C — Normative Pressure,centroid,Hold the line! 🚀🚀🚀
3437,C — Normative Pressure,centroid,HOLD THE LINE
3437,C — Normative Pressure,centroid,Hold the line 🚀
3437,C — Normative Pressure,top_score_561,HOLD THE LINE &amp; STAY 💪🏻
3437,C — Normative Pressure,top_score_498,HOLD THE LINE 💎👐💎
3437,C — Normative Pressure,top_score_280,I’m holding the line like I’d hold some dick ✊🏿
3533,C — Normative Pressure,centroid,Diamonds are made under pressure. HOLD!
3533,C — Normative Pressure,centroid,Diamonds are made under pressure. HOLD!
3533,C — Normative Pressure,centroid,Diamonds. Never selling.
3533,C — Normative Pressure,top_score_3663,what did you say? Hold GME??? DIAMOND FUCKING HANDS
3533,C — Normative Pressure,top_score_810,"Weak hands are gone, only diamonds now remain!

GME, BABY!!! 🚀  🚀  🚀  🚀  🚀"
3533,C — Normative Pressure,top_score_386,NGL I wasn't even subbed here until Wednesday and now this #actuallyautisticguy is gonna HOLD his GME &amp; AMC with his DIAMOND HANDS 🙌🙌🙌🙌🔹️🔹️🔹️
3566,C — Normative Pressure,centroid,Dustin DIAMOND HANDS Poirier
3566,C — Normative Pressure,centroid,Diamond hands only
3566,C — Normative Pressure,centroid,But do you have DIAMOND HANDS ?
3566,C — Normative Pressure,top_score_563,"Nah, it's gotta be Samuel L. Jackson. ""Diamond hands mother fucker, do you speak it"""
3566,C — Normative Pressure,top_score_87,"What’s more stronger than diamond? /u/DeepFuckingValue. 

I have DFU HANDS 💎👐"
3566,C — Normative Pressure,top_score_69,Nah that bastard came back strong in the actual movie. Definite diamond handed stud imo
3577,C — Normative Pressure,centroid,Your diamond hands
3577,C — Normative Pressure,centroid,DIAMOND HANDS.
3577,C — Normative Pressure,centroid,Diamond hands
3577,C — Normative Pressure,top_score_405,Forget diamond hands - this guy's got diamond balls
3577,C — Normative Pressure,top_score_322,Diamond hand checking in
3577,C — Normative Pressure,top_score_160,Diamond hands this time.
3611,C — Normative Pressure,centroid,IF HES STILL IN IM STILL IN
3611,C — Normative Pressure,centroid,IF HES STILL IN IM IN
3611,C — Normative Pressure,centroid,IF HES STILL IN IM STILL IN
3611,C — Normative Pressure,top_score_3015,IF HE'S STILL IN I'M STILL IN
3611,C — Normative Pressure,top_score_621,IF HE'S STILL IN I'M STILL IN
3611,C — Normative Pressure,top_score_475,If HE'S STILL IN I'M STILL IN
3647,C — Normative Pressure,centroid,Keep fighting
3647,C — Normative Pressure,centroid,Keep fighting. Just keep fighting.
3647,C — Normative Pressure,centroid,WE ARE FIGHTING STRONG
3647,C — Normative Pressure,top_score_1448,"We are smart enough 

✋💎🤚

We are strong enough 

✋💎🤚

We are brave enough

🚀🚀🚀"
3647,C — Normative Pressure,top_score_166,"Like millions of proud parents, we will never give up on our child"
3647,C — Normative Pressure,top_score_80,WE ARE STRONG
3649,C — Normative Pressure,centroid,DIAMOND HANDS BABY
3649,C — Normative Pressure,centroid,Diamond hands baby
3649,C — Normative Pressure,centroid,DIAMOND HANDS BABY DIAMOND HANDS
3649,C — Normative Pressure,top_score_188,every little bit counts. diamond hands baby
3649,C — Normative Pressure,top_score_167,You’re going places. Welcome.
3649,C — Normative Pressure,top_score_39,"DIAMOND HAND, PUSSY."
3726,B — Identity Framing,centroid,"We need to prove that we are in control!!! We need to get AMC to over $300, fuck the rich. This is our time!!! all these billionaires dont care, the pandemic hasn't affected them. They shrug off the pandemic!!!!. The rich look at the pandemic as a BLESSING!!!!! WHY IS THAT!?!?!? BECAUSE THEY MAKE MONEY WHILE WE SUFFER, CRY,  LOSE OUR HOMES AND JOBS. AND WE DONT GET ANYTHING!?!?!? OUR OWN GOVERNMENT ONLY HELPS THE RICH INSTEAD OF US. 

we need to PUSH AMC to 300 and prove to everyone is the damn world that the PEOPLE run this damn country. The PEOPLE MAKE THIS COUNTRY what it. So fuck this rich!! Its time for the people! Push AMC to 300 lets go to the moon!."
3726,B — Identity Framing,centroid,"We need to prove that we are in control!!! We need to get AMC to over $300, fuck the rich. This is our time!!! all these billionaires dont care, the pandemic hasn't affected them. They shrug off the pandemic!!!!. The rich look at the pandemic as a BLESSING!!!!! WHY IS THAT!?!?!? BECAUSE THEY MAKE MONEY WHILE WE SUFFER, CRY,  LOSE OUR HOMES AND JOBS. AND WE DONT GET ANYTHING!?!?!? OUR OWN GOVERNMENT ONLY HELPS THE RICH INSTEAD OF US. 

we need to PUSH AMC to 300 and prove to everyone is the damn world that the PEOPLE run this damn country. The PEOPLE MAKE THIS COUNTRY what it. So fuck this rich!! Its time for the people! Push AMC to 300 lets go to the moon!."
3726,B — Identity Framing,centroid,"We need to prove that we are in control!!! We need to get AMC to over $300, fuck the rich. This is our time!!! all these billionaires dont care, the pandemic hasn't affected them. They shrug off the pandemic!!!!. The rich look at the pandemic as a BLESSING!!!!! WHY IS THAT!?!?!? BECAUSE THEY MAKE MONEY WHILE WE SUFFER, CRY,  LOSE OUR HOMES AND JOBS. AND WE DONT GET ANYTHING!?!?!? OUR OWN GOVERNMENT ONLY HELPS THE RICH INSTEAD OF US. 

we need to PUSH AMC to 300 and prove to everyone is the damn world that the PEOPLE run this damn country. The PEOPLE MAKE THIS COUNTRY what it. So fuck this rich!! Its time for the people! Push AMC to 300 lets go to the moon!."
3726,B — Identity Framing,top_score_638,Make wall street fund the covid relief checks
3726,B — Identity Framing,top_score_612,"You know those stories that have been so prevalent where the uber rich have increased their wealth by a combined TRILLIONS of dollars during the pandemic, while the common man suffered...and died?

Me, too."
3726,B — Identity Framing,top_score_337,Appreciate it bro! I've worked covid quarantine houses at my job 4 times. 24/7 shifts I slept in my car
3733,C — Normative Pressure,centroid,Fucking Diamonds
3733,C — Normative Pressure,centroid,We are DIAMONDS IN THE ROUGHHHHH
3733,C — Normative Pressure,centroid,Hanz O'Diamonds
3733,C — Normative Pressure,top_score_164,I used the stones to destroy the stones.
3733,C — Normative Pressure,top_score_146,"Our lord, DFV, Diamond be thy hands"
3733,C — Normative Pressure,top_score_91,The diamond cock is hard to resist 😉😉😉😉😉😉😚😚😚😚😚😚💎💎💎💎💎💎🐻🙌🙌🙌🙌🎮🎮🎮🛑🛑🛑🛑
3785,C — Normative Pressure,centroid,"Do not sell, paper hands.

Not advice"
3785,C — Normative Pressure,centroid,So you sold? Paper hands
3785,C — Normative Pressure,centroid,"already back upticking, paper hands"
3785,C — Normative Pressure,top_score_89,So you sold? Paper hands
3785,C — Normative Pressure,top_score_78,Found the paper hand. You wouldve bought ten of those next week.
3785,C — Normative Pressure,top_score_70,Gonna be hard to hold that cash when your hands are made of the same paper
3821,B — Identity Framing,centroid,Reminder that Progressives show the fuck up for the working class.
3821,B — Identity Framing,centroid,Working class
3821,B — Identity Framing,centroid,"Your average trump supporter is middle and upper middle income not working class. While the white working class broke for trump the majority voted Dem.  You see the types of people being arrested for invading the us capital-west pointe graduates, ceos, Beverly Hills boutique salon owners, ... not the working class"
3821,B — Identity Framing,top_score_314,This is what real populism looks like. Not the shit we've been fed. It's .01% vs everyone and guess who's feeling a little threatened? They can't even let crumbs trickle down.
3821,B — Identity Framing,top_score_142,This is international working class and petit Bourgeois versus the American National Bourgeois and Capitalists. I fucking hate those fat cats up top.
3821,B — Identity Framing,top_score_139,Reminder that Progressives show the fuck up for the working class.
3831,A — Uncertainty Expressions,centroid,Wtf is going on with it?
3831,A — Uncertainty Expressions,centroid,wtf is going on with this?
3831,A — Uncertainty Expressions,centroid,Can someone explain whats happening?
3831,A — Uncertainty Expressions,top_score_60,Bro we kinda in the middle of something here
3831,A — Uncertainty Expressions,top_score_40,"That is such a hilarious way to frame it.

Oh my god, what is happening?!?"
3831,A — Uncertainty Expressions,top_score_34,Why is this happening?
3837,B — Identity Framing,centroid,And they say we're manipulating the market wtf
3837,B — Identity Framing,centroid,But we aren't even manipulating the market!
3837,B — Identity Framing,centroid,.. we aren't manipulating the market.
3837,B — Identity Framing,top_score_382,Yup.  They are used to manipulating markets with their huge bankrolls and connections and backroom deals.  No idea how to handle memelord retail scum.
3837,B — Identity Framing,top_score_169,But we aren't even manipulating the market!
3837,B — Identity Framing,top_score_148,The “invisible hand” of the market is just hard to see while it massages the hf prostates
3881,C — Normative Pressure,centroid,#🍁🇨🇦Represent🔹👐🏽🚀
3881,C — Normative Pressure,centroid,#🚀🚀🚀193🚀🚀🚀
3881,C — Normative Pressure,centroid,#🚀🚀🚀149🚀🚀🚀
3881,C — Normative Pressure,top_score_319,# 🐍🐍🐍🐍🐍🐍🐍🐍🐍🐍🐍🐍🐍🐍🐍🐍🐍🐍🐍🐍🐍🐍🐍🐍🐍
3881,C — Normative Pressure,top_score_205,#🇩🇪🇺🇸🤝
3881,C — Normative Pressure,top_score_186,#🇸🇬🇺🇸🤝
3890,C — Normative Pressure,centroid,DIAMOND HANDS IN THIS THREAD ONLY  💎👏🏻  💎👏🏻  💎👏🏻  💎👏🏻
3890,C — Normative Pressure,centroid,Diamond hands would become adamantium hands lol
3890,C — Normative Pressure,centroid,#  💎  💎  💎 DIAMOND HANDS 💎  💎  💎
3890,C — Normative Pressure,top_score_135,Diamond hand this bitch till we can buy lambos
3890,C — Normative Pressure,top_score_92,DIAMOND GRAPES 💎🍇
3890,C — Normative Pressure,top_score_76,"Legend:

Toilet Paper Hands = 📄✋ 

Diamond Hands = 💎✋ 

DFV Hands = 🚀 ✋"
3894,B — Identity Framing,centroid,“I would like to see the manager of Wall Street Bets”
3894,B — Identity Framing,centroid,Wall Street Bets Army ! #wallstreetbetsarmy
3894,B — Identity Framing,centroid,I think Wall Street Bets is perfect
3894,B — Identity Framing,top_score_2560,"Jesus Christ if someone would literally hold their shares outside the offices on Wallstreet that would be legendary taunting.

Edit: If one of you retards does this please drink champagne and laugh at them since my family lost everything in 2008 from these fucks. Also tag me when you do it. I don’t want to miss.

Edit 2: If one of you legends takes a sign that says, “positivepancakes sends his regards.” I would give you one crisp internet high-five. 

Edit 3: 💎✊🏻🚀"
3894,B — Identity Framing,top_score_103,"Good morning. 

In less than an hour, investors from here will join others from around the world. And you will be launching the largest stock trading in this history of apekind.

Apekind -- that word should have new meaning for all of us today.

We can't be consumed by our petty differences anymore.

We will be united in our common interests.

Perhaps its fate that today is the 29th of January, and you will once again be fighting for our freedom, not from tyranny, oppression, or persecution -- but from annihilation.

We're fighting for our right to live, to exist.

And should we win the day, the 29th of January will no longer be known as Kansas Day, but as the day when the world declared in one voice:

""We will not go quietly into the night!

We will not vanish without a fight!

We're going to live on!

We're going to survive!""

Today, we celebrate our WallStreetBets Day!

🚀🚀🚀🚀"
3894,B — Identity Framing,top_score_97,"The sooner this happens, the sooner the next evolution of r/wallstreetbets can begin.

The sub will be washed clean.

Those that remain will be armed with new knowledge and experience, and the hunt for tendies can continue in earnest.

Godspeed fellow autists."
3904,B — Identity Framing,centroid,"Aren't hedge funds supposed to ""hedge"" and not YOLO  short GME most of their margin?"
3904,B — Identity Framing,centroid,"Amazing points! I would also add something about the wider market's effect on this...

Correct me if I'm wrong but even before GME the stock market as a whole appeared to be on a precipice of a correction if not a full-blown crash, due to overinflated equity prices driven by QE and low interest rates. Interest in shorting the wide market has also been relatively low.

Assuming the correction has already started / will begin soon, most stocks and general indices will drop, presumably to reflect the prices of underlying companies more accurately. This will likely be very widespread as the long bull market before COVID and absolute buying frenzy since the rebound involved basically every sector.

In that situation, surely **THE ONLY** surefire bet to wether the storm would be stocks which are priced in a completely irrational way and are fully divorced from the real-life value of what they represent.

It seems to be the case that if we HOLD we might come out on top just due to the rest of the market dropping.

**But it gets better:** the longer we HOLD and the shorting hedge funds are having to pay through their noses to keep their positions, they need to pull out of other holdings to prop up their balances. This drives the prices of everything but GME further down...

**And this is the best part:** everyone including the funds, us, and the general public realise that the insanity of holding GME is the only sane thing to do and they all pile in?

**TLDR: HOLD GME because it's so insane it might save you**

btw i have 0 days of financial education so fire away at the holes in this :)

edit 1: spelling"
3904,B — Identity Framing,centroid,Does anyone know which hedge funds are short gme now? So i can short them
3904,B — Identity Framing,top_score_620,"They are already doing it, they are YOLO 100% on 1:1,000,000 margin all in GME naked short.

Its just when institutions yolo its called “sophisticated trading” when we do it its gambling 🤡"
3904,B — Identity Framing,top_score_406,"Same.

Someone institutionally or federally I feel like will get involved at some point the higher it goes and more attention this receives.

That unpredictability mixed with the higher risk, exposure, and volatility GME is facing, this could get messy if we’re not careful and vigilant.

We didn’t come this far to 🧻✋

🚀🚀🚀🚀💎✋🚀🚀🚀🚀 only"
3904,B — Identity Framing,top_score_335,"Amazing points! I would also add something about the wider market's effect on this...

Correct me if I'm wrong but even before GME the stock market as a whole appeared to be on a precipice of a correction if not a full-blown crash, due to overinflated equity prices driven by QE and low interest rates. Interest in shorting the wide market has also been relatively low.

Assuming the correction has already started / will begin soon, most stocks and general indices will drop, presumably to reflect the prices of underlying companies more accurately. This will likely be very widespread as the long bull market before COVID and absolute buying frenzy since the rebound involved basically every sector.

In that situation, surely **THE ONLY** surefire bet to wether the storm would be stocks which are priced in a completely irrational way and are fully divorced from the real-life value of what they represent.

It seems to be the case that if we HOLD we might come out on top just due to the rest of the market dropping.

**But it gets better:** the longer we HOLD and the shorting hedge funds are having to pay through their noses to keep their positions, they need to pull out of other holdings to prop up their balances. This drives the prices of everything but GME further down...

**And this is the best part:** everyone including the funds, us, and the general public realise that the insanity of holding GME is the only sane thing to do and they all pile in?

**TLDR: HOLD GME because it's so insane it might save you**

btw i have 0 days of financial education so fire away at the holes in this :)

edit 1: spelling"
3984,A — Uncertainty Expressions,centroid,is that even a question?
3984,A — Uncertainty Expressions,centroid,Why is that even a question ?
3984,A — Uncertainty Expressions,centroid,Shouldn’t even be a question
3984,A — Uncertainty Expressions,top_score_22,"how is that even a question bruh

This is my opinion"
3984,A — Uncertainty Expressions,top_score_20,Do you have to fucking ask?
3984,A — Uncertainty Expressions,top_score_20,Is that even a real question
