Topic,Count,Name,Representation,Representative_Docs,flag_uncertainty,score_uncertainty,flag_identity_framing,score_identity_framing,flag_normative_pressure,score_normative_pressure
-1,4661,-1_amc amc_amc_buy_fuck,"['amc amc', 'amc', 'buy', 'fuck', 'stock', 'just', 'sell', 'shares', 'dip', 'price', 'im', 'dfv', 'like', 'share', 'going', 'fucking', 'like stock', 'shit', 'moon', 'make']","['* AMC TO THE FUCKING PLUTO - LFG!! NOW WE GOING BBY\n\nAMC AMC AMC AMC AMC AMC AMC AMC AMC AMC AMC AMC AMC AMC AMC AMC AMC AMC AMC AMC AMC AMC AMC AMC AMC AMC AMC AMC AMC AMC AMC AMC AMC AMC AMC AMC AMC AMC AMC AMC AMC AMC AMC AMC AMC AMC AMC AMC AMC AMC AMC AMC AMC AMC AMC AMC AMC AMC AMC AMC AMC AMC AMC AMC AMC AMC AMC AMC AMC AMC AMC AMC AMC AMC AMC AMC AMC AMC AMC AMC AMC AMC AMC AMC AMC AMC AMC AMC AMC AMC AMC AMC AMC AMC AMC AMC AMC AMC AMC AMC AMC AMC AMC AMC AMC AMC AMC AMC AMC AMC AMC AMC AMC AMC AMC AMC AMC AMC AMC AMC AMC AMC AMC AMC AMC AMC', 'AMC \nAMC AMC AMC AMC', 'AMC AMC AMC']",False,0,False,0,False,0
0,688,0_gme_buy gme_gme shares_gme stock,"['gme', 'buy gme', 'gme shares', 'gme stock', 'stock', 'shares gme', 'bots', 'shares', 'buying gme', 'gme hold', 'stock gme', 'like', 'like stock', 'buy', 'like gme', 'stocks', 'hold gme', 'bought', 'holding gme', 'squeeze']","[""MAKE NO MISTAKE. GME IS THE HOLY GRAIL\n\nThere is definitely a huge spike in bots and hedge fucks in the subreddit now. THEY WANT TO SCARE YOU, THEY WANT YOU TO SELL. DO NOT LET THEM SWAY YOU AWAY FROM GME. WE ARE STILL GOING TO THE MOON, DON'T GET OFF THE SHIP RETARDS.\n\nNOK, AMC, BB = BULLSHIT NOISE\n\nTHE BIG SQUEEZE IS GME. ITS NOT TOO LATE TO BUY.\n\nREMOVE YOUR LIMITS, WE'RE GOING $2000+ KEEP THE MOMENTUM UP TARDS\n\nThis isn't financial advice, I really like the stock\n\ncopy/repost to beat the bots\n\n💎🙌💎🙌💎🚀🚀🚀"", ""MAKE NO MISTAKE. GME IS THE HOLY GRAIL\n\nThere is definitely a huge spike in bots and hedge fucks in the subreddit now. THEY WANT TO SCARE YOU, THEY WANT YOU TO SELL. DO NOT LET THEM SWAY YOU AWAY FROM GME. WE ARE STILL GOING TO THE MOON, DON'T GET OFF THE SHIP RETARDS.\n\nNOK, AMC, BB = BULLSHIT NOISE\n\nTHE BIG SQUEEZE IS GME. ITS NOT TOO LATE TO BUY.\n\nREMOVE YOUR LIMITS, WE'RE GOING $2000+ KEEP THE MOMENTUM UP TARDS\n\nThis isn't financial advice, I really like the stock\n\ncopy/repost to beat the bots\n\n💎🙌💎🙌💎🚀🚀🚀"", 'Will gme go back up']",False,0,False,0,True,3
1,467,1_buy gme_gme_robinhood_td,"['buy gme', 'gme', 'robinhood', 'td', 'gme amc', 'trading gme', 'allowing', 'blocked', 'etrade', 'gme robinhood', 'trading', 'buying gme', 'schwab', 'fidelity', 'vanguard', 'buy', 'account', 'ameritrade', 'td ameritrade', 'restricted']","['Where can I buy gme???', 'I can’t buy gme on there?', '*Repost*\n\nPlatforms not restricting trading: Fidelity (whole shares only),  Chase, Think or Swim, TD, Schwaub, SoFi, Vanguard, WeBull, and CashApp (AMC Only). Cover and move. Hold your positions in the corrupt brokerage while moving money into the others and buy GME and AMC. We need to unite and fight back. \n\nSign up TODAY so your application is approved TOMORROW.\n\nUPDATED BROKER LIST TO BUY GME\n\n🇺🇲USA - ETRADE, FIDELITY, TDAMERITRADE, VANGUARD, DOUGH, CHASE\n\n🇨🇦CANADA - TD, WEALTHSIMPLE, RBC DIRECT INVEST, SCOTIA iTRADE, CIBC\n\n🇬🇧🇪🇺UK/EUROPE - FREETRADE PLUS,  DEGIRO, SCALABLE CAPITAL, REVOLUT, HARGREAVES LANDSDOWNE, AJ BELL\n\n🇸🇪NORDICS - NORDNET, AVANZA (SWEDEN)\n\nYou can copy and paste under the text where the three vertical dots next to the gift icon are 👇👇👇👇👇']",False,0,False,0,False,1
2,382,2_holding_hold_hold holding_im holding,"['holding', 'hold', 'hold holding', 'im holding', 'just hold', 'hold hold', 'holding hold', 'win hold', 'suck', 'hold win', 'ill hold', 'win', 'hold dont', 'strong', 'fucking holding', 'holding im', 'hold strong', 'dick', 'hard', 'suck dick']","['Keep Holding!!', 'Holding and chilling', 'A HOONTER MUST HOONT, THEREFORE KEEP HOLDING']",False,0,False,0,True,3
3,339,3_flair_yolo_big dick_list,"['flair', 'yolo', 'big dick', 'list', 'hey', 'dick', 'change', 'trades', 'thread', 'action performed', 'performed', 'performed automatically', 'concerns', 'moderators', 'mods', 'automatically', 'contact', 'questions', 'action', 'post']","[""This post was flaired as a YOLO so it's on the YOLO list. [Find more YOLOs here!](https://ns.reddit.com/r/wallstreetbets/search?sort=new&amp;q=flair%3AYOLO&amp;restrict_sr=on&amp;t=da)\n\nHey /u/OVO_Padrino the YOLO flair is for big dick trades that you're already in. If you misused the flair please change it. Mods have been notified of this thread.\n\n[Submission Flair Guide](https://www.reddit.com/r/wallstreetbets/wiki/linkflair)\n\n*I am a bot, and this action was performed automatically. Please [contact the moderators of this subreddit](/message/compose/?to=/r/wallstreetbets) if you have any questions or concerns.*"", ""This post was flaired as a YOLO so it's on the YOLO list. [Find more YOLOs here!](https://ns.reddit.com/r/wallstreetbets/search?sort=new&amp;q=flair%3AYOLO&amp;restrict_sr=on&amp;t=da)\n\nHey /u/Allegiant_Rebel the YOLO flair is for big dick trades that you're already in. If you misused the flair please change it. Mods have been notified of this thread.\n\n[Submission Flair Guide](https://www.reddit.com/r/wallstreetbets/wiki/linkflair)\n\n*I am a bot, and this action was performed automatically. Please [contact the moderators of this subreddit](/message/compose/?to=/r/wallstreetbets) if you have any questions or concerns.*"", ""This post was flaired as a YOLO so it's on the YOLO list. [Find more YOLOs here!](https://ns.reddit.com/r/wallstreetbets/search?sort=new&amp;q=flair%3AYOLO&amp;restrict_sr=on&amp;t=da)\n\nHey /u/brown_lal19 the YOLO flair is for big dick trades that you're already in. If you misused the flair please change it. Mods have been notified of this thread.\n\n[Submission Flair Guide](https://www.reddit.com/r/wallstreetbets/wiki/linkflair)\n\n*I am a bot, and this action was performed automatically. Please [contact the moderators of this subreddit](/message/compose/?to=/r/wallstreetbets) if you have any questions or concerns.*""]",False,1,False,0,False,1
4,328,4_selling_sell_dont sell_fucking selling,"['selling', 'sell', 'dont sell', 'fucking selling', 'fucking sell', 'im fucking', 'sell sell', 'sell dont', 'dont fucking', 'dont', 'im selling', 'stop selling', 'fucking', 'sell buy', 'sell im', 'selling im', 'sale', 'sell just', 'stop', 'buy selling']","['You selling?', ""Who's selling! 😑"", 'Never selling']",False,0,False,0,True,3
5,327,5_theyre_exercise_em_scared,"['theyre', 'exercise', 'em', 'scared', 'asses', 'fear', 'fuck em', 'smell', 'scare', 'theyre scared', 'fucked', 'weak', 'covering', 'power', 'power people', 'fuck', 'game', 'angry', 'scare tactics', 'eat']","['theyre scared, doesnt mean you should beee', 'Fuck em', 'Because theyre scared']",False,0,False,1,False,0
6,318,6_cock_bb_bb bb_bby,"['cock', 'bb', 'bb bb', 'bby', 'like', 'bbby', 'hold bb', 'bb gang', 'push', 'loop', 'gang', 'bb nok', 'bb hold', 'lets', '30', 'bulls', 'bb lets', 'baby', 'boys', 'comeback']","['BB BB BB BB BB BB BB BB BB BB BB BB BB 🚀', 'BB! BB! BB! BB! BB! BB!', 'i like cock i like cock i like cock i like cock i like cock i like cock i like cock i like cock i like cock i like cock i like cock i like cock i like cock i like cock i like cock i like cock i like cock i like cock i like cock i like cock i like cock i like cock i like cock i like cock i like cock i like cock i like cock i like cock i like cock i like cock i like cock i like cock i like cock i like cock i like cock i like cock i like cock i like cock i like cock i like cock i like cock i like cock i like cock i like cock i like cock i like cock i like cock i like cock i like cock i like cock i like cock i like cock i like cock i like cock i like cock i like cock i like cock i like cock i like cock i like cock i like cock i like cock i like cock i like cock i like cock i like cock i like cock i like cock i like cock i like cock i like cock i like cock i like cock i like cock i like cock i like cock i like cock i like cock i like cock i like cock i like cock i like cock i like cock i like cock i like cock i like cock i like cock i like cock i like cock i like cock i like cock i like cock i like cock i like cock i like cock i like cock i like cock i like cock i like cock i like cock i like cock i like cock i like cock i like cock i like cock i like cock i like cock i like cock']",False,0,False,0,False,1
7,307,7_400_1000_500_300,"['400', '1000', '500', '300', 'dollars', '600', '5000', 'usd', '365', 'going 1000', '350', '50', '10000', '200', 'germany', 'wake', '100', '280', 'gang', 'lets']","['$1000', '$400+', '🚀 $400 🚀 LETS GO']",False,0,False,0,False,0
8,283,8_400_300_500_350,"['400', '300', '500', '350', 'goin', '1000', 'break', 'bb bb', 'floor', 'german', 'lets', 'rookie', '200', 'numbers', 'close', '450', 'number', '6000', '340', '10000']","['Smashed 400', '400', 'Why not 400']",False,0,False,0,False,0
9,265,9_buy dip_dip_dip buy_dips,"['buy dip', 'dip', 'dip buy', 'dips', 'buy', 'dip hold', 'bought dip', 'buy dips', 'mean', 'fucking dip', 'buying dip', 'dip im', 'dips hold', 'buy fucking', 'buy buy', 'fucking buy', 'hold', 'dipping', 'advice', 'buying']","['Buy the dip buy the dip\nTo the moon🚀🚀', 'BUY THE DIP BUY THE DIP BUY THE DIP', 'BUY THE DIP\n\nBUY THE DIP\n\nBUY THE DIP!!!']",False,0,False,0,True,3
10,246,10_retard_retarded_retards_sub,"['retard', 'retarded', 'retards', 'sub', 'million retards', 'im retarded', 'clown', 'good job', 'fellow retards', 'god', 'cares', 'fellow', 'genuinely', 'youre', 'fucking retard', 'disappointed', 'godspeed', 'love', 'retardation', 'truly']","['shutup retard', 'Retard physics', 'retard']",False,0,False,0,False,0
11,232,11_itll_lower_rise_price,"['itll', 'lower', 'rise', 'price', 'morning', 'dropped', 'dip', 'pattern', 'tomorrow', 'spike', 'hours', 'went', 'autist', 'bullish', 'pre market', 'day', 'drop', 'pre', 'think', 'open buy']","[""shoudl i buy now at premarket or buy at the dip during opening?   \nwhat does the pre market bump mean? i don't know I'm new"", ""Look at what happened yesterday fellow tards, it skyrocketed in the morning dropped in the afternoon and laid dormant then went to fucking mercury in the morning. We're following the same pattern. All you paperhanded bitches get out now so us Diamond Hands can buy more and party in Valhalla on Friday when the Squeeze is Squoze and our Wife's Boyfriends can have the guest house next to our mansions!!!!"", 'Because after hours dropped to around 290 from all the 📃✋🏳️\u200d🌈💩, we will see how the pre market goes, so just be patient for now and hold whenever you buy✋💎✋💎🚀🚀\nNot financial advice I jusst like this stock quite a bit.']",False,0,False,0,False,0
12,204,12_bb_gme bb_gme_nok,"['bb', 'gme bb', 'gme', 'nok', 'amc', 'amc bb', 'bb nok', 'stocks', 'amc nok', 'bb amc', 'gme amc', 'amc gme', 'bbby', 'nok gme', 'nok bb', 'nok amc', 'gme nok', 'buy gme', 'bought', 'hold gme']","['Cash out from lawsuit, buy more GME, BB, and NOK 🚀🚀🚀', 'GME BB AMC NOK \nTHOES ARE THE ONLY FOUR STOCKS PEOPLE SHOULD BE TALKING ABOUT', '$GME is overweight, All in on $BB']",False,0,False,0,False,1
13,202,13_open_order_market open_market,"['open', 'order', 'market open', 'market', 'price', 'opens', 'hours', 'market opens', 'limit order', 'market closed', 'closed', 'pre', 'markets open', 'buy market', 'markets', 'limit', 'market price', 'premarket', 'filled', 'day trade']","[""Market isn't open yet"", ""Yes, if you put in an order to buy at market price, it'll fill that order at whatever the price is as soon as the market opens."", 'Market Open']",False,0,False,0,False,0
14,196,14_rh_reviews_transfer_review,"['rh', 'reviews', 'transfer', 'review', 'app store', 'app', 'store', 'apex', 'account', 'brokerage', 'clearing', 'leave', 'broker', 'transferred', 'sofi', 'rh buy', 'fuck rh', 'rh account', 'switch', 'removed']","['Sorted by new to read robinhood app reviews in the app store and didnt see a single review from today. Is it normal for reviews to be delayed until next day or are they deleting them?', ""I'm on RH. How to I transfer my shares to another broker?"", ""I'm in the US, which broker should I transfer my RH to?""]",False,0,False,0,False,0
15,184,15_buy hold_hold buy_hold_sell hold,"['buy hold', 'hold buy', 'hold', 'sell hold', 'buy buy', 'holding', 'buy', 'sell', 'hold hold', 'hold dont', 'buying holding', 'dont sell', 'hold sell', 'gains', 'hold im', 'fuck hold', 'fucking hold', 'hold holding', 'blah', 'hold like']","['BUY HOLD BUY HOLD', 'BUY AND HOLD!!! BUY AND HOLD!!!', 'Buy and hold buy and hold']",False,0,False,0,True,4
16,182,16_thanks_thank_welcome_holy,"['thanks', 'thank', 'welcome', 'holy', 'ty', 'cheers', 'wow', 'mate', 'brother', 'good job', 'huh', 'holy shit', 'damn', 'good shit', 'epic', 'homie', 'job', 'jesus christ', 'shit', 'christ']","['Thanks', 'Thanks', 'Thanks!']",False,0,False,0,False,0
17,180,17_sleep_friday_tda_monday,"['sleep', 'friday', 'tda', 'monday', 'sleeping', 'party', 'till', 'wait till', 'week', 'till friday', 'day', 'hours', 'going sleep', 'bed', 'tomorrow', 'wednesday', 'staying', 'wait', 'night', 'whats']","[""I've slept once in three days and can't sleep yet again"", ""I can't sleep but I need to"", 'Can’t. Sleep.']",False,0,False,0,False,0
18,178,18_schwab_etrade_vanguard_fidelity,"['schwab', 'etrade', 'vanguard', 'fidelity', 'webull', 'instant', 'robinhood', 'account', 'cashapp', 'wealthsimple', 'deposit', 'apps', 'ameritrade', 'merrill', 'charles schwab', 'charles', 'app', 'cash', 'bank', 'opened']","['Did the same thing. Schwab been clutch', 'E trade or schwab', 'i bought through Schwab']",False,0,False,0,False,0
19,175,19_float_short_short float_shorted,"['float', 'short', 'short float', 'shorted', 'number', 'data', '140', 'percentage', 'current', 'outstanding', 'shorts', 'ratio', 'volume', 'shares short', 'updated', 'shares', 'si', 'update', 'high short', 'yahoo finance']","['what’s the float at?', 'yooo whats the short float', 'Is there anywhere that I can see the short float percentage']",False,0,False,0,False,0
20,173,20_rich_money_eat rich_make money,"['rich', 'money', 'eat rich', 'make money', 'eat', 'make', 'billionaires', 'gamble', 'hes', 'bet', 'greed', 'money people', 'fucking rich', 'poor', 'rich people', 'giving', 'people', 'pay', 'making money', 'gambling']","['glorifying violence? EAT THE RICH', '# eat the rich', 'Eat the rich\n\nBecome the rich']",False,0,True,2,False,0
21,173,21_hedge_hedge fund_fund_hedge funds,"['hedge', 'hedge fund', 'fund', 'hedge funds', 'funds', 'street', 'wall street', 'hedges', 'wall', 'fuck hedge', 'winning', 'computer', 'fucking', 'fuck', 'hedgefunds', 'start buying', 'assholes', 'eow', 'poor', 'retards']","['HAHAH THESE HEDGE FUNDS ARE SO RETARDED', 'What are hedge funds ;-;', 'fuck ~~nef anyo~~ hedge funds']",False,0,True,4,False,0
22,171,22_stock like_like stock_stock_like,"['stock like', 'like stock', 'stock', 'like', 'love stock', 'likes', 'stock love', 'stock just', 'love', 'just like', 'really like', 'stock really', 'stock dont', 'like stocks', 'stocks like', 'stock im', 'stock buy', 'say like', 'stock doesnt', 'thats like']","['WE LIKE THE STOCK WE LIKE THE STOCK WE LIKE THE STOCK WE LIKE THE STOCK WE LIKE THE STOCK WE LIKE THE STOCK WE LIKE THE STOCK WE LIKE THE STOCK WE LIKE THE STOCK WE LIKE THE STOCK WE LIKE THE STOCK WE LIKE THE STOCK', 'WE LIKE THE STOCK. WE LIKE THE STOCK. WE LIKE THE STOCK. WE LIKE THE STOCK.', 'We like the stock!\n\nWe like the stock!\n\nWe like the stock!']",False,0,False,0,False,0
23,170,23_gme_let_gme fucking_holding gme,"['gme', 'let', 'gme fucking', 'holding gme', 'hold gme', 'gme gme', 'distraction', 'gme hold', 'gme dont', 'distract', 'words', 'focus', 'lets gme', 'gme holding', 'gme time', 'fuck gme', 'distracted', 'focus gme', 'gme make', 'history']","['GME!!!', 'concentrate on GME', ""GME 69\n\nLet GME be your first time  \nLet GME be your last  \nCelebrate your highs  \nAnd lift you when you crash  \nThe only name you breathe  \nLet GME be, let GME be\n\nLet GME be a slow song  \nLet GME be a fast  \nThe thought rolling off your tongue  \nYour pocket full of cash  \nThe dream when you sleep  \nLet GME be, let GME be\n\nthe night you won't forget  \nthe words you don't regret  \nYour one and only  \nLet GME be, let GME be\n\nyou make a wish that comes true  \nthe one you always run to  \nYour one and only  \nLet GME be, let GME be\n\nLet GME the secret  \nYou spill in the dark  \nThat puts you back together  \nWhen you fall apart  \nThe heart on your sleeve  \nLet GME be, let GME be\n\nYour balance when you walk along the edge  \nThe out from under when you're in over your head  \nThe reason you believe  \nLet GME be, let GME be\n\nthe night you won't forget  \nthe words you don't regret  \nYour one and only  \nLet GME be, let GME be\n\nyou make a wish that comes true  \nthe one you always run to  \nYour one and only  \nLet GME be, let GME be\n\nI gave you pests not butterflies  \nI know you suffer through the lies  \nYou're still the only one for me  \nLet GME be, let GME be\n\nLet GME be your first time  \nLet GME be your last  \nCelebrate your highs  \nAnd lift you when you crash  \nThe reason you believe\n\nthe night you won't forget  \nthe words you don't regret  \nYour one and only  \nLet GME be, let GME be\n\nyou make a wish that comes true  \nthe one you always run to  \nYour one and only  \nLet GME be, let GME be\n\nthe night you won't forget  \nthe words you don't regret  \nYour one and only  \nLet GME be, let GME be \n\nGME 69""]",False,0,False,0,False,0
24,169,24_melvin_melvin capital_capital_bankruptcy,"['melvin', 'melvin capital', 'capital', 'bankruptcy', 'fuck melvin', 'position', 'melvins', 'short', 'closed', 'cnbc', 'positions', 'news', 'shorts', 'closed position', 'closing', 'bankrupt', 'confirmed', 'covered', 'update', 'articles']","['Who is the leader of Melvin Capital?', 'GME only, Melvin', 'Can still short Melvin Capital :)']",False,0,False,1,False,0
25,168,25_did_hope_idea_signed,"['did', 'hope', 'idea', 'signed', 'lets hope', 'regret', 'just did', 'doubt', 'bad idea', 'hope dont', 'decision', 'prolly', 'youll', 'dont mind', 'ill', 'mind', 'quick', 'pussy', 'mistake', 'bad']","['I did it too', 'Did all of the above.', 'Already did']",False,0,False,0,False,0
26,164,26_shares_stock_bought_advice,"['shares', 'stock', 'bought', 'advice', 'share', 'afford', 'like stock', 'yesterday', '20 shares', 'sold', 'risk', '20', 'holding', 'im', '200', 'invest', 'financial', 'just like', 'just', 'like']","[""COVID and the total shit storm that was 2020 hit us hard.\n\nAnd we had just started grieving the loss of our mother in late 2019, so it was definitely a very difficult year both emotionally and mentally. Sister lost her job, I work a physical job and it was halted, dad got sick but is an essential worker so he's been pushing through.\n\n&amp;#x200B;\n\nNot trying to pump anything here, I swear, but we bought into $AITX in December and it's surprised us with how much it's grown, and it keeps growing.\n\nEven when it stumbles it gets right back up and keeps going. Definitely a gem and a great cheap buy right now. Considering it's projected to reach well past $2 before or by March of this year, but a boost from the wonderful community here at WSB would really help a lot of people out. I know we're not the only ones hoping for a break or something good to happen.\n\n&amp;#x200B;\n\nIt's a great company with solid DD out there for anyone to find. Check out the CEO's Twitter, the discord, the stocktwits page where people post videos of the products out in the real world or on the news, the website for AITX, and there's even some great DD here on Reddit.\n\nAnyways, that's all I wanted to say. Thanks for reading. Stay safe and keep on doing some good for the world."", ""Same man, I'm down 50k myself.  I don't even care.  I said that I'd hold this shit to zero if need be, and I wasn't sure if my emotions would back up my decision once the losses came.  But honestly I didn't even care.  I have achieved nirvana.  It's just math.  We hold until they can't afford the insane interest payments any more.  And then they pay us whatever we say for the shares they way overshorted. \n\nThis is the first time we all literally get to decide our destiny.  How much will you sell your shares for?  What would you like billionaires to pay you for the privilege of not bleeding money any more?  \n\n$5,000?\n\n$10,000?\n\n$69,420?\n\nHow ambitious do you dare to be?  How much do you trust your fellow apes on this subreddit to actually follow through with diamond hands up to those towering heights?  I can say personally I have limit sell orders at each of those levels I mentioned.  I won't say what my highest one is.\n\nThink of the corrupt Wall Street fucks who locked you out of trading, fucked us and got bailed out in the 2008 crisis, got bailed out during the pandemic, and now are whining about suffering the consequences for opening 140% short interest against a company that has real prospects for turning around.  How much do you think they should pay you to stop bleeding insane interest on their borrowed shares?  That's the only question we should be asking ourselves.\n\nPower to the players.\n\n💎🖐 🚀🚀🚀🚀"", ""Don't invest what you're not willing to risk. I'm not a financial advisor and this is not financial advice.\n\n\nPersonally, I've only got about $2000 of available capital, that's like half my net worth. I bought in for $1000 at 97 bucks a share and in the morning, when I see a good dip I'm planning to put my other $1000 in, hopefully right around $200 a share. This is a life-changing amount of money for a manual laborer in one of the poorest regions of the US, because I'll have an emergency fund plus enough money to reinvest and continue learning to trade - and that's *merely* if we surpass the now-underexpected $1000 per share mark.\n\nI am *extremely* risk averse, but I've done just enough homework that I decided I was comfortable with this play.\n\nIf you decide to get in tomorrow, that's still plenty of space for the stock to top $1k and rake in some ridiculous cash, and also pray for a miracle that it goes to fucking Mars and makes you rich.\n\nAny investment you make is your decision, these are just my opinions as an uneducated solo investor, all investments are made at your own risk.""]",False,0,False,0,True,3
27,164,27_bb_buy bb_bb gang_40,"['bb', 'buy bb', 'bb gang', '40', 'blackberry', 'bb moon', 'bb bb', 'buying bb', 'bb going', 'shorted', '20', 'hold bb', 'strike', '44', 'heavily', 'holding bb', 'nok', 'gang', 'nio', 'end week']","['Buy BB tomorrow then', 'Will bb dip again you think ? I’m', 'NOK is nice. BB is Better Bet. Buy &amp; Hold those BB shares 💎🙌 . We will have some dips before the rise continues. Once we break the resistance at levels between 20-30, we are free to go..... BB gang on our way to 44 End Of Week 🚀🚀🚀']",False,0,False,0,False,0
28,162,28_tendies_gamma_gamma squeeze_expr,"['tendies', 'gamma', 'gamma squeeze', 'expr', 'tendie', 'squeeze', 'chicken', 'friday', 'berry', 'squeeze friday', 'row', '320', 'town', 'hello', 'lunch', 'eat', 'short selling', 'newly', 'today tomorrow', 'tendie town']","['Only if you like tendies', 'I JUST PUT SOME TENDIES IN THE OVEN', 'Tendies is tendies']",False,0,False,0,True,2
29,161,29_king_legend_congrats_god,"['king', 'legend', 'congrats', 'god', 'bless', 'god bless', 'queen', 'preach', 'goat', 'praise', 'absolute', 'fucking god', 'congratulations', 'hero', 'man', 'comment', 'crazy', 'hands diamond', 'men', 'legendary']","['The king in the north!', 'king', 'BLESSED BE THY KING!']",False,0,False,0,False,0
30,157,30_gamestop_games_game_gaming,"['gamestop', 'games', 'game', 'gaming', 'company', 'ps5', 'video', 'video games', 'stop wont', 'stop', 'wont stop', 'local', 'buy gamestop', 'game stop', 'really like', 'store', 'really', 'years', 'revenue', 'love']","['M-O-O-N.   That spells Gamestop', 'Is Gamestop still the move?', 'Gamestop']",False,0,False,0,False,0
31,157,31_wsb_reddit_mod_community,"['wsb', 'reddit', 'mod', 'community', 'sec', 'twitter', 'posts', 'memes', 'really', 'talk', 'shut', 'sub', 'forum', 'stuff', 'organized', 'identity', 'og', 'political', 'case', 'backup']","['WSB scripture.', 'WSB IS BACK', 'WSB MOBB']",False,0,False,1,False,0
32,157,32_removed_lurker_comment_post,"['removed', 'lurker', 'comment', 'post', 'posts', 'sub', 'fb', 'deleted', 'posting', 'gone', 'lurked', 'link', 'time lurker', 'deleting', 'new', 'comments', 'newbies', 'learn', 'lurking', 'commenting']","['Post got removed. Boo', 'Why is almost every post getting removed by moderators? I literally post gains, its removed. I post news, its removed.', 'post removed']",False,0,False,0,False,0
33,155,33_interview_cnbc_hes_clip,"['interview', 'cnbc', 'hes', 'clip', 'racist', 'guy', 'cramer', 'link', 'video', 'chamath', 'dont like', 'populist', 'nazis', 'left', 'andrew', 'trump', 'host', 'said', 'education', 'right']","['Does anyone have link to full chamath interview with cnbc?', 'any link for CNBC Camanth interview?', 'This interview on CNBC 👀']",False,0,False,1,False,0
34,154,34_amc_shares amc_buy amc_amc shares,"['amc', 'shares amc', 'buy amc', 'amc shares', 'bought amc', 'amc buy', 'hold amc', 'holding amc', 'bought', 'shares', 'buying amc', 'just bought', 'movies', 'amc amc', 'amc just', 'amc like', 'sell amc', 'amc stock', 'buy hold', 'amc hold']","['898 shares AMC.', 'Holding 990 shares of AMC 🚀🚀🚀🚀🚀', 'Is $AMC still a move?']",False,0,False,0,False,1
35,152,35_bought_25_hit_500,"['bought', '25', 'hit', '500', 'got', 'premarket', '370', '365', '320', '300', '400', 'moon boys', '90', 'sold', '450', 'thought', '380', 'saw', '150', 'tomorrow']","['***ONCE WE PASS $350 WE ARE LITERALLY GONNA FUCKING MOON BOYS***\n\n***THIS IS NOT A DRILL***\n\n***DIAMOND HANDING 368 SHARES SINCE $39.00 IF I CAN HOLD THROUGH EVERY SINGLE MINUTE OF THE CHART THEN YOU CAN TOO ON OUR WAY TO $500***\n\n&amp;#x200B;\n\nTHAT DIP GOT BOUGHT UP REALLY FUCKING QUICK HAHAHAHA NICE LAST TRY MELVIN YOU CU-NT', 'Bro i bought 15 @ $150 yesterday and thought i was fucked when shit dropped to $80s. I wish I bought more now.', 'I BOUGHT AT 368 AND I WILL NEVER SELL']",False,0,False,0,True,2
36,151,36_options_calls_option_expire,"['options', 'calls', 'option', 'expire', 'exercise', 'strike', 'itm', 'premium', 'contract', 'friday', 'expiration', 'options expire', 'otm', 'buy calls', 'shares', 'expire friday', 'contracts', '100 shares', 'buy options', 'close']","['Tomorrow they will be more options', ""I did the math and its about half a million bucks locked into premium. he's a millionaire but still, why leave that on the table? Considering this person did not roll their calls with such an obvious bull bias approaching the strike, this person is possibly fake or just a noob that has no concept of options work or ther mechanics, however, people in this thread have followed into this trade now DO have money so it's worth considering how to protect it. I'll explain a way to not only save half a million bucks here but protect your once in a lifetime opportunity for those of  you who like to yolo with FD's:  \n\n\nyou buy some calls OTM cheap when stock is ten bucks a share. then the next thing you know it's your fucking lucky day and you can throw the rope away forever... woo hoo! Price of stock 100 bucks!  \n(assuming you had this position open before the move up)  \nclose out those long ITM calls... They aren't doing anything for you now. these calls are worth like a third or more of the underlying. (that's not really controlling risk.)\n\nbuy stock -100  \nsell 20.00 call +80 (with 1.50 premium  \n\n\nyour cost basis of stock now 18.50 (this is important take away here)  \n\n\nif the stock drops to 50?  \n\n\nyou can close out your short call. and you're up another 50 bucks because the move lost a ton of intrinsic value. Now you can sell a call later, you can keep your stock, or you can sell a put to add to the position or make MORE MONEY. and since IV is higher, premium is higher for OTM calls (because people will be expecting a bounce)  \n\n\nthe only downside is. GME will not go up another 200% for y ou tomorrow, but you aren't really making money on that move with ITM calls. so you have literally every reason i can consider to either switch to shares outright (and not lose money from that 2% in premium) or do deep ITM calls on the next almost guaranteed pullback when this ride ends to make another 50, 60 70 or god knows how many points on the next down move."", 'options']",False,0,False,0,False,0
37,149,37_broker_brokers_rh_brokerages,"['broker', 'brokers', 'rh', 'brokerages', 'interactive', 'interactive brokers', 'brokerage', 'stocks', 'let', 'allow', 'block', 'ipo', 'let buy', 'agreement', 'clearing', 'buys', 'trader', 'limited', 'buying', 'clear']","['If your broker will let you.', 'The broker will', 'Broker-dealers']",False,0,False,0,False,1
38,149,38_nokia_blackberry_tesla_5g,"['nokia', 'blackberry', 'tesla', '5g', 'moon nok', 'nok', 'nok moon', 'phone', 'moon', 'nokia amc', 'nok nok', 'pump', 'bb', 'halted', 'expensive', 'gonna', 'yo', 'market cap', 'nok whos', 'euro']","['Nokia babbbaaayyyyy', 'Nokia is back !!!!!', 'Nokia!']",False,0,False,0,False,1
39,148,39_manipulation_market manipulation_market_investors,"['manipulation', 'market manipulation', 'market', 'investors', 'illegal', 'section', 'markets', 'act', 'brokerages', 'retail', 'short', 'people', 'blatant', 'clearly', 'artificial', 'corporations', 'regulation', 'hedge', 'hedge fund', 'failure']","[""Don't be. This is just market manipulation."", 'No where, was market manipulation.', 'Market manipulation hahahahah']",False,0,True,3,False,0
40,148,40_upload_content_directly_meme,"['upload', 'content', 'directly', 'meme', 'reddit', 'performed', 'action performed', 'performed automatically', 'concerns', 'moderators', 'automatically', 'contact', 'questions', 'action', 'bot', 'unemployment', 'gourd', 'sir', 'eat', 'fuckin']","['Upload meme content directly to Reddit please.\n\n*I am a bot, and this action was performed automatically. Please [contact the moderators of this subreddit](/message/compose/?to=/r/wallstreetbets) if you have any questions or concerns.*', 'Upload meme content directly to Reddit please.\n\n*I am a bot, and this action was performed automatically. Please [contact the moderators of this subreddit](/message/compose/?to=/r/wallstreetbets) if you have any questions or concerns.*', 'Upload meme content directly to Reddit please.\n\n*I am a bot, and this action was performed automatically. Please [contact the moderators of this subreddit](/message/compose/?to=/r/wallstreetbets) if you have any questions or concerns.*']",False,1,False,0,False,0
41,147,41_karma_old account_account_old,"['karma', 'old account', 'account', 'old', 'accounts', 'new account', 'comment', 'post', 'new', 'comments', 'brand new', 'sub', 'brand', 'age', 'posts', 'month', 'day old', 'commenting', 'bots', 'mods']","['I doubt your karma is “too high”. They most likely have a “you can’t comment or post until your account is x days old and has x amount of karma”. You can’t be too told or have too much karma.', 'Here, take some karma', 'I only have 225 karma bu i been here a while LUrk Moar']",False,0,False,0,False,0
42,146,42_hedge_hedge funds_funds_street,"['hedge', 'hedge funds', 'funds', 'street', 'investors', 'wall street', 'retail', 'hedge fund', 'bubble', 'wall', 'retail investors', 'fund', 'losing', 'market', 'stock market', 'institutional', 'markets', 'halt', 'money', 'fed']","[""Yeah because the media has never ever been liberal. Their owners are giant teleco's who have a vested interest in making sure we don't wise up to their shenanigans. We're past conspiratorial thinking I just watched every major news outlet let some business cunt complain this is hurting the hedge funds and that running up a stock like this isn't safe for us. You heard that right, now all of a sudden they're worried about our portfolios when every decade they shit the bed. Politely miss me with the bullshit. We're a threat now and they don't know how to act. We're riding the gravy train for once and like someone else said these adult children are so spoiled they can't let someone else  enjoy the win even if it means they take a small L. It's not like they can't or won't make that money back somehow. Just not from us this time. Eat shit, wall street it's about time. This is the real occupy wall street."", 'Hold it, its hedge fund sell out', 'High frequency trading: ya, cool, introduce a market inefficiency so hedge funds can scalp retail investors\n\nRetail investors buying shares and a hedge fund, that was short more than the total shares tradeable, loses: serious business\n\nFuck off']",False,0,True,5,False,0
43,146,43_shares_share_bought shares_bought,"['shares', 'share', 'bought shares', 'bought', 'holding', 'bought share', '100 shares', 'shares im', '20', 'im', '100', 'bought 20', 'shares holding', 'afford', 'shares tomorrow', 'avg', '12', 'holding shares', 'single', '20 shares']","[""Bought 20 at $17 then doubled down 40 more at $40, been buying up more since every time I get money now I'm up to 100 shares. Gonna throw 2 grand in tomorrow. I'm all in boys. 🚀🚀🚀"", ""Im already on a diet of noodles because I bought shares. But I'm holding for all of us💎👐"", 'I will be buried with my shares']",False,0,False,0,True,2
44,146,44_cnbc_fuck cnbc_late_sale,"['cnbc', 'fuck cnbc', 'late', 'sale', 'news', 'cnn', 'reporting', 'msm', 'fake news', 'fuck', '230', 'bloomberg', 'lol', 'wrong', 'pm', 'fake', 'american', 'chairman', 'network', 'cheering']","['CNBC', 'What’s on CNBC?', 'CNBC']",False,1,False,0,False,0
45,144,45_buy gme_gme buy_gme_sell gme,"['buy gme', 'gme buy', 'gme', 'sell gme', 'gme gme', 'bought gme', 'buy', 'sale', 'wish', 'gme fuck', 'money gme', 'bought', 'dont sell', 'sell', 'advocate', 'm1 finance', 'gme sell', 'selling', 'afford gme', 'afford']","['BIY GME BIY GME BUY GME', 'Buy GME Buy GME Buy GME', 'Sell everything but gme and buy more gme']",False,0,False,0,True,4
46,144,46_robinhood_transfer_account_webull,"['robinhood', 'transfer', 'account', 'webull', 'robinhood account', 'fidelity', 'deposit', 'instant', 'robinhood robinhood', 'bank', 'instant deposit', 'withdraw', 'robinhood wont', 'process', 'robinhood buy', 'use', 'switch', 'gold', 'option', 'phone']","['Can this be done with robinhood?', 'Can i do this on robinhood', 'Robinhood is down as well.']",False,0,False,0,False,0
47,144,47_ladder_short ladder_retail_selling,"['ladder', 'short ladder', 'retail', 'selling', 'cover', 'ipo', 'shares', 'price', 'short', 'investors', 'assets', 'retail investors', 'tanked', 'attack', 'theyll', 'funds', 'banks', 'bankrupt', 'losses', 'massive']","['Google short ladder attack.\n\nShort ladder attacks have been happening all along. Hedges sell stock to each other at a steep discount to force the stock price down. Up until now retail buyers have just been buying more shares rather than selling which has forced the price back up.\n\nThis morning retail brokers started blocking peoples ability to buy stock so it was unable to recover after the short ladder.', 'It’s unlikely anyone here is selling. This is a short ladder. It only looks like the stock is selling off, ini reality, it’s not. Hedge funds sell back and forth with one another at lower and lower bids in rapid succession, tricking algorithms into thinking there is a mass sell off when there actually isn’t. (They do this to scare off retail investors to engineer a sell off).\n\nOnce the attack is over, the stock will normally go back up due to its demand. Then they will rinse and repeat their attack, each time hoping to chip away more and more retail investors. Most people in here know this, so if retail investors are selling, it’s unlikely that it’s anyone at all. \n\nThey are blatantly manipulating the marketing', 'Lumuno\\_just now\n\nMOST IMPORTANT THING YOU WILL READ ALL DAY: $AMC:\n\nIt’s unlikely anyone here is selling. This is a short ladder. It only looks like the stock is selling off, ini reality, it’s not. Hedge funds sell back and forth with one another at lower and lower bids in rapid succession, tricking algorithms into thinking there is a mass sell off when there actually isn’t. (They do this to scare off retail investors to engineer a sell off).\n\nOnce the attack is over, the stock will normally go back up due to its demand. Then they will rinse and repeat their attack, each time hoping to chip away more and more retail investors. Most people in here know this, so if retail investors are selling, it’s unlikely that it’s anyone at all.\n\nThey are blatantly manipulating the market']",False,0,False,1,False,1
48,142,48_1k_5k_10k_2k,"['1k', '5k', '10k', '2k', '3k', '4k', '30k', 'set', '12k', 'hit 1k', 'limit', 'limit sell', 'minimum', 'hit', 'brains', 'low', 'til', 'just threw', 'past', 'selling im']","[""It's going to 1k... What do you think"", '1k+', '1k']",False,0,False,0,False,0
49,142,49_pltr_ag_shitron_gang,"['pltr', 'ag', 'shitron', 'gang', 'bag', 'nok whos', 'gme pltr', 'pp', 'holding bag', 'tickets', 'joining', 'fuck yeah', 'okay', 'ctrm', 'left holding', 'bagholder', 'ogs', 'bb gme', 'admit', 'nok nok']","['PLTR 🚀🚀🚀🚀', 'PLTR 🚀🚀🚀', 'PLTR don’t stopppp']",False,0,False,0,False,0
50,141,50_just bought_buying buy_bought_buying,"['just bought', 'buying buy', 'bought', 'buying', 'buy', 'buy just', 'wish buy', 'bought today', 'buy buy', 'just buy', 'buy buying', 'bought im', 'chance buy', 'responses', 'lol buy', 'wish', 'afford', 'wanted buy', 'tomorrow dont', 'just']","['Just bought some more 🚀🚀🚀🚀🚀💎', 'Just bought one more', 'Just bought more']",False,0,False,0,True,3
51,140,51_shorts_shorts covered_cashapp_cover,"['shorts', 'shorts covered', 'cashapp', 'cover', 'shorts cover', 'covered', 'shorters', 'covering', 'pants', 'buy amc', 'fuck shorts', 'expire', 'blah', 'close shorts', 'amc nok', 'blah blah', 'doesnt', 'cover shorts', 'havent', 'naked shorts']","['What price are the shorts at', 'Can the shorts get out?', 'No shorts?']",False,0,False,0,False,0
52,140,52_webull_revolut_fidelity_webull fidelity,"['webull', 'revolut', 'fidelity', 'webull fidelity', 'works', 'reports', 'degiro', 'issues', 'just picked', 'france', 'stayed', 'just play', 'reporting duty', 'webull takes', 'takes', 'crash', 'shit bed', 'dont work', 'like fidelity', '4am']","['WEBULL WEBULL WEBULL', 'Webull', 'MOVE TO WEBULL']",False,1,False,0,False,0
53,139,53_chamath_scott_destroying_president,"['chamath', 'scott', 'destroying', 'president', 'god', 'legend', 'chad', 'love', 'vote', '2024', 'absurd', 'fucking god', 'host', 'papa', 'man', 'youre wrong', 'based', 'hero', 'apart', 'joining']","['CHAMATH!!!!!', 'CHAMATH INNNNNN', 'Chamath from the top ropes']",False,0,False,0,False,0
54,139,54_stonk_stonks_meme_like stonk,"['stonk', 'stonks', 'meme', 'like stonk', 'love stonk', '10000', 'memes', 'hang', '1000', 'meme stonks', 'love', '5000', 'like', 'stonk goes', 'hoooold', 'set price', 'money youre', 'anymore', 'dreams', '5k']","['HONK IF YOU LIKE THE STONK!!!', 'WE LIKE THE STONK', 'WE LIKE THAT STONK STONK STONK']",False,0,False,0,False,0
55,137,55_schwab_war_lmao_class,"['schwab', 'war', 'lmao', 'class', 'movies', 'laugh', 'gamestonk', 'thinking', 'games', 'username', 'checks', 'lmfao', 'shoots', 'just thinking', 'im thinking', 'warfare', 'charles schwab', 'video games', 'charles', 'thats im']","['Schwab', 'Schwab', 'Schwab']",False,0,True,2,False,0
56,136,56_citadel_hold hold_aoc_chamath,"['citadel', 'hold hold', 'aoc', 'chamath', 'cnbc', 'hold', 'host', 'killing', 'interview', 'fundamental', 'report', 'establishment', 'guy', 'scott', 'friends', 'screw', 'history making', 'bernie', 'shift', 'businesses']","[""Didn't Yellen get a shitload of money from Citadel, though?"", 'and \n\n**FUCK CITADEL**', 'Is this Citadel as in citadel Miniatures ?']",False,0,True,2,False,1
57,135,57_ride_strap_ride die_repeat,"['ride', 'strap', 'ride die', 'repeat', 'enjoy ride', 'die', 'boys', 'enjoy', 'wave', 'riding', 'rig', 'mother fucker', 'mother', 'bigger', 'lets', 'hill', 'jacked', 'big', 'rises', 'frozen']","[""What a fucking ride, let's go boys 🚀🚀🚀"", '🚀🚀🚀 Here for the ride 🚀🚀🚀', 'strap in for the ride']",False,0,False,0,False,0
58,134,58_cruz_shes_aoc_warren,"['cruz', 'shes', 'aoc', 'warren', 'ben', 'agree', 'trump', 'agreed', 'unity', 'jr', 'hate', 'establishment', 'rush', 'left right', 'democrats', 'left', 'republican', 'lady', 'supports', 'enemy']","['Wait what the fuck, Cruz put a hit on AOC?', 'Fucking Ted Cruz agreed with AOC', 'Ted Cruz too']",False,0,False,0,False,0
59,134,59_yes yes_yes_happy cake_cake day,"['yes yes', 'yes', 'happy cake', 'cake day', 'cake', 'happy', 'day', 'lol think', 'reference', 'reasoning', 'captain', 'facebook', 'specific', 'offer', 'mate', 'buddy', 'added', 'second', 'basically', 'absolutely']","['yes', 'Yes', 'Yes']",False,0,False,0,False,0
60,134,60_aboard_sign_welcome_help,"['aboard', 'sign', 'welcome', 'help', 'belong', 'disgusting', 'fucked', 'uzjz', 'spirit', 'criminal', 'seen', 'thats', 'story', 'ive seen', 'hey', 'words', 'home', 'id', 'man', 'add']","['Welcome aboard. 🚀🚀🚀', 'You haven’t done that already?\nWelcome aboard', 'Welcome aboard 🚀🚀🚀']",False,1,False,0,False,0
61,133,61_rich_tax_college_debt,"['rich', 'tax', 'college', 'debt', 'wealth', 'house', 'years', 'family', 'people', 'billionaires', 'worked', 'loans', 'mortgage', 'job', 'lost', 'working', 'born', 'taxes', 'pay', 'stimulus']","['I remember when the crash hit, my mom lost her job and my dad was under so much pressure at his job that he turned to prescription drugs. We soon lost our house and he lost his job as well. My family never fully recovered. Now my dad is a junkie who is somewhere on the streets, and my mom had to work 3 jobs at one point just to feed my brother and I. She finally has a decent job 13 years later, but when the market crash happened I didn’t realize how negatively it would affect my brother and I. College fund? Gone. Big ass house? Gone. Moved into a one bedroom apartment. Sure, others suffered way worse, but I can’t imagine where I’d be today if the crash didn’t happen. I remember gas cost 7$ a gallon and we filled up one gallon at a time. We suffered so much just because banks and firms wanted to make money. It’s our turn now.', ""This was great to read. I don't think I could've put this into better words.\n\nI was just starting college summer of 2008. In the next few years I never understood why it was so hard to convince my parents to help me take out student loans for myself and their Parent PLUS loans to help pay for school.\n\nYet here I stand, 100k in debt, currently jobless in recruitment hell, 1 1/2 degrees, behind 3 months on rent, and all I can contribute to this whole thing is $1. Yeah, it's one measly dollar, but it's one dollar to say I believe in what everyone is trying to do. I want so badly for things to better for this generation financially. I want to pay off my debt, pay off my sister's debt (she's got a master's and is a single parent and is 140k in debt), and help my friends reach the potentials I know we can all achieve.\n\nI learned how to fucking cook from scratch because I didn't have money.\n\nPeople always say money doesn't buy happiness, but it certainly paves the road to get there.\n\nKeep holding and I hope a lot of people come out on top."", 'I was 27 when the 07-08 crash happened. I worked for a large mortgage lender at the time. I was hired as a temp to answer the phones when I was 20 during the refi boom and worked my way up through the ranks eventually becoming a Sales Rep. The hot items we sold were No Doc loans and 1% Option Arms. Being young and relatively new to this business I thought this was how mortgage loan programs worked and I thought nothing wrong of it. In 2007, over 250 banks imploded. My colleagues and I watched the implode o meter website every single day. The bank I worked for at the time assured us we were okay and that we wouldn’t go under but 8 months into the crash they couldn’t hold on and they shut down. I lost my job and so did many others and I could not find a job for over a year! My company did give us a severance package which helped for a couple months and then I had to go on unemployment. When I did find a job over a year later, I was making significantly less than what I was prior and it was like this for 5 years after, the jobs didn’t pay well. It finally started to turn around for the better in 2012 after all the 2010 regulations took place. Now 20-21 eerily feels like 07-08 again. The business is booming right now due to low interest rates and many are buying and refinancing. Home values are overinflated and I can’t find anything worth a crap for under 300k in my state that already has incredibly high property taxes. We also have many people currently unemployed due to covid and pausing their mortgage payments under the cares act. I’m curious to see how this all plays out in the next year or so. I’m really hoping it’s not a repeat of 07-08.\n\nEdit to say - I love the company I work for now! I don’t want a repeat 😫']",False,1,True,2,False,0
62,131,62_robinhood_limited_market manipulation_manipulation,"['robinhood', 'limited', 'market manipulation', 'manipulation', 'trading', 'blocked', 'allow', 'limited buys', 'market', 'complaint', 'file', 'robinhood just', 'buying', 'retail', 'buys', 'interests', 'purchasing', 'investors', 'users', 'robinhood robinhood']","['&gt;This morning I, and millions of other retail investors, were blocked from purchasing (entering new buy orders) on the Robinhood platform, without notice. This clear example of market manipulation has forced the stock down from over $500 in after-hours to less than $300 as of this writing. Meanwhile, hedge fund interests are NOT blocked from buying the shares being traded and the lower price obviously benefits them.\n\nFor FINRA: **CRD#:** **165998/SEC#: 8-69188**', 'This is what I\'m using (FSC isn\'t picking up though and their voicemail is full):\n\n*Good morning, my name is \\_\\_\\_\\_ and I\'m a \\_\\_\\_\\_\\_ constituent.*\n\n*I\'m calling because of as of this morning I and millions of others were blocked from purchasing new ordes on platforms like Robinhood. I bought in \\_\\_\\_\\[yesterday for me\\]\\_\\_ of my own will, knowing the risk, wanting to let this play out and the fact that these platforms because of their manipulations and fear are stopping our trades from being executed after they promised to deliver services is unacceptable.*\n\n*This clear example of market manipulation has forced the stock down from over $500 in after-hours to less than $300 as of this writing. Meanwhile, hedge fund interests are NOT blocked from buying the shares being traded and the lower price obviously benefits them.*\n\n*We retail investors have followed all the rules and finally stood to gain a LITTLE bit from Wall St and they suddenly change the rules ""to protect"" us. As your constituent, I ask and demand that you use your power and regulatory authority to examine whether Robinhood colluded illegally with any other actors who may have held short positions on these stocks to reduce the number of buyers for $GME and therefore deflate the price. This is market manipulation.*', '[Click Here](https://www.sec.gov/oiea/Complaint.html) to file a complaint with the SEC.\n\n[Click Here](https://www.finra.org/investors/have-problem/file-complaint/complaint-center) to file a complaint wit with FINRA.\n\n\n[Click Here](https://robinhood.com/contact) to file a complaint with Robinhood directly. \n\n\nRobinhood Financial LLC\n85 Willow Road\nMenlo Park, CA 94025\nUnited States\n\nThis morning I, and millions of other retail investors, were blocked from purchasing (entering new buy orders) on the Robinhood platform, without notice. This clear example of market manipulation has forced the stock down from over $500 in after-hours to less than $300 as of this writing. Meanwhile, hedge fund interests are NOT blocked from buying the shares being traded and the lower price obviously benefits them. \n\nWe retail investors have followed all the rules and finally stood to gain a LITTLE bit from Wall St and they suddenly change the rules ""to protect"" us. I am requesting you use your subpoena power and regulatory authority to examine whether Robinhood colluded illegally with any other actors who may have held short positions on these stocks to reduce the number of buyers for $GME and therefore deflate the price. This is market manipulation.\n\n**GIVE ROBINHOOD APP A 1-STAR REVIEW RIGHT NOW!**\n\nEdit: Stop giving Conde Nast your money with these stupid awards. Donate to a 501(c) or better yet buy more $GME (not financial advice).\n\n\n\nSpread the word. This is outrageous']",False,0,True,2,False,1
63,130,63_shares_share_got shares_just bought,"['shares', 'share', 'got shares', 'just bought', '10 shares', 'bought', 'honest work', '20 shares', 'bought shares', '23', 'average', 'gang', '30 shares', 'share bought', 'added', 'shares shares', 'shares holding', 'shares lets', 'checking', 'honest']","['3700 shares 🚀🚀🚀🌚 Brothas!', 'These 174 shares are in 💎✊', 'So 2 shares?']",False,0,False,0,False,1
64,129,64_history_right history_2021_retards,"['history', 'right history', '2021', 'retards', 'scum', 'group', 'cunt', 'event', '2020', 'nerds', 'fighting', 'watching', 'fuck guy', 'machine', 'husband', 'troops', '90', 'organized', 'choices', 'making']","['HISTORY', 'I too, am part of history.', 'HISTORY']",False,0,False,0,False,0
65,128,65_nok_nok nok_lets nok_holding nok,"['nok', 'nok nok', 'lets nok', 'holding nok', 'nok lets', 'nok gonna', 'blowing', 'lets', 'buck', 'like nok', 'dave', 'going nok', 'explode', 'pushing', 'tanking', 'free', 'train', 'boys', 'whos', 'day dont']","['NOK it up', 'And NOK', 'Go nok nok']",False,0,False,0,False,0
66,128,66_hype_aint_mins_started,"['hype', 'aint', 'mins', 'started', 'big day', 'just beginning', 'minutes', 'day', 'min', 'beginning', 'wild', 'hyped', 'exciting', 'jelly', '15 minutes', 'getting started', 'beating', 'weve', 'hold shit', 'excited']","['HOLD!!!! This shit aint over till we say its over!!!! GME 🚀🚀🚀🚀🚀🌛🍆🌈🐻🍋', 'Folks, we are just getting started.', ""I get the nickname correlation lol, I'm an r/mma regular.\n\nI think you're probably a bit too hype on the idea my mans, but if it gets more word out about this whole thing I won't stop ya. There's a lot of high energy about everything on this sub, and I'm fuckin hype too.\n\nDiamond hands to the moon 💎☝""]",False,0,False,0,False,0
67,125,67_ladder_street_wall_wall street,"['ladder', 'street', 'wall', 'wall street', 'attack', 'ladder attack', 'rich', 'short ladder', 'attacks', 'people', 'government', 'stimulus', 'capitalism', 'money', 'stay', 'win', 'father', 'fucked', 'bailed', 'didnt know']","['Shorts ladder attack', 'Short ladder attack. Keep holding', 'Lets all riot and protest at wall street']",False,0,True,3,False,0
68,124,68_meme stocks_meme_earnings_aapl,"['meme stocks', 'meme', 'earnings', 'aapl', 'stocks', 'company', 'ev', 'memes', 'spy', 'valuation', 'growth', 'tesla', 'apple', 'trial', 'companies', 'share', 'tanking', 'imagine', 'im pretty', 'pretty sure']","['if anyone in this thread is actually reading the comments and not just spamming meme stocks:\n\ncheckout AMD, over 200% for their earnings estimate and down 5% today, real oportunity for a longer play', ""They're cancellling trading on all meme stocks.. \nLoad up funds WE GO AGAIN TOMORROW!!! To VALHALLLLLLAAAAAA!"", 'Same. Most of my coworkers at a defense company are all playing meme stocks']",False,0,False,0,False,0
69,124,69_212_trading 212_trading212_t212,"['212', 'trading 212', 'trading212', 't212', 'trading', 'blocked', 'uk', 'suspended', 'blocking', 'etoro', 'gme trading', 'says', 'join', 'im using', 'using', 'crashed', 'uk buy', 'risk management', 'gme amc', 'allow']","['Trading 212 down', ""Can't do anything on Trading 212 either"", 'Trading 212 is down']",False,0,False,0,False,0
70,123,70_td ameritrade_ameritrade_td_app,"['td ameritrade', 'ameritrade', 'td', 'app', 'use', 'etrade', 'trade', 'recommendations', 'brokerage', 'broker', 'placed', 'wealthsimple', 'account', 'robinhood', 'trading', 'interactive', 'fidelity', 'platform', 'cancelled', 'order']","['TD Ameritrade!!!!', 'TD Ameritrade', 'use TD ameritrade!!!']",False,0,False,0,False,0
71,122,71_working_desktop_mobile_servers,"['working', 'desktop', 'mobile', 'servers', 'works', 'ortex', 'ally', 'app', 'load', 'website', 'overloaded', 'try', 'traffic', 'work', 'server', 'appear', 'outage', 'site', 'reload', 'submit']","['Too late, only the mobile app is working right now.', 'Try desktop. Not mobile.', 'Try desktop. My mobile app isnt working either but desktop is.']",False,1,False,0,False,0
72,122,72_cancelled_canceled_orders_order,"['cancelled', 'canceled', 'orders', 'order', 'email', 'cancelled order', 'pending', 'tried', 'cancel', 'placed', 'night', 'ordered', 'morning', 'just got', 'got', 'canceled order', 'confirmation', 'ago', 'hour', 'message']","['These asshats cancelled my morning order', 'Cancelled my orders this morning as well.', 'They cancelled my orders this morning!']",False,0,False,0,False,0
73,122,73_robinhood_shares robinhood_fuck robinhood_search,"['robinhood', 'shares robinhood', 'fuck robinhood', 'search', 'robinhood buy', 'robinhood users', 'robinhood wont', 'let buy', 'sell robinhood', 'robinhood im', 'supported', 'stocks robinhood', 'robin hood', 'copy paste', 'paste', 'robin', 'buy', 'hood', 'wont let', 'buy dont']","[""FOR ROBINHOOD USERS TO BUY:\n\nDon't search for the ticker - find it in the top 100 you can trade it this way...\n\nCOPY AND PASTE!!!!\n\nCredit - u/foleyfire"", ""FOR ROBINHOOD USERS TO BUY:\n\nDon't search for the ticker - find it in the top 100 you can trade it this way...\n\nCOPY AND PASTE!!!!"", ""FOR ROBINHOOD USERS TO BUY:\n\nDon't search for the ticker - find it in the top 100 you can trade it this way...\n\nCOPY AND PASTE!!!!""]",False,0,False,0,False,1
74,122,74_bots_spam_nok bots_bot,"['bots', 'spam', 'nok bots', 'bot', 'spamming', 'shills', 'accounts', 'ban', 'shill', 'nok', 'pushing', 'werent', 'posts', 'new', 'mod', 'karma', 'bots pushing', 'emails', 'dirty', 'mentioning']","['the bots are invading.', 'honeslty mostly bots', 'Bots']",False,0,False,0,False,0
75,121,75_gme_gme lets_hits_hold till,"['gme', 'gme lets', 'hits', 'hold till', 'bought gme', 'canadian', 'gme gme', 'paycheck', 'broke', '400', 'till', '40k', '10k', 'thinking', 'guys', '1000', 'gme going', 'lets', 'loss porn', 'getting rich']","['$GME lets hit $500', 'SOLD MY KIDNEY TO BUY MORE GME LETS GO 🚀', 'Just bought more GME lets go boys! 🚀']",False,0,False,1,False,0
76,120,76_1000_lt3_200_dip,"['1000', 'lt3', '200', 'dip', 'gains', 'dipped', '120', '150', 'paper', 'hits', 'bought', '115', 'hands', 'brothers', '40', 'limit', 'sell', 'paper hands', 'holding', 'till']","['You don’t realize the panic and rage I felt when I saw it fall to 120. I’ve been holding since 40. My finger was right above the sel button. I wanted my 200% gains, I wanted regain sanity. Then I closed the app. I wouldn’t give them the one thing they wanted. Me to puss out. \n\nThis is so much more than the gains', 'I was here at $61 and was scared passing $100, I watched it jump to $155 and thought about getting out, I watched it blow passed $200 and thought “maybe today is the day,” I’m watching it sit above $300 and I’m not selling till we break $1000 it can be done!', ""Congrats brothers!\n\nObligatory HOLDHOLDHOLD 🚀🚀🚀\n\n\nI'm getting ready for a large drop tomorrow as paper hands take profits and small balls dip out. Hold your shares and liquidate your life to buy the dip tomorrow!\n\n(My thoughts and definitely not facts) \n\nIt's going to be rocky as fuck but we shall soon set foot on the moon!!\n\n\n\n🚀🚀🚀🚀🚀🚀🚀🚀🚀🚀🚀🚀🚀🚀🚀🚀🚀🚀🚀🚀""]",False,0,False,0,True,5
77,120,77_amc_amc gme_gme amc_gme,"['amc', 'amc gme', 'gme amc', 'gme', 'gme im', 'borrowing', 'rates', 'buying amc', 'dont money', 'holding amc', 'buy amc', 'gt', 'market cap', 'amc bb', 'gme hold', 'bbby', 'shorted', 'invest', 'hedge funds', 'bb']","['SELL YOUR AMC AND GO ALL IN ON GME WE WILL GET TO AMC LATER', ""&gt;Why the AMC squeeze hasn't happened yet:  \n&gt;  \n&gt;Take a look at this link ( https://iborrowdesk.com/report/AMC )and scroll down to recent data for AMC. Borrowing fees (meaning the rate at which the hedge funds have to pay to short the stock) have risen from 3.2% to 21.9% in the past day. This is a dramatic increase. However, that's only the beginning. This is GME's borrowing rates and available shares to short: https://iborrowdesk.com/report/gme  \n&gt;  \n&gt;If you look at GME's borrowing rates, the last time they were at 22% was 1/21/21 (6 days ago). 5 days later, the borrowing rates SPIKED up to 83%. This was also the same day the GME squeeze went crazy from 90 -&gt; 300. As Martin Shkreli said, keep your eye on the borrowing rates, not the short interest. The borrowing rates make the hedge funds nervous and is ultimately a huge factor for them having to cover. Covering leads to squeezing. I predict a similar, though not as significant squeeze as GME for AMC. This is something to keep an eye on.  \n&gt;  \n&gt;Shares available to short for AMC has also decreased from 10,000,000 6 days ago on 1/21 to &lt;200,000 as of close, meaning the hedge funds are getting greedy as fuck trying to make us lose!!!  \n&gt;  \n&gt;Additionally AMC is better off than it was during the pandemic. Their bankruptcy concerns are completely off the table with a billion in funding. They are also a very low market cap at 4B, meaning there is much bigger potential for their price to increase. Movies are not fucking dead, mark my words. AMC is due for a HUGE rally. There's room for both squeezes, lets fucking go boys.\n\nDo you mind posting this on PennyStocks? To spread the word!"", 'GME × AMC = 10M/Share']",False,0,False,0,False,0
78,118,78_short_cover_shorts_price,"['short', 'cover', 'shorts', 'price', 'shorting', 'shares', 'short sellers', 'sellers', 'shorted', 'borrow', 'borrowed', 'lower', 'stock', 'pay', 'position', 'lower price', 'sells', 'days cover', '100', 'cheaper']","['Explanation to hopefully stop panic selling:\n\nFunds can sell of shares at progressively lower lots to “tap” down prices. And GME enthusiasts may be buying them as a conviction play (it may seem like we are helping ourselves buying here, but it plays into the short strategy...buying but as long as we hold it’s only a temporary decrease in SP). Imagine I have 1 million shares and I sell them in lots of 10,000 each lot $10 cheaper than the next. If people buy, I’ve lowered the stock price  by $100 effectively. It’s a classic short move.\n\nIf you don’t think Melvin and Shitron and the funds that propped them up aren’t calling in favors like this right now you’re living in fantasy land.\n\nSo for a small amount of shares you can take the price of the stock. It’s only going to save shorts though if once the stock is down everyone panics and sells at the new, lower price. If people hold the line, the stock may be down but shorts will have no one to buy shares to cover from, and the shares they used to drop the price will be exhausted. The volume typically tells the tale of a bear raid. There’s no way this is going to work- I feel like this plus the shutdown of wallstreetbets is just going to infuriate GME shareholders more to where holding is a moral issue. Shorts are likely fucked\n\nPlease share and upvote this for god sakes so people don’t think everyone else selling out and giving up!!!! Please someone who can post copy and post this I don’t want credit I just don’t want the little guy to lose!\n\nFYI I work in healthcare and have 6 figures in student loan debt and I’m finally making enough $ from you retards that makes me think one day I might pay off. I’m doing my part!', 'Explanation to hopefully stop panic selling:\n\nFunds can sell of shares at progressively lower lots to “tap” down prices. And GME enthusiasts may be buying them as a conviction play (it may seem like we are helping ourselves buying here, but it plays into the short strategy...buying but as long as we hold it’s only a temporary decrease in SP). Imagine I have 1 million shares and I sell them in lots of 10,000 each lot $10 cheaper than the next. If people buy, I’ve lowered the stock price  by $100 effectively. It’s a classic short move.\n\n**If you don’t think Melvin and Shitron and the funds that propped them up aren’t calling in favors like this right now you’re living in fucking fantasy land.**\n\nSo for a small amount of shares you can take the price of the stock. It’s only going to save shorts though if once the stock is down everyone panics and sells at the new, lower price.\n\n*If you wake up and see $100 and your heart falls out your pussy and you get paper hands, game over. If you see $100 and instead remember how fucking jazzed you were when it first hit that and hold, you win baby.*\n\nIf people hold the line, the stock may be down but shorts will have no one to buy shares to cover from, and the shares they used to drop the price will be exhausted. The volume typically tells the tale of a bear raid. There’s no way this is going to work- I feel like this plus the shutdown of wallstreetbets is just going to infuriate GME shareholders more to where holding is a moral issue. Shorts are likely fucked\n\n**Please share and upvote this for god sakes so people don’t think everyone else selling out and giving up!!!! Please someone who can post copy and post this I don’t want credit I just don’t want the little guy to lose!**\n\nFYI I work in healthcare and have 6 figures in student loan debt and I’m finally making enough $ from you retards that makes me think one day I might pay off. I’m doing my part!', 'Explanation to hopefully stop panic selling:\n\nFunds can sell of shares at progressively lower lots to “tap” down prices. And GME enthusiasts may be buying them as a conviction play (it may seem like we are helping ourselves buying here, but it plays into the short strategy...buying but as long as we hold it’s only a temporary decrease in SP). Imagine I have 1 million shares and I sell them in lots of 10,000 each lot $10 cheaper than the next. If people buy, I’ve lowered the stock price  by $100 effectively. It’s a classic short move.\n\n*If you don’t think Melvin and Shitron and the funds that propped them up aren’t calling in favors like this right now you’re living in fucking fantasy land.*\n\nSo for a small amount of shares you can take the price of the stock. It’s only going to save shorts though if once the stock is down everyone panics and sells at the new, lower price.\n\n*If you wake up and see $100 and your heart falls out your pussy and you get paper hands, game over. If you see $100 and instead remember how fucking jazzed you were when it first hit that and hold, you win baby.*\n\nIf people hold the line, the stock may be down but shorts will have no one to buy shares to cover from, and the shares they used to drop the price will be exhausted. The volume typically tells the tale of a bear raid. There’s no way this is going to work- I feel like this plus the shutdown of wallstreetbets is just going to infuriate GME shareholders more to where holding is a moral issue. Shorts are likely fucked\n\nPlease share and upvote this for god sakes so people don’t think everyone else selling out and giving up!!!! Please someone who can post copy and post this I don’t want credit I just don’t want the little guy to lose!\n\nFYI I work in healthcare and have 6 figures in student loan debt and I’m finally making enough $ from you retards that makes me think one day I might pay off. I’m doing my part!']",False,0,False,0,False,0
79,117,79_180_5x_150_degenerate,"['180', '5x', '150', 'degenerate', 'financial advice', 'price', 'god bless', '220', 'lot', 'financial', 'volatile', 'money', 'week', 'bless', 'high', '200', 'burst', 'suckers', 'people', 'changing money']","[""One retard is retard\n\nMany retard together have retard strength\n\nStraight up though, God bless you dude. I don't want to encourage you because if it falls through, I can't help you out. BUT as someone who is also deep in this... The more of us who own the stocks that actually understand the vision, the better. The more normies that buy in, the more dips we will see and people will turn paper handed... it will be more volatile. So God bless you sir.\n\nHold til fucking gold my friend."", ""Realistically yeah there's probably going to be a lot of people paperhands and anyone in early here has already made a life changing amount of money.\n\nBut those people that are buying in at 250/300 probably aren't getting many shares so won't impact it much and someone who made life changing money here doesn't need to sell their whole stake to do so (and if you already have a couple mil why not try for 50 more rofl.) I want to see our first WSB degenerate gambler billionaire."", ""I'm in the US, Vanguard just let me pick up 10 more for 1,350. What a deal! Here's a question - did the price tank from a bunch of people selling OR just from the fact that nobody was buying during that time? I'm guessing they've started to cover their shorts today, I wonder when they'll be able to cover all 140%...\n\nI bet a lot of these new shorts set the price for $150 and just made a bunch of money. The game is rigged. Class action lawsuits are coming.\n\nEither way I'm holding, I'm in this til the end with y'all.""]",False,0,False,0,False,0
80,116,80_does mean_mean_explain_means,"['does mean', 'mean', 'explain', 'means', 'understand', 'meaning', 'does', 'edited', 'eli5', 'sense', 'comment', 'reference', 'did know', 'understood', 'know', 'kinda', 'edit', 'simple', 'context', 'read']","['What does that mean?', 'What does that mean?', 'What does that mean']",True,3,False,0,False,0
81,115,81_deposit_instant_transfer_account,"['deposit', 'instant', 'transfer', 'account', 'bank', 'instant deposit', 'instantly', 'transfers', 'bank account', 'days', 'transfer funds', 'deposits', 'immediately', 'takes', 'funds', 'business days', 'long does', 'linked', 'fidelity', 'gold']","['What option did you choose for this? I went to ""Transfers"" and linked a bank account, made a transfer, and was able to deposit and trade basically instantly.', 'Set a transfer to your bank, open a new account with instant deposit, and get the fuck in there.', ""I setup RH last week too and it gave me 1K instant deposit credit from my bank account as well, and let me get an instant 5K deposit from my bank account after I upgraded to the Gold trial.  It did ask me when signing up for Gold if I wanted margins and I declined that feature and disabled it and I still had the 5K buying power instantly.  I'm guessing they consider that instant deposit feature a different type of credit than margins, but I'm totally new to this.""]",False,0,False,0,False,0
82,115,82_buy nok_nok_nok buy_bought nok,"['buy nok', 'nok', 'nok buy', 'bought nok', 'nok nok', 'just bought', '10', 'hold nok', 'buying nok', 'nok lets', 'cheap', 'buy', 'nok 10', 'nok im', 'bought', 'nok going', 'blah', 'just hit', 'hit', 'nakd']","[""Why can't I buy NOK?"", 'Buy NOK', 'BUY NOK BUY NOK']",False,0,False,0,True,2
83,113,83_rigged_media_elites_republican,"['rigged', 'media', 'elites', 'republican', 'institutions', 'wealthy', 'corruption', 'people', 'protect', 'office', 'power', 'rules', 'politicians', 'blatant', 'clowns', 'trump', 'dirty', 'maintain', 'different', 'free market']","[""fucking hell this system is rotten.  Free market -  bullshit.  It's a rigged game."", ""That hit me, hard bro. It hurts. This situation really shows how there is the 1% that just protect and maintain a system through our society's institutions (economy, media, government etc) that benefit them.  Always tryna play us..like puppets on strings, holding us down, working to ensure our complicity. Not anymore baby. Not today. Were done. Power to the players."", ""People will say that's not possible, but we are playing s rigged game against people that use to take the ball home when they lost. Let's just hope that if they do such a thing, it'll backfire. Other then media, a lot of people are on our side. It feels like a revaluation at this point. I honestly don't want to see to send a fuck you to wall street more then anything else""]",False,0,True,2,False,0
84,113,84_canada_data_america_level,"['canada', 'data', 'america', 'level', 'info', 'update', 'canadian', 'published', 'country', 'link', 'backup', 'let know', 'state', 'dont think', 'mobile', 'didnt', 'live', 'reporting', 'date', 'updated']","['Canada too. It is everywhere.', 'Canada too!', 'VPN to Canada']",False,0,False,0,False,0
85,113,85_ameritrade_td_td ameritrade_free,"['ameritrade', 'td', 'td ameritrade', 'free', 'working', 'use', 'trade', 'interactive brokers', 'trading', 'interactive', 'brokers', 'platform', 'using', 'app', 'trading app', 'let buy', 'broker', 'platforms', 'let', 'worked']","['TD ameritrade is open!!!!', '**FUCK TD AMERITRADE**', 'Fuck TD Ameritrade']",False,0,False,0,False,0
86,110,86_pin_screen_bump_make post,"['pin', 'screen', 'bump', 'make post', 'possible', 'wtf going', 'ig', 'explain', 'happening', 'whats happening', 'sign', 'explain whats', 'wtf', 'whats', 'perspective', 'teach', 'commenting', 'incredible', 'clue', 'likely']","['Can we just pin this to the top?', 'Can mods pin this sub ?\nIts hard to find 😅', 'God please make a post about trust so we can pin it']",True,3,False,0,False,0
87,109,87_halt_halted_halts_halting,"['halt', 'halted', 'halts', 'halting', 'attack', 'minute', '666', 'delayed', 'clear', 'attacks', 'stops', 'breaks', 'sign', 'discord', 'probably', 'lmfao', 'slow', '10', 'minutes', 'theres']","['Halt?', ""it's on a halt"", 'This is the third halt']",False,0,False,0,False,0
88,108,88_service_soldier_men_fight,"['service', 'soldier', 'men', 'fight', 'war', 'thank', 'comrades', 'battle', 'stand', 'hold line', 'line', 'brothers', 'fighting', 'world', 'soldiers', 'army', 'life', 'forgotten', 'victory', 'surrender']","['Thank you for your service', '*Turn back the pages of history and see the men who have shaped the destiny of the world. Security was never theirs, but they lived rather than existed. Where would the world be if all men had sought security and not taken risks or gambled with their lives on the chance that, if they won, life would be different and richer?* \n\n***It is from the bystanders (who are in the vast majority) that we receive the propaganda that life is not worth living, that life is drudgery, that the ambitions of youth must he laid aside for a life which is but a painful wait for death.*** \n\n***These are the ones who squeeze what excitement they can from life out of the imaginations and experiences of others through books and movies. These are the insignificant and forgotten men who preach conformity because it is all they know****. These are the men who dream at night of what could have been, but who wake at dawn to take their places at the now-familiar rut and to merely exist through another day. For them, the romance of life is long dead and they are forced to go through the years on a treadmill, cursing their existence, yet afraid to die because of the unknown which faces them after death.* ***They lacked the only true courage: the kind which enables men to face the unknown regardless of the consequences.***\n\n[***http://www.ram.org/contrib/security.html***](http://www.ram.org/contrib/security.html)', 'Thank you for your service soldier.']",False,0,True,2,True,2
89,108,89_win_mom_line_tits,"['win', 'mom', 'line', 'tits', 'stay strong', 'let win', 'hold line', 'strong', 'moms', 'holding line', 'stay', 'stop', 'smooth', 'brain', 'destiny', 'humanity', 'proud', 'holding', 'btfd', 'hold']","['Stay strong brothers hold the line', '**DO NOT LET THEM WIN! STAY STRONG AND HOLD!**', 'Hold the line we can win.']",False,0,False,0,True,4
90,107,90_amc_amc lets_run_amc amc,"['amc', 'amc lets', 'run', 'amc amc', 'lets', 'movie', 'amc 100', 'like amc', 'halted', 'green', 'amc going', 'amc got', 'amc fuck', '20', 'goo', 'amc bb', 'amc nok', 'tv', 'folks', 'wants']","['IN ON AMC', 'AMC!!!! 🚀🚀🚀', 'Go to AMC..']",False,0,False,0,False,0
91,107,91_halt_trading_halt trading_retail,"['halt', 'trading', 'halt trading', 'retail', 'suspended', 'brokerages', 'market', 'freeze', 'brokerage', 'brokers', 'halted', 'broker', 'stock', 'theyre', 'minutes', 'halts', 'manipulation', 'day', 'sell stock', 'stocks']","[""Commenting this here as well, but every brokerage SIPC/FINRA brokerage should be investigated for any stocks that had blocks on buying (but not selling) on every stock exchange effected. A lot of people are commenting TD Ameritrade and Charles Schwab below, but they also (according to CNBC) suspended trading certain stocks for a period of time. Just because you didn't experience issues doesn't mean they weren't trying to fuck you over as well (and likely hopped off the bandwagon when they saw the flak RH was getting). It's not to say any given brokerage that hasn't made a public statement was involved, but they should all still be investigated at this point."", 'They only halt trading on downswings, right?', ""They halted buying of GME on Robinhood, then ran a ladder attack against the price (a few traders selling to themselves at lower and lower prices), to try to spook retail investors into a real, high-volume selloff, so they can cover their shorts.\n\nThen they'll halt trading every time the price goes up a little bit, to try to kill upward price momentum. At the end of the day, they're still boned, because they have a volume problem. They need to spend shares to move the price, but they also need shares to cover their shorts.\n\nBasically, they need retail shares to cover their positions, so they're trying to scare retail into selling, and preventing them from buying.""]",False,0,True,2,False,0
92,106,92_hood_robinhood_robin_robin hood,"['hood', 'robinhood', 'robin', 'robin hood', 'robinhood robinhood', 'poor', 'rich', 'stealing', 'bye', 'robinhood just', 'steal', 'email', 'irony', 'fuck assholes', 'fuck robinhood', 'devil', 'gave', 'story', 'using robinhood', 'destroy']","['How Ironic for the name to be Robin Hood of this crapp', 'Robin Hood have', ""What is this? I'm on Robin hood.""]",False,0,False,1,False,0
93,105,93_melvin_fuck melvin_melvins_melvin fuck,"['melvin', 'fuck melvin', 'melvins', 'melvin fuck', 'hi', 'stonk', 'fuck', 'balls', 'holding fuck', 'shill', 'line dont', 'hates', 'fucking money', 'scene', 'ass', 'shilling', 'bringing', 'fuk', 'citadel', 'blow']","['If they hold melvin up, they are going down with him', 'So is Melvin’s port....', 'melvin is such a  🌈 🐻 name']",False,0,True,2,False,0
94,104,94_true_correct_truth_facts,"['true', 'correct', 'truth', 'facts', 'thats point', 'appreciate', 'brother', 'point', 'agree', 'brother im', 'smells', 'brotha', 'thats', 'feel', 'confirm', 'thanks', 'fair', 'ive seen', 'source', 'right']","['True', 'True indeed', 'Very true. Much facts.']",False,1,False,1,False,0
95,104,95_final_endgame_end game_die,"['final', 'endgame', 'end game', 'die', 'hero', 'calm', 'faith', 'live', 'coming', 'guys im', 'chill', 'game', 'infinity', 'battle', 'boy', 'force', 'doubt', 'momentum', 'hear', 'feel']","['You either die a hero, or you live long enough to see yourself become the villain...', 'You either die a hero or live long enough to see yourself become the villain.', 'You die a hero or live long enough to see yourself become the villain']",False,1,False,0,False,1
96,103,96_donate_charity_risk_food,"['donate', 'charity', 'risk', 'food', 'donating', 'money', 'local', 'cancer', 'dogs', 'gains', 'make money', 'lives', 'cause', 'international', 'coffee', 'happy', 'appreciated', 'emotional', 'banks', 'struggling']","['Donating to BarStool Charity.', 'Most charity are scams, donate to local food banks, animal and homeless shelters, etc.', ""I'm donating 5%. Always donate from your gains""]",False,0,False,0,False,0
97,102,97_ban_banned_pls_bans,"['ban', 'banned', 'pls', 'bans', 'valuable', 'comments', 'creating', 'real talk', 'did say', 'guys got', 'insight', 'fck', 'getting started', 'good work', 'deleted', 'soldier', 'just getting', 'dumbass', 'capitalism', 'suit']","['Ban', 'Ban again', 'Ban']",False,0,False,1,False,0
98,102,98_nok nok_nok_holdddd_btfd,"['nok nok', 'nok', 'holdddd', 'btfd', 'monies', 'ofc', 'fd', 'duh', 'dont shit', 'relax', 'slv', 'lads', 'legit', 'pussy', 'brothers', 'weve', 'problem', 'comments', 'single', 'exactly']","['Nok... s’go', 'NOK', '🚀🚀🚀NOk NOK🚀🚀🚀🚀']",False,0,False,0,False,0
99,101,99_yessir_yes sir_sir_ahh,"['yessir', 'yes sir', 'sir', 'ahh', 'yes', 'yo', 'lad', 'sexy', 'hoes', 'ah', 'downvote', 'good job', 'deserve', 'hear', 'man', 'mad', 'tho', 'job', 'fuckers', 'dude']","['Yessir', 'Yessir', 'Yessir']",False,0,False,0,False,0
100,100,100_hes_exactly_im_second,"['hes', 'exactly', 'im', 'second', 'chill', 'im im', 'asap', 'smile', 'sure hope', '6k', 'lil', 'stream', 'matters', 'thousand', 'shes', 'dad', 'tbh', 'perfect', 'shill', 'mother']","['IF HES STILL IN IM STILL IN', 'IF HES STILL IN, IM STILL IN', 'IF HES STILL IN, IM STILL IN']",False,0,False,0,False,0
101,100,101_autists_autist_autism_autistic,"['autists', 'autist', 'autism', 'autistic', 'fellow autists', 'fellow', 'beautiful', 'ground', 'hold ground', 'true', 'long live', 'normies', 'information', 'speaking', 'burry', 'left', 'lets', 'collective', 'pure', 'retards']","['[TAKE THE POWER BACK AUTISTS](https://youtu.be/rqkMsXcHQYg)', '#BUY YOU AUTISTS!!!!!!!!!!', 'CODX is it, let’s move autists!']",False,0,False,0,False,0
102,99,102_worth buying_time buy_late buy_worth,"['worth buying', 'time buy', 'late buy', 'worth', 'late', 'buying', 'buy', 'sold', 'sell order', 'tomorrow', 'order', 'sell', 'cancel', 'bought yesterday', 'buy wait', 'immediately', 'wait', 'buying tomorrow', 'ball', 'buy right']","['Is it worth buying now at 350?', 'Is it worth buying past 200?', 'Is it worth buying now?']",False,0,False,0,True,4
103,99,103_gunna_cum_signal_cheers,"['gunna', 'cum', 'signal', 'cheers', 'mate', 'words', 'expr', 'gme bb', 'nok', 'nok nok', 'bb', 'gme', '', '', '', '', '', '', '', '']","['Signal 🚀', '💪🏾💪🏾💪🏾cheers mate!', 'Gunna cum 🥵']",False,0,False,0,False,0
104,97,104_420_42069_limits_cancel,"['420', '42069', 'limits', 'cancel', 'remove', 'limit', 'set limit', 'meme', 'bust', 'ripping', 'weed', '420690', 'smoke', 'monkey', '69420', 'orders', 'lets make', 'raise', 'exist', 'ready']","['420 blaze it', '420', '420']",False,0,False,0,False,0
105,97,105_moon_gme moon_mars_going moon,"['moon', 'gme moon', 'mars', 'going moon', 'gme going', 'fucking moon', 'space', 'going fucking', 'rocket', 'going', 'landing', 'gamestonk', 'didnt sell', 'moon gme', 'mooning', 'gme', 'build', 'advice', '350', 'touched']","['GME to the moon', 'GME TO THE MOON!! 🚀🚀🌝', 'GME to the moon!!!']",False,0,False,0,True,2
106,96,106_calls_puts_spy_sold,"['calls', 'puts', 'spy', 'sold', 'options', 'march', 'contracts', 'bear', '320', '25', 'balance', 'feb', 'strike', 'option', 'today', 'slv', 'bought', '2022', 'earnings', '129']","[""You bought calls didn't you."", 'Once I sell all my calls ✋', 'Vxx calls']",False,0,False,0,True,2
107,96,107_financial_shares_million shares_retard,"['financial', 'shares', 'million shares', 'retard', 'financial advice', 'share', 'advice', 'million', 'profit', 'im retard', 'suggestion', 'billion', 'entertainment', 'understand', 'purposes', 'crayons', 'risk', 'risks', 'sell', 'amd']","['Linkedin\n\nMy disclaimer: This is for entertainment purposes only. I am not a legal, tax or financial professional. This is not the suggestion of any trades or positions to take on. Investing carries risk, please do not invest until you understand those risks. Seriously I eat crayons.', 'Jim Simons\n\nEd Thorp\n\nMy disclaimer: This is for entertainment purposes only. I am not a legal, tax or financial professional. This is not the suggestion of any trades or positions to take on. Investing carries risk, please do not invest until you understand those risks. Seriously I eat crayons.\n\nPositions: Calls $LIGMA Puts $BALLS', 'Make sure you opt out of your broker’s share borrow program.\n\nMy disclaimer: This is for entertainment purposes only. I am not a legal, tax or financial professional. This is not the suggestion of any trades or positions to take on. Investing carries risk, please do not invest until you understand those risks. Seriously I eat crayons.\n\nPositions: Calls $LIGMA Puts $BALLS']",False,1,False,0,False,1
108,96,108_banks_sell_panic_selling,"['banks', 'sell', 'panic', 'selling', 'panic sell', 'sell sell', 'sell dont', 'scare', 'theyre trying', 'bank', 'scare sell', 'know sell', 'theyre', 'europoors', 'solidarity', 'pay', 'everyday', 'said', 'market', 'income']","['DO NOT PANIC SELL', 'THEYRE TRYING TO SCARE A SELL OFF!!!', 'What about \nStock market becomes our bank\nHear me out \nEvery Friday you deposit your money \nGME BB AMC NOK\nIf we all decided not to sell\n\nIt will always go up \nIf you need to pay rent pay with stock \nsell only what is needed \n\nWe can be enjoying life everyday \n\nNo worries about money \n\nIf you ask me \nlooks like a glitch that can be exploited.\nOh well I’m a retard what do I know...']",False,0,False,0,True,2
109,96,109_big short_cover_short_covering,"['big short', 'cover', 'short', 'covering', 'shorts', 'retail', 'able cover', 'covered', 'short position', 'theyre', 'lie', 'lied', 'big', 'position', 'wolf', 'lets say', 'banks', 'loan', 'band', 'shorting']","['The Big Short is packed with good actors.', 'The big short', 'The Big Short']",False,0,False,1,False,0
110,95,110_bought_350_just bought_300,"['bought', '350', 'just bought', '300', 'bought 300', '270', 'great price', '315', '249', '260', '290', 'got', '400', 'picked', '380', 'just', 'im just', 'afternoon', 'sale', 'purchased']","['Just bought more at $329', 'Just bought 2200', 'Just bought more at $300']",False,0,False,0,False,1
111,95,111_udeepfuckingvalue_thank_want say_love,"['udeepfuckingvalue', 'thank', 'want say', 'love', 'appreciate', 'just want', 'man', 'guys', 'looking forward', 'really appreciate', 'truly', 'humanity', 'wanna say', 'hug', 'say', 'hope', 'proud', 'deserve', 'ive', 'ty']","['I know you guys may know this already, but thank you.  Thank you for suffering through this.  Thank you for finding solutions.  Thanks for keeping the community alive.\n\nLooking forward to reading interesting DDs when this is all over.  Looking forward to the crazy stories, bad bets, and shared amusement.', 'I just want to say thank you to everyone here. You have really been a cool community to be apart of and my life is better for having been here. I hope you all make a shit ton of money', ""I just wanna say I'm so proud of you all. I had to paperhands today because I'd be in a homeless shelter if I lost the money I had in here but you all are absolute legends with the largest diamond balls I've ever seen. I may not go to Valhalla with you this time but I hope to one day meet up with you all again, when I've proven myself as a man. Good luck and I'll be rooting for you all! (I deserve to be downvoted I know... I get it boys. The shame I put upon my family will never be washed away.)\n\nThanks for the award G.""]",False,0,False,1,False,0
112,95,112_squeeze_squoze_squeeze squoze_squozen,"['squeeze', 'squoze', 'squeeze squoze', 'squozen', 'squeezing', 'squeeze coming', 'real squeeze', 'squeeze happens', 'squeeze happened', 'squeeze started', 'know', 'infinity', 'happens', 'ho', 'starts', 'coming', 'started', 'squeeze friday', 'happened', 'volume']","['The squeeze is not squozeth yet.', '🦧 squeeze 🍌 so 🐍 no take', 'Shoorrrrrty SQUEEZE... Shorrttyy LEMONADE']",True,2,False,0,False,1
113,94,113_squeeze_short squeeze_short_gamma,"['squeeze', 'short squeeze', 'short', 'gamma', 'gamma squeeze', 'friday', 'shorts', 'begun', 'research', 'squeeze happen', 'squeeze happens', 'happens', 'squeeze squoze', 'squoze', 'short 100', 'tactics', 'squeeze started', 'decisions', 'lot', 'make']","[""READ THE DD'S! People went to a lot of trouble to make them! https://www.reddit.com/r/wallstreetbets/search?sort=top&amp;q=flair%3ADD&amp;restrict_sr=on&amp;t=week\n\nThen read these posts. The more you know, the less their scare tactics can rattle you.\n\nhttps://www.reddit.com/r/wallstreetbets/comments/l642ms/updated_jan_27th_short_interest_data_posted_by_s3/?utm_source=share&amp;utm_medium=ios_app&amp;utm_name=iossmf\n\nThey are STILL borrowing shares to short. See how the number is decreasing! That means Short Float IS INCREASING (250% now)!\n\nhttps://iborrowdesk.com/report/GME\n\nThey can only even borrow 75,000 more shares to short. THEY WILL HAVE TO COVER! The battle is almost won! Don't sell until at least 2/12!\n\nIsn't it interesting that no one on CNBC is talking about the Gamma Squeeze? I haven't heard a SINGLE mention of it. Yet... that pops off again on Friday! Numbers/Math ain’t capable of lies but PEOPLE and MEDIA certainly are. Hold your nerve!\n\nMake sure you know the Short Squeeze hasn't even begun!\n\nAnother Gamma Squeeze still coming on Friday. SHORTS HAVE NOT CLOSED!\n\nNOTE: THE SUPPLY OF SHORT SHARES AVAILABLE IS GOING UP BECAUSE YOU'RE SELLING, YOU SHOULD DO THE OPPOSITE OF THAT\n\nFor those of you who are new and scared, we raised the floor of this stock by 100% today, which is OBSCENE, just stay the course.\n\nI'm not an advisor but I LOVE this STONK! 💎🙌🏻\n\n( This is copied from a fellow redditor. I did not write this. This is not financial advice. Just do your research and make the best decisions for you.)\n\nEDIT: This is a once in a lifetime event that they will never risk happening ever again.\n\nMelvin has unlimited loss potential on GME. Their shorts don't expire, naked shorting, 140$ short interest, their weekly and monthly expire on friday and all we need to do is hold onto our shares so that they can't have them and INFINITE SQUEEZE JUST FUCKING HOLD.\n\nThey got themselves into an infinite loss scenario doing illegal things because they got greedy and now all we have to do to LITERALLY NAME OUR PRICE is hold shares and not sell and they are forced to give us money infinitely, government bailout and all.\n\nHOLDING UNTIL $69420.00 PER SHARE. Fuck you Wall Street. We're taking our fucking money back\n\nEDIT2: I don't know a day. I don't know how long it will go. I do know that there's nothing they can do, nowhere for them to go if we hold. Then we're gonna see the stock multiply suddenly by 5, by 10, by 100 and that's the moment we're going to be making some new money millionaires all over the country. Godspeed everyone.\n\nThis is not mine."", 'Short Squeeze buy more! HOLD!', 'Yes today is the short before the squeeze']",False,0,False,0,False,1
114,93,114_aye_mental_da_bbby,"['aye', 'mental', 'da', 'bbby', 'straight', 'fun', 'nope', 'friend', '5000', 'heard', 'needs', '5k', 'sndl', 'hold', 'yolo', 'amc', 'gme', '', '', '']","['BBBY🚀🚀🚀🦍🌕', 'Aye aye 🚀', 'FUN DA MENTAL\n\n🤪🤪🤪🤪🤪🤪']",False,0,False,0,True,2
115,90,115_illegal_hearing_collusion_federal,"['illegal', 'hearing', 'collusion', 'federal', 'shady', 'jail', 'congress', 'fine', 'theyre', 'doesnt like', 'payout', 'justice', 'cost', 'eu', 'favor', 'cnn', 'redditors', 'government', 'state', 'potential']","['What **they’re** doing is literally illegal', 'Being illegal versus being something that reddit doesn\'t like aren\'t the same things. What is happening here is perfectly legal, but if the media attention turns in a way that reddit doesn\'t like, or reddit gets a call from SEC saying they will be investigated if they keep WSB up, or if they get a call from some hedge fund telling them to shut us down or vet bought out, then they will shut this place down. \n\nIf this was even close to illegal, we\'d all have our data turned over to the SEC already, and it would have gotten shut down days ago when the media started talking about ""is this legal? Why is this legal?"" But it isn\'t. Some apes much smarter than me have explained in detail why we\'re not doing anything illegal so if you\'re interested look up the posts from last week. It\'ll be in there. There were two really good detailed posts.', ""Well because it's the Federal Government. Nothing is illegal if they do it.""]",False,0,False,0,False,0
116,90,116_tax_taxes_capital gains_thank,"['tax', 'taxes', 'capital gains', 'thank', 'mods', 'gains', 'capital', 'lose', 'pay', 'sell loss', 'term', 'loss', 'year', 'sell hold', 'regular', 'sell', 'work', 'im making', 'lose money', 'award']","['Tfw your gonna have to learn how to do taxes for capital gains because all these fat tendies:/', 'tax-loss harvesting is a technique used to liquidate (sell) losing positions (investments that are negative) before the end of the year. This capital loss can be used to offset capital gains (where you have made money). This in combination helps reduce your tax liability on your capital gains while also allowing you to invest in other ventures.', 'One other point is that if you sell securities for a loss those losses can offset any taxes you pay on gains. For instance if you lost $500 on a stock you sold this year but gained $1500 on another security you sold this year, you’d only pay gains tax of $1000. If you held the stock which you had a gain for greater than one year you’d pay long term capital gains tax which is 10% I believe.']",False,0,False,0,False,1
117,89,117_app_stash_use_platform,"['app', 'stash', 'use', 'platform', 'app use', 'desktop', 'using', 'apps', 'rh', 'log', 'download', 'platforms', 'different', 'switch', 'suggestions', 'working', 'walk', 'does', 'robin hood', 'theyve']","['What app is that', 'App?', 'on what app?']",False,0,False,0,False,0
118,88,118_im scared_scared_pay attention_careful,"['im scared', 'scared', 'pay attention', 'careful', 'dont worry', 'worried', 'loading', 'worry', 'happens', 'im', 'happen', 'fucked', 'happening', 'wont', 'mom', 'hope', 'information', 'place', 'does', 'attention']","[""Mom I'm scared"", 'IM SCARED BUT IM HOLDING STRONG WITH YOU GUYS', 'im scared']",False,1,False,0,False,0
119,88,119_gme gme_gme_gme yes_gme dont,"['gme gme', 'gme', 'gme yes', 'gme dont', 'legendary', 'pry', 'fuck gme', 'cold dead', 'short gme', 'tard', 'cold', 'gme just', 'bust', 'bro', 'dead', 'tsla', 'level', 'play', 'die', 'start getting']","['After gme!', 'GME and only GME', 'GME IS THE NEXT GME']",False,0,False,0,False,0
120,88,120_line hold_line_hold line_hold,"['line hold', 'line', 'hold line', 'hold', 'fucking line', 'hold fucking', 'fookin', 'hold lines', 'lines', 'reload', 'door', 'lfg', 'push', 'charge', 'bois', 'retards', '300', 'boysss', 'remembered', 'line like']","['HOLD THE LINE!!', 'HOLD THE LINE!', 'HOLD THE LINE HOLD THE LINE HOLD THE LINE HOLD THE LINE HOLD THE LINE']",False,0,False,0,True,3
121,87,121_moon_mission_moon mission_going moon,"['moon', 'mission', 'moon mission', 'going moon', 'moon going', 'astronaut', 'fly moon', 'fucking moon', 'moon lets', 'fly', 'tickets', 'going fucking', 'rocket', 'going', 'brother', 'mars', 'fueled', 'space', 'trip', 'centauri']","['Cant we just moon already!?', 'you could travel to the moon with us tomorow', 'Get in before we take it to the moon']",False,0,False,0,True,2
122,87,122_dip_potato_chip_dips,"['dip', 'potato', 'chip', 'dips', 'dip im', 'dipping', 'tight', 'dip hold', 'chips', 'musk', 'bigger', 'hold tight', 'answer', 'tweeted', 'bounce', 'fucking dip', 'elon musk', 'dip just', 'sweet', 'major']","['This IS the dip!!', 'Was that the dip?', 'I AM STARVING FOR DIP']",False,0,False,0,False,0
123,86,123_luck_good luck_proud_sorry,"['luck', 'good luck', 'proud', 'sorry', 'good', 'wish', 'congratulations', 'im proud', 'bud', 'family', 'im sorry', 'friend', 'sucks', 'brother', 'dope', 'cousin', 'thanks', 'sad', 'happy', 'parent']","['good luck!', 'good luck', 'Mine too. Good luck 🍀']",False,0,False,0,False,0
124,86,124_rocket_liftoff_rockets_launch,"['rocket', 'liftoff', 'rockets', 'launch', 'flying', 'lift', 'boosters', 'fly', 'ready', 'blast', 'pick', 'takeoff', 'spaceship', 'sky', 'feet', 'prepare', 'shes', 'room', 'space', 'bb gme']","['Rocket boosters online', 'You spelled rocket wrong.', 'The rocket engines have restarted.']",False,0,False,0,False,1
125,86,125_discord_chat_server_link,"['discord', 'chat', 'server', 'link', 'join', 'invite', 'group', 'banned', 'users', 'voice', 'spam', 'incentive', 'sending', 'send', 'yea', 'reach', 'working', 'shouldnt', 'app', 'got']","['Discord is full', 'The discord is full :(', 'On discord?']",False,0,False,0,False,0
126,85,126_order_limit_market order_limit order,"['order', 'limit', 'market order', 'limit order', 'orders', 'executed', 'buy limit', 'set', 'rh', 'sell', 'sell limit', 'price', 'execute', 'request', 'accepted', 'placed', 'able', 'platforms', 'set sell', 'limit price']","['I cancelled my market order a few hours prior to open because I thought I needed to put a limit order in. I woke up before opening to do that and found that RH would not let me. I am less than pleased.', ""Yes this morning I put in a limit order to buy 30 shares 310.1, when it was above that. It turned light blue and stayed that way. Then I canceled the order, got orange and 10 minutes later it executed anyway 3 seconds before the halts at 272. I'm not even mad, but hey its completely broken atm.\n\nNow I put it in a limit order to sell well above the current price and its the same shit, light blue since 1h again.\n\nhttps://www.interactivebrokers.com/en/software/tws/usersguidebook/realtimeactivitymonitoring/order_status_colors.htm\n\nORANGE indicates that a cancellation request has been accepted by the system but that currently the request is not being recognized, due to system, exchange or other issues. At this point, your order is not confirmed canceled. You may still receive an execution while your cancellation request is pending.\n\nLIGHT BLUE indicates that you have transmitted your order, but have not yet received confirmation that it has been accepted by the order destination."", 'I had a limit order go through at premarket.']",False,0,False,0,False,1
127,85,127_high sell_high_low_gt,"['high sell', 'high', 'low', 'gt', 'stocks', 'sell', 'panic sell', 'telling', 'stock', 'panic', 'hold shares', 'shares', 'degree', 'just buy', 'retards', 'billions', 'demand', 'buy', 'liked', 'cap']","['Buy high sell low', 'Buy high, sell low', 'Buy high sell low!']",False,0,False,0,True,2
128,85,128_shorts_shorters_short_cover,"['shorts', 'shorters', 'short', 'cover', 'cover shorts', 'price', 'covered', 'shorted', 'expire', 'volume', 'friday', 'close', 'shorts cover', 'drive', 'tactic', 'selling', 'meaning', 'doubling', 'drive price', 'shorts hold']","['Shorts need to be covered. Meaning even if the price drops back to $5 the shorts will ultimately need to buy shares to cover. This will drive the price up.', 'Price prediction for shorts expire tomorrow?', ""Price hike so far wasn't due to shorts being covered but due to public interest in the stock\n\nMany others are just like you willing to invest until a certain point but not above it, that's why the trade 8s going sideways\n\nOn friday the large investment firms have expiring shorts, meaning they need to have enough stock to cover those shorts by friday, which given the number of shares shorted, will drive the price up significantly. Especially now that we retards have pumped the price up so much""]",False,0,False,0,False,1
129,85,129_boomer_boomers_generation_returns,"['boomer', 'boomers', 'generation', 'returns', 'age', 'vs', 'year', 'stfu', 'older', 'world', 'pretend', 'suffering', 'portfolio', 'blue', 'youre gonna', 'retirement', 'shall', 'entire', 'parents', 'fucking']","['Get outa here boomer', 'BOOMER ALERT', 'Boomer yells at cloud']",False,0,False,0,False,0
130,85,130_sndl_nok nok_fuck oh_oh fuck,"['sndl', 'nok nok', 'fuck oh', 'oh fuck', 'nok', 'oh', 'nok nakd', 'nakd nok', 'fuck', 'nakd', 'spce', 'nio', 'expr', 'promised', 'land', 'moon nok', 'nok moon', 'doors', 'ho', 'secure']","['NOK now or never! 🚀🚀🚀   \n NOK now or never! 🚀🚀🚀   \n NOK now or never! 🚀🚀🚀   \n NOK now or never! 🚀🚀🚀   \nNOK now or never! 🚀🚀🚀', 'NOK NOK NOK NOK NOK!!!!!!!! 📈📈📈📈📈📈📈', 'SNDL SNDL SNDL SNDL SNDL SNDL SNDL SNDL SNDL SNDL SNDL SNDL SNDL SNDL SNDL SNDL SNDL SNDL SNDL SNDL SNDL SNDL SNDL SNDL SNDL SNDL SNDL SNDL SNDL SNDL SNDL SNDL SNDL SNDL SNDL SNDL SNDL SNDL SNDL SNDL SNDL SNDL SNDL SNDL SNDL SNDL SNDL SNDL SNDL SNDL SNDL SNDL SNDL SNDL SNDL SNDL SNDL SNDL SNDL SNDL SNDL SNDL SNDL SNDL SNDL SNDL SNDL SNDL SNDL SNDL SNDL SNDL SNDL SNDL SNDL SNDL SNDL SNDL SNDL SNDL SNDL SNDL SNDL SNDL SNDL SNDL SNDL SNDL SNDL SNDL SNDL SNDL SNDL SNDL SNDL SNDL SNDL SNDL SNDL SNDL SNDL SNDL SNDL SNDL SNDL SNDL SNDL SNDL SNDL SNDL SNDL SNDL SNDL SNDL SNDL SNDL SNDL SNDL SNDL SNDL SNDL SNDL SNDL SNDL SNDL SNDL SNDL SNDL SNDL SNDL SNDL SNDL SNDL SNDL SNDL SNDL SNDL SNDL SNDL SNDL SNDL SNDL SNDL SNDL SNDL SNDL SNDL SNDL SNDL SNDL SNDL SNDL SNDL SNDL SNDL SNDL SNDL SNDL SNDL SNDL SNDL SNDL SNDL SNDL SNDL SNDL SNDL SNDL SNDL SNDL SNDL SNDL SNDL SNDL SNDL SNDL SNDL SNDL SNDL SNDL SNDL SNDL SNDL SNDL SNDL SNDL SNDL SNDL SNDL SNDL SNDL SNDL SNDL SNDL SNDL SNDL SNDL SNDL SNDL SNDL SNDL SNDL SNDL SNDL SNDL SNDL SNDL SNDL SNDL SNDL SNDL SNDL SNDL SNDL SNDL SNDL SNDL SNDL SNDL SNDL SNDL SNDL SNDL SNDL SNDL SNDL SNDL SNDL SNDL SNDL SNDL SNDL SNDL SNDL SNDL SNDL SNDL SNDL SNDL SNDL SNDL SNDL SNDL SNDL SNDL SNDL SNDL SNDL SNDL SNDL SNDL SNDL SNDL SNDL SNDL SNDL']",False,0,False,0,False,0
131,84,131_rh_fuck rh_ceo_lawsuit,"['rh', 'fuck rh', 'ceo', 'lawsuit', 'class action', 'tos', 'action lawsuit', 'rhs', 'class', 'fucking joke', 'gun', 'claim', 'court', 'theyd', 'wow', 'evidence', 'alpha', 'suit', 'setting', 'team']","['RH may be back up', 'On RH? I don’t see it', 'Show me ! I don’t have RH!']",False,0,True,2,False,0
132,84,132_amc_bought amc_buy amc_hold amc,"['amc', 'bought amc', 'buy amc', 'hold amc', 'blockbuster', 'amc hold', 'amc im', 'musk', 'amc like', 'like amc', 'amc going', 'amc fuck', 'amc lets', '16', 'raise', 'squeeze', 'amc buy', 'im holding', 'elon', '12']","['Buy AMC while it’s under $16!!!!! AMC to $50📈📈📈📈📈', ""Where can we buy more AMC? I'm still holding on Robinhood."", 'MUSK JUST BOUGHT AMC BUY IT NOW 🚀🚀🚀']",False,0,False,0,False,1
133,83,133_jail_crooks_prison_theyve,"['jail', 'crooks', 'prison', 'theyve', 'vlad', 'criminals', 'claim', 'monitoring', '48', 'theyll', 'pop', 'act', 'law', 'happen', 'pulling', 'needs', 'ridiculous', 'dirty', 'bastards', 'rules']","['Cops have the legal authority to jail you for 48 hours after pulling you over. “For suspicion”. They choose not to because that would be ridiculous. ICE has powers and chose to implement them in a ridiculous fashion. \n\nAs you pointed out, they were being immoral. And their only cover was “it’s the law”. (Heard that one before somewhere.) But the implementation was the problem, the law didn’t change. The implementation did. \n\nIf you’re happy to excuse immoral behavior by people, then sure AOC looked silly. Having morals and all.', 'More like, “how am I avoiding jail time after this?”', 'horny jail']",False,0,False,0,False,0
134,83,134_lets_lets lets_monke_lets fucking,"['lets', 'lets lets', 'monke', 'lets fucking', 'boys lets', 'lets boys', 'lets fuckin', 'boys', 'stronger', 'moon lets', 'nok lets', 'fuckin', 'yolod', 'really hard', 'baby hold', 'fucking boys', 'snakes', 'duck', 'today boys', 'trained']","['LETS GO', 'LETS GO 🚀🚀', 'LETS GO']",False,0,False,0,False,0
135,83,135_love_love guys_fucking love_guys,"['love', 'love guys', 'fucking love', 'guys', 'style', 'like sub', 'days', 'awesome', 'community', 'wow', 'insane', 'equally', '56', 'love community', 'day like', 'sub like', 'like days', 'like point', 'love im', 'great post']","['I love this', 'We love you', 'I LOVE YOU ALL']",False,0,True,2,False,0
136,82,136_boyfriend_wife_wifes_wifes boyfriend,"['boyfriend', 'wife', 'wifes', 'wifes boyfriend', 'boyfriends', 'wifes boyfriends', 'ps5', 'cum', 'bf', 'gf', 'tell', 'girlfriend', 'smash', 'squeezed', 'ask', 'balls', 'bitch', 'sell hold', 'shes', 'sounds like']","['I like your wife. Can i be her boyfriend?', 'You’re wife’s boyfriend’s eggs', ""Hahha what a retard, good for him and his wife and his wifes boyfriend 🚀 EDIT: I'm retard can't speell""]",False,0,False,0,False,0
137,81,137_friday_squeeze_short squeeze_short,"['friday', 'squeeze', 'short squeeze', 'short', 'itm', 'short float', 'float', 'expiring', 'exercised', 'shorts', 'happen', 'calls', 'positions', 'options', 'calm', 'expire', 'doesnt happen', 'options expiring', 'sellers', 'cover']","[""#SHORT STOCK DOESN'T HAVE AN EXPIRATION DATE \n\nHedgefund whales are spreading disinfo saying Friday is make-or-break for $GME. Call options expiring ITM on Friday will drive the price up if levels are maintained, but *may not trigger the short squeeze*. \n\nIt may be Friday, but it could be next week the we see the real squeeze. \n\n#DON'T PANIC IF THE SQUEEZE DOESN'T HAPPEN FRIDAY. \n\nIt's not guaranteed to. The only thing that is *guaranteed* mathematically is that the shorts *will have to cover* at *some* point in the future. They are trying to get enough people hooked on the **false expectation** of Friday so that if/when it doesn't happen, enough will sell out of panic/despair. **DON'T BE THAT PERSON.** \n\n#WE LIKE THE STOCK \n\n#KEEP HOLDING UNTIL THEY FEEL THE PAIN, WHETHER THAT'S FRIDAY OR NEXT WEEK \n\nLimit order set to $5,000+💎🙌🏻🚀\n.\u3000\u3000\u3000\u3000\u3000\u3000\u3000\u3000\u3000\u3000 ✦ \u3000\u3000\u3000\u3000\u2002\u2002 \u3000 \u3000\u3000\u3000˚\u3000\u3000\u3000\u3000\u3000\u3000\u3000\u3000\u3000\u3000\u3000\u3000\u3000\u3000\\*\u3000\u3000\u3000\u3000\u3000\u3000\u2008 \u2008\u3000\u3000\u3000\u3000\u3000\u3000\u3000\u3000\u3000\u3000\u3000\u3000\u3000\u3000\u3000.\u3000\u3000\u3000\u3000\u3000\u3000\u3000\u3000\u3000\u3000\u3000\u3000\u3000\u3000. \u3000\u3000\u2008\u3000\u3000\u3000\u3000\u3000\u3000\u3000 ✦ \u3000\u3000\u3000\u3000\u3000\u3000\u3000\u3000\u3000\u3000 \u3000 \u200d \u200d \u200d \u200d \u3000\u3000\u3000\u3000 \u3000\u3000\u3000\u3000\u3000\u3000\u3000\u3000\u3000\u3000\u3000\u3000,\u3000\u3000\u2002\u2002\u2002\u3000 \n\n.\u3000\u3000\u3000\u3000\u3000\u3000\u3000\u3000\u3000\u3000\u3000\u3000\u3000.\u3000\u3000\u3000ﾟ\u3000\u2002\u2002\u3000\u3000\u3000.\u3000\u3000\u3000\u3000\u3000\u3000\u3000\u3000\u3000\u3000\u3000☀️\u3000\u3000. \n\n,\u3000\u3000\u3000\u3000\u3000\u3000\u3000.\u3000\u3000\u3000\u3000\u3000\u3000\u2008\u2008\u2008\u2008\u3000\u3000\u3000\u3000 \u3000\u3000\u3000\u3000\u3000\u3000\u3000\u3000\u3000\u3000\u3000\u3000\u3000\u3000\u3000\u3000\u3000\u3000\u2008 \u3000\u3000\u3000\u3000\u3000\u3000\u3000\u3000\u3000\u3000\u3000\u3000\u3000\u3000\u3000\u3000\u3000\u3000\u2008\u2008\u200a\u200a\u3000\u2008\u2008\u2008\u2008\u2008\u200a\u3000\u3000\u3000\u3000\u3000\u2008\u2008\u200a\u200a\u2008\u2008\u200a\u200a\u3000\u3000\u3000 \n\n\u3000\u3000\u3000\u3000\u3000\u3000\u3000\u3000\u3000\u3000. \u3000\u3000\u3000\u3000\u3000\u3000\u3000\u3000\u3000\u3000.\u3000\u3000\u3000\u3000\u3000\u3000\u3000\u3000\u3000\u3000\u3000\u3000\u3000. \u3000\u3000\u3000\u3000\u3000\u3000\u3000\u3000\u3000\u3000\u3000\u3000\u3000\u3000\u3000\u3000\u200a\u200a\u200a\u2008\u2008\u200a\u200a\u3000\u2008\u2008\u2008\u3000\u3000\u3000\u3000 \u3000\u3000\u3000\u3000\u3000\u3000\u3000\u3000\u3000\u3000\u3000\u3000\u3000\u3000\u3000\u3000\u200a\u200a\u200a\u2008\u2008\u200a\u200a\u3000\u2008\u2008\u2008\u3000\u3000\u3000\u3000\u3000\u3000\u3000\u3000\u3000\u3000\u3000\u3000\u3000\u3000\u3000\u3000\u200a\u200a\u200a\u2008\u2008\u200a\u200a\u3000\u2008\u2008\u2008 ✦ \u3000\u2002\u2002\u2002\u3000\u3000\u3000,\u3000\u3000\u3000\u3000\u3000\u3000\u3000\u3000\u3000\u3000\u3000\u2008\u200a\u200a\u200a🚀 \u3000\u3000\u3000\u3000 \u3000\u3000,\u3000\u3000\u3000 \u200d \u200d \u200d \u200d \u3000 \u3000\u3000\u3000\u3000\u3000\u3000\u3000\u3000\u3000\u3000\u3000\u3000.\u3000\u3000\u3000\u3000\u3000\u2008\u3000\u3000 \u3000\u3000\u3000.\u3000\u3000\u3000\u3000\u3000\u3000\u3000\u3000\u3000\u3000\u3000\u3000\u3000\u2008\u3000\u200a\u200a\u2008\u2008\u2008\u2008\u2008\u2008\u2008\u200a\u200a\u3000\u3000\u3000\u3000\u3000\u3000\u3000\u3000\u3000\u3000\u3000\u3000\u3000\u3000\u3000\u3000\u3000\u3000\u3000˚\u3000\u3000\u3000 \u3000 \u2002\u2002\u3000\u3000\u3000\u3000,\u3000\u3000\u3000\u3000\u3000\u3000\u3000\u3000\u3000\u3000\u3000\u200a\u200a\u200a\u200a\u200a\u200a\u200a\u3000\u200a\u2008\u2008\u2008\u3000\u3000\u3000\u3000\u3000\u3000\u3000\u3000\u3000\u3000\u3000\u3000\u3000\u3000\u3000\u3000.\u3000\u3000\u3000 \u2008\u3000\u3000\u2002\u2002\u2002\u2002\u3000\u3000\u3000\u3000\u3000\u2008\u3000\u3000\u3000\u3000\u3000.\u3000\u3000\u3000\u3000\u3000\u3000\u3000\u3000\u3000\u3000\u3000\u3000\u3000.\u3000\u3000\u3000\u3000\u3000\u3000\u3000\u3000\u3000\u3000\u3000\u3000\u3000\u3000\u3000\\* \u3000\u3000 \u2002\u2002\u3000\u3000\u3000\u3000\u3000 ✦ \u3000\u3000\u3000\u3000\u3000\u3000\u3000\u200a\u200a\u200a\u200a\u200a\u200a\u200a\u200a\u200a\u3000\u2008\u2008\u2008\u2008\u2008\u2008\u2008\u2008\u3000\u3000\u3000\u3000 \u3000\u3000\u2008\u3000\u3000\u3000\u3000\u3000\u3000\u3000\u2008\u3000\u3000\u3000\u3000\u3000.\u3000\u3000\u3000\u3000\u3000\u3000\u3000\u3000\u3000\u3000\u3000\u3000\u3000\u3000\u3000\u3000\u3000\u3000.\u3000\u3000\u3000\u3000\u3000\u2002\u2002\u2002\u2002\u3000\u3000. \u3000\u2008\u3000\u3000\u3000\u3000\u3000.\u3000\u3000\u3000\u3000 🌑 \u3000\u3000\u3000\u3000\u3000\u200a\u200a\u200a\u3000\u3000\u3000\u3000\u3000.\u3000\u3000\u3000\u3000\u3000\u3000\u3000\u3000\u3000\u3000\u3000.\u3000\u3000\u3000\u3000\u3000\u3000\u3000\u3000\u3000\u3000\u2002\u2002 \u3000 \n\n˚\u3000\u3000\u3000\u3000\u3000\u3000\u3000\u3000\u3000\u3000\u3000\u3000\u3000\u3000\u3000\u3000\u3000\u3000\u3000\u3000\u3000ﾟ\u3000\u3000\u3000\u3000\u3000.\u3000\u3000\u3000\u3000\u3000\u3000\u3000\u3000\u3000\u3000\u3000\u3000\u3000\u3000\u3000. \u3000\u3000\u2008\u3000 🌎 \u200d \u200d \u200d \u200d \u200d \u200d \u200d \u200d \u200d \u200d ,\u3000 \u3000\u3000\u3000\u3000\u3000\u3000\u3000\u3000\u3000\u3000\u3000\u3000\u3000\u3000\\* .\u3000\u3000\u3000\u3000\u3000\u2008\u3000\u3000\u3000\u3000\u3000\u3000\u3000\u3000\u3000\u3000\u3000\u3000\u3000\u3000.\u3000\u3000\u3000\u3000\u3000\u3000\u3000\u3000\u3000\u3000 ✦ \u3000\u3000\u3000\u3000\u2002\u2002 \u3000 \u3000\u3000\u3000˚\u3000\u3000\u3000\u3000\u3000\u3000\u3000\u3000\u3000\u3000\u3000\u3000\u3000\u3000\\*\u3000\u3000\u3000\u3000\u3000\u3000\u2008 \u2008\u3000\u3000\u3000\u3000\u3000\u3000\u3000\u3000\u3000\u3000\u3000\u3000\u3000\u3000\u3000.\u3000\u3000\u3000\u3000\u3000\u3000\u3000\u3000\u3000\u3000\u3000\u3000\u3000\u3000."", ""#SHORT STOCK DOESN'T HAVE AN EXPIRATION DATE \n\nHedgefund whales are spreading disinfo saying Friday is make-or-break for $GME. Call options expiring ITM on Friday will drive the price up if levels are maintained, but *may not trigger the short squeeze*. \n\nIt may be Friday, but it could be next week the we see the real squeeze. \n\n#DON'T PANIC IF THE SQUEEZE DOESN'T HAPPEN FRIDAY. \n\nIt's not guaranteed to. The only thing that is *guaranteed* mathematically is that the shorts *will have to cover* at *some* point in the future. They are trying to get enough people hooked on the **false expectation** of Friday so that if/when it doesn't happen, enough will sell out of panic/despair. **DON'T BE THAT PERSON.** \n\n#WE LIKE THE STOCK \n\n#KEEP HOLDING UNTIL THEY FEEL THE PAIN, WHETHER THAT'S FRIDAY OR NEXT WEEK \n\n#Limit order set to $5,000+💎🙌🏻🚀\n.\u3000\u3000\u3000\u3000\u3000\u3000\u3000\u3000\u3000\u3000 ✦ \u3000\u3000\u3000\u3000\u2002\u2002 \u3000 \u3000\u3000\u3000˚\u3000\u3000\u3000\u3000\u3000\u3000\u3000\u3000\u3000\u3000\u3000\u3000\u3000\u3000\\*\u3000\u3000\u3000\u3000\u3000\u3000\u2008 \u2008\u3000\u3000\u3000\u3000\u3000\u3000\u3000\u3000\u3000\u3000\u3000\u3000\u3000\u3000\u3000.\u3000\u3000\u3000\u3000\u3000\u3000\u3000\u3000\u3000\u3000\u3000\u3000\u3000\u3000. \u3000\u3000\u2008\u3000\u3000\u3000\u3000\u3000\u3000\u3000 ✦ \u3000\u3000\u3000\u3000\u3000\u3000\u3000\u3000\u3000\u3000 \u3000 \u200d \u200d \u200d \u200d \u3000\u3000\u3000\u3000 \u3000\u3000\u3000\u3000\u3000\u3000\u3000\u3000\u3000\u3000\u3000\u3000,\u3000\u3000\u2002\u2002\u2002\u3000 \n\n.\u3000\u3000\u3000\u3000\u3000\u3000\u3000\u3000\u3000\u3000\u3000\u3000\u3000.\u3000\u3000\u3000ﾟ\u3000\u2002\u2002\u3000\u3000\u3000.\u3000\u3000\u3000\u3000\u3000\u3000\u3000\u3000\u3000\u3000\u3000☀️\u3000\u3000. \n\n,\u3000\u3000\u3000\u3000\u3000\u3000\u3000.\u3000\u3000\u3000\u3000\u3000\u3000\u2008\u2008\u2008\u2008\u3000\u3000\u3000\u3000 \u3000\u3000\u3000\u3000\u3000\u3000\u3000\u3000\u3000\u3000\u3000\u3000\u3000\u3000\u3000\u3000\u3000\u3000\u2008 \u3000\u3000\u3000\u3000\u3000\u3000\u3000\u3000\u3000\u3000\u3000\u3000\u3000\u3000\u3000\u3000\u3000\u3000\u2008\u2008\u200a\u200a\u3000\u2008\u2008\u2008\u2008\u2008\u200a\u3000\u3000\u3000\u3000\u3000\u2008\u2008\u200a\u200a\u2008\u2008\u200a\u200a\u3000\u3000\u3000 \n\n\u3000\u3000\u3000\u3000\u3000\u3000\u3000\u3000\u3000\u3000. \u3000\u3000\u3000\u3000\u3000\u3000\u3000\u3000\u3000\u3000.\u3000\u3000\u3000\u3000\u3000\u3000\u3000\u3000\u3000\u3000\u3000\u3000\u3000. \u3000\u3000\u3000\u3000\u3000\u3000\u3000\u3000\u3000\u3000\u3000\u3000\u3000\u3000\u3000\u3000\u200a\u200a\u200a\u2008\u2008\u200a\u200a\u3000\u2008\u2008\u2008\u3000\u3000\u3000\u3000 \u3000\u3000\u3000\u3000\u3000\u3000\u3000\u3000\u3000\u3000\u3000\u3000\u3000\u3000\u3000\u3000\u200a\u200a\u200a\u2008\u2008\u200a\u200a\u3000\u2008\u2008\u2008\u3000\u3000\u3000\u3000\u3000\u3000\u3000\u3000\u3000\u3000\u3000\u3000\u3000\u3000\u3000\u3000\u200a\u200a\u200a\u2008\u2008\u200a\u200a\u3000\u2008\u2008\u2008 ✦ \u3000\u2002\u2002\u2002\u3000\u3000\u3000,\u3000\u3000\u3000\u3000\u3000\u3000\u3000\u3000\u3000\u3000\u3000\u2008\u200a\u200a\u200a🚀 \u3000\u3000\u3000\u3000 \u3000\u3000,\u3000\u3000\u3000 \u200d \u200d \u200d \u200d \u3000 \u3000\u3000\u3000\u3000\u3000\u3000\u3000\u3000\u3000\u3000\u3000\u3000.\u3000\u3000\u3000\u3000\u3000\u2008\u3000\u3000 \u3000\u3000\u3000.\u3000\u3000\u3000\u3000\u3000\u3000\u3000\u3000\u3000\u3000\u3000\u3000\u3000\u2008\u3000\u200a\u200a\u2008\u2008\u2008\u2008\u2008\u2008\u2008\u200a\u200a\u3000\u3000\u3000\u3000\u3000\u3000\u3000\u3000\u3000\u3000\u3000\u3000\u3000\u3000\u3000\u3000\u3000\u3000\u3000˚\u3000\u3000\u3000 \u3000 \u2002\u2002\u3000\u3000\u3000\u3000,\u3000\u3000\u3000\u3000\u3000\u3000\u3000\u3000\u3000\u3000\u3000\u200a\u200a\u200a\u200a\u200a\u200a\u200a\u3000\u200a\u2008\u2008\u2008\u3000\u3000\u3000\u3000\u3000\u3000\u3000\u3000\u3000\u3000\u3000\u3000\u3000\u3000\u3000\u3000.\u3000\u3000\u3000 \u2008\u3000\u3000\u2002\u2002\u2002\u2002\u3000\u3000\u3000\u3000\u3000\u2008\u3000\u3000\u3000\u3000\u3000.\u3000\u3000\u3000\u3000\u3000\u3000\u3000\u3000\u3000\u3000\u3000\u3000\u3000.\u3000\u3000\u3000\u3000\u3000\u3000\u3000\u3000\u3000\u3000\u3000\u3000\u3000\u3000\u3000\\* \u3000\u3000 \u2002\u2002\u3000\u3000\u3000\u3000\u3000 ✦ \u3000\u3000\u3000\u3000\u3000\u3000\u3000\u200a\u200a\u200a\u200a\u200a\u200a\u200a\u200a\u200a\u3000\u2008\u2008\u2008\u2008\u2008\u2008\u2008\u2008\u3000\u3000\u3000\u3000 \u3000\u3000\u2008\u3000\u3000\u3000\u3000\u3000\u3000\u3000\u2008\u3000\u3000\u3000\u3000\u3000.\u3000\u3000\u3000\u3000\u3000\u3000\u3000\u3000\u3000\u3000\u3000\u3000\u3000\u3000\u3000\u3000\u3000\u3000.\u3000\u3000\u3000\u3000\u3000\u2002\u2002\u2002\u2002\u3000\u3000. \u3000\u2008\u3000\u3000\u3000\u3000\u3000.\u3000\u3000\u3000\u3000 🌑 \u3000\u3000\u3000\u3000\u3000\u200a\u200a\u200a\u3000\u3000\u3000\u3000\u3000.\u3000\u3000\u3000\u3000\u3000\u3000\u3000\u3000\u3000\u3000\u3000.\u3000\u3000\u3000\u3000\u3000\u3000\u3000\u3000\u3000\u3000\u2002\u2002 \u3000 \n\n˚\u3000\u3000\u3000\u3000\u3000\u3000\u3000\u3000\u3000\u3000\u3000\u3000\u3000\u3000\u3000\u3000\u3000\u3000\u3000\u3000\u3000ﾟ\u3000\u3000\u3000\u3000\u3000.\u3000\u3000\u3000\u3000\u3000\u3000\u3000\u3000\u3000\u3000\u3000\u3000\u3000\u3000\u3000. \u3000\u3000\u2008\u3000 🌎 \u200d \u200d \u200d \u200d \u200d \u200d \u200d \u200d \u200d \u200d ,\u3000 \u3000\u3000\u3000\u3000\u3000\u3000\u3000\u3000\u3000\u3000\u3000\u3000\u3000\u3000\\* .\u3000\u3000\u3000\u3000\u3000\u2008\u3000\u3000\u3000\u3000\u3000\u3000\u3000\u3000\u3000\u3000\u3000\u3000\u3000\u3000.\u3000\u3000\u3000\u3000\u3000\u3000\u3000\u3000\u3000\u3000 ✦ \u3000\u3000\u3000\u3000\u2002\u2002 \u3000 \u3000\u3000\u3000˚\u3000\u3000\u3000\u3000\u3000\u3000\u3000\u3000\u3000\u3000\u3000\u3000\u3000\u3000\\*\u3000\u3000\u3000\u3000\u3000\u3000\u2008 \u2008\u3000\u3000\u3000\u3000\u3000\u3000\u3000\u3000\u3000\u3000\u3000\u3000\u3000\u3000\u3000.\u3000\u3000\u3000\u3000\u3000\u3000\u3000\u3000\u3000\u3000\u3000\u3000\u3000\u3000."", '*Copy and paste this in the daily threads and save your own personal copy in case WSB goes dark again.*\n\n# Friday, Jan 29 is NOT the sell date for GME.\n\nRecently I have started to see a lot of posts and comments hinting at a Friday sell-off because that is when the squeeze is going to happen. **THIS IS FAKE NEWS!!!!!!!**\n\nThe reason why Friday was initially brought up, to begin with, is because every OTM GME call that was written by MMs a couple of weeks ago are now ITM. This means by Friday close, any MM that did not properly hedge their GME position will be a victim to a Gamma squeeze in which millions of GME shares will have to be bought in order to fill out the call orders as they get exercised. This will **potentially** trigger the short squeeze as millions of shares are bought in quick succession forcing the price upwards in an even more parabolic manner.\n\nIf the short squeeze does not happen on Friday, then next week will just be a repeat of this week. More retail buying, more CNBC fear-mongering, and more GME calls becoming ITM.\n\n# Fundamentally, there is NO difference between this Friday and any other Friday\n\nAlso, on another note, when the short squeeze does happen, keep these facts in mind:\n\n# Short Squeezes are NOT quick events. Shorters can take days or even WEEKS to cover their positions.\n\nI have also noticed that some people are starting to get the idea that the squeeze will be quick and be done.  **THIS IS FALSE.**\n\nThe duration of a short squeeze is measured by the Days To Cover Ratio **(Total Short Float / Average Daily Trading Volume).**\n\nRight now, the DTC is at 6 days on MarketBeat and the short float is at 121% as of this morning [https://www.marketbeat.com/stocks/NYSE/GME/short-interest/](https://www.marketbeat.com/stocks/NYSE/GME/short-interest/)\n\nDTC data at shortsqueeze is more recent. It has DTC at 2.5days. \n\n[https://shortsqueeze.com//shortinterest/stock/term2.php?s=GME](https://shortsqueeze.com//shortinterest/stock/term2.php?s=GME)\n\nFind short float data here:\n\n[https://finviz.com/quote.ashx?t=GME](https://finviz.com/quote.ashx?t=GME)\n\nFeel free to send me more links so I can post it here and make adjustments.\n\n**When can you tell a short squeeze is happening?**\n\nPay very close attention to the short float as per the total number of shares outstanding. When the short float starts to go down drastically, it means the rocket ship just hit 0 Gs and we are now bound for infinity and beyond!\n\n**What is the price target?**\n\nNo one knows but unlike the squeeze of Volkswagon, where the institutions reached an agreement with the company board, there is **NO WAY** hedge funds can make an agreement with us retail investors (*because we are not a singular entity and anyone that says otherwise is either ignorant or pushing a false narrative*) so the price is whatever we want it to be. Either way, that $1,000 price target is starting to look **REALLY** cheap right now so in my opinion, you might want to add a zero to that.\n\nHappy hunting.']",False,0,False,0,False,1
138,81,138_sec_eod_fuck sec_let,"['sec', 'eod', 'fuck sec', 'let', 'wont let', 'suck', 'feels', '400', '500', 'balls', 'papa elon', 'forum', 'dear sec', 'theyre trying', 'shut', 'wont', 'try', 'bitches', 'dear', 'rules']","['THE SEC HAS NO AUTHORITY ON THE MOON', 'SEC no likey', 'They’d have to go to the SEC for that amount']",False,1,False,0,False,0
139,81,139_30k_price target_target_1000,"['30k', 'price target', 'target', '1000', '50k', '1k', 'salary', '500', 'jelly', 'putting', 'honest work', 'tomorrow', 'hoping', '250', 'glorious', 'hope', 'jobs', 'gains', '10k', '5k']","['$120k down to like $30k\n\n💎🙌💎🙌💎🙌💎🙌', '30k already in 10k more on the way tomorrow', '5000 is my price target']",False,0,False,0,False,0
140,81,140_margin_margin called_options_margins,"['margin', 'margin called', 'options', 'margins', 'cash', 'clearing house', 'clearing', 'option', 'use', 'called', 'dont use', 'instant', 'regarding', 'hook', 'account', 'cash account', 'buy options', 'using', 'requirements', 'buyers']","[""You can't buy on margin."", 'margin', 'margin call']",False,0,False,0,False,0
141,81,141_moon_nok moon_moon nok_moon moon,"['moon', 'nok moon', 'moon nok', 'moon moon', 'nok', 'fuckin moon', 'fucking moon', 'noon', 'spaceship', 'fuckin', 'nok going', 'lets goo', 'hold nok', 'goo', 'moon lets', 'nakd', 'rocket', 'pussy', 'going moon', 'holy shit']","['NOK to the moon!', 'Nok to the moon', 'nok to the moon brooo']",False,0,False,0,True,2
142,80,142_article_legit_believe_bullshit,"['article', 'legit', 'believe', 'bullshit', 'did say', 'true', 'banner', 'did', 'real', 'word', 'deleted', 'confirmation', 'twitter', 'ago', 'news', 'dont use', 'rule', 'lying', 'proof', 'saw']","['Thats not real. Thats a satire article making fun of this', 'j4rtek in an article lmao', 'Which article? I can still click on their dirty no good lying article.']",False,1,False,0,False,1
143,79,143_im im_im_pm_count,"['im im', 'im', 'pm', 'count', 'invite', 'yes im', 'interested', 'son', 'hold dear', 'outrageous', 'dear life', 'im fucking', 'lets', 'work im', 'just case', 'replying', 'im hold', 'just hit', 'upvotes', 'bitch']","['Im in', 'Im in!', 'IM IN']",False,0,False,0,False,0
144,79,144_elon_tweet_musk_papa,"['elon', 'tweet', 'musk', 'papa', 'papa elon', 'elon musk', 'papa musk', 'tweeted', 'daddy', 'elon tweeted', 'hes', 'jesus', 'hail', 'tesla', 'need', 'launch', 'car', 'chamath', 'gamestonk', 'help']","['Elon tweet', 'Elon= All in.', 'ELON BELEIVES IN US']",False,1,False,0,False,0
145,78,145_hold hold_hold_boys hold_hold boys,"['hold hold', 'hold', 'boys hold', 'hold boys', 'lads', 'men', 'boys', 'hold fast', 'beautiful', 'hold just', 'bitch', 'fucking hold', 'fast', 'hold fucking', 'boysss', 'ducking', 'beautiful bastards', 'hold matter', 'baby hold', 'hold steady']","['HOLD 🙌🏼💎🚀 HOLD 🙌🏼💎🚀 HOLD 🙌🏼💎🚀\n\nJust getting started!!!', 'HOLD HOLD HOLD BOYS 🦍🚀🦍🚀', 'HOLD BOYS HOLD IT']",False,0,False,0,False,1
146,77,146_limit_sell limit_sell limits_limit sell,"['limit', 'sell limit', 'sell limits', 'limit sell', 'limits', 'sell', 'remove', 'set', '1000', 'limit sells', 'sells', '5k', '5000', 'set sell', '69420', 'set limit', 'feel good', 'just set', 'closely', 'selling']","['Sell limit 10k?', 'Put my sell limit at $1000 so I can at least try to get some work done today.', ""I don't have a sell limit""]",False,0,False,0,True,2
147,77,147_buy buy_buy_nakd_sale,"['buy buy', 'buy', 'nakd', 'sale', 'want buy', 'sale buy', 'flash', 'shares buy', 'buy fucking', 'sndl', 'buy sell', '1000 price', 'ive just', 'fuck want', 'moon retards', 'guys buy', 'ducking', 'buy buying', 'best time', 'sell win']","['Buy buy buy', 'BUY BUY BUY', 'BUY BUY BUY']",False,0,False,0,False,1
148,76,148_pump_pump dump_pumping_dump,"['pump', 'pump dump', 'pumping', 'dump', 'hits', 'ass', 'ill', 'im getting', 'logo', 'hits 1000', 'profile', 'illegal', 'mom', 'gme', 'isnt', 'rocket', 'guys', 'plan', 'edit', 'moon tomorrow']","['PUMP TXMD', 'PUMP IT', 'pump it boyyysssss']",False,0,False,1,False,1
149,76,149_crying_gonna make_wont stop_boys,"['crying', 'gonna make', 'wont stop', 'boys', 'tards', 'youve got', 'loves', 'tear', 'bye', 'finish', 'strong', 'lets boys', 'stop', 'sick', 'folks', 'makes', 'hold hold', 'youve', 'probably wont', 'make feel']","['You the only one crying weirdo', 'Wow this one hit home love you guys. I’m not crying you’re crying.', 'Aw gonna make me tear up']",False,0,False,0,False,1
150,76,150_fake_agreed_agree_fake news,"['fake', 'agreed', 'agree', 'fake news', 'news', 'lie', 'real', 'based', 'lying', 'ducking', 'approaching', 'visible', 'lad', 'brains', 'good just', 'wont make', 'downvoting', 'stop spreading', 'text', 'fuck big']","['Fake', 'fake', 'Fake']",True,2,False,0,False,0
151,76,151_gamestop_dfv_wise_point,"['gamestop', 'dfv', 'wise', 'point', 'management', 'percent', 'stock', 'short', 'read', 'cnn', '1000', 'hedge funds', 'stock price', 'hedge', 'diligence', 'say', 'company', 'situation', 'funds', 'remove']","[""I am new but I don't have any money invested. I am just asking a question. \n\nMy understanding of the market, is that although the share price has gone up, Gamestop as a company hasn't profited yet from the increase. But can Gamestop create extra shares just because they won't be able to get the market value for the shares? \n\nLet's say Gamestop says they will create 10M shares. Do you really think wall street will pay 3.5B for them? What if wall street says they will pay $3B for it? Or even $2B for them? I'm not sure what can happen so I'm asking more knowledgeable people on what the risks are?\n\nI do agree the hedge funds were doing some shady/illegal shit by shorting over 100% of the stock. If they are prepared to do that, what other shady shit could they do with the (under the table) 'cooperation' of Gamestop executives?"", ""WE LIKE THE STOCK GAMESTOP IS GREAT AND I LIKE THEM VERY MUCH YES YES  \nWE ARE STRONGER TOGETHER DONT GET TAKEN APART\n\nREAD UP WISE UP HOLD UP WE GOING UP🚀🚀🚀\n\nREAD UP WISE UP **HOLD UP** WE GOING UP 🚀🚀🚀\n\nREAD UP WISE UP **HOLD UP** WE GOING UP 🚀🚀🚀\n\n💎💎💎💎💎💎💎🤲🤲🤲🤲 **HOLD** 1,000 NOT A MEME  \nREMOVE YOUR SELL ORDERS OF 420\n\n💎💎💎💎💎💎💎🤲🤲🤲🤲 **HOLD** 1,000 NOT A MEME\n\nREMOVE YOUR SELL ORDERS OF 420\n\n💎💎💎💎💎💎💎🤲🤲🤲🤲 **HOLD** 1,000 NOT A MEME\n\nREMOVE YOUR SELL ORDERS OF 420\n\n*Do your due diligence! Do your due diligence! Do your due diligence!*\n\nWe ALL NEED TO REALIZE that we're hitting 300 in the premarket with no squeeze, gamma or short. $1k is NOT a meme, and very well may be low at this point.  \nPLEASE REPOST THIS SO IT DOESNT GET BURIED. ALL THE NERVOUS NEWBIES NEED TO READ THIS\n\nNO MORE MEME SELL LIMITS ❌❌❌ Buy the Dip and hold!\n\nDIAMOND HANDS FULLY ACTIVATED 💎💎💎💎💎💎💎🤲🤲🤲🤲\n\nTHRUSTERS FULLY ENGAGED 🚀🚀🚀🚀🚀🚀🚀🚀\n\nMOON LANDING CONFIRMED, REFUELING SCHEDULED, AND TAKEOFF TOWARDS THE EDGES OF THE GALAXY IS IMMINENT 💫🌝🌚🪐 🌝🌚🪐💫\n\nREMEMBER APE TOGETHER STRONG 🦍🦧 WE ARE STRONGER TOGETHER DONT GET TAKEN APART\n\nWE HOLD THE BANANAS 🍌 🍌🍌🍌\n\noOoO aAaAh ooOoo aAaaaAh 🐒💩🌈🐻\n\n1. Remove stop sell. Your GME share is worth much more than that. We are the one decide the price now, NOT them!!!!\n2. Buy all the dip they throw out. They think the halt they try to make can trick us to sell. Not work with these RETARDS !!! They will have to buy it later much more than that!!!\n3. Forget 420. , 500., or 1000. memes. The old memes always dead, and the NEW ones will be born! Ready for everything can happens! You may not have any chance like this for the rest of your life.\n4. Be strong, together. Love yourself and others by holding your 💎🖐\n\n🖐💎🖐💎🖐💎We love you, and proud of you💎🖐💎🖐💎🖐\n\nREAD UP WISE UP HOLD UP WE GOING UP🚀🚀🚀\n\nREAD UP WISE UP HOLD UP WE GOING UP 🚀🚀🚀\n\nREAD UP WISE UP HOLD UP WE GOING UP 🚀🚀🚀\n\n💎💎💎💎💎💎💎🤲🤲🤲🤲 HOLD 1,000 NOT A MEME\n\n💎💎💎💎💎💎💎🤲🤲🤲🤲 HOLD 1,000 NOT A MEME\n\n💎💎💎💎💎💎💎🤲🤲🤲🤲 HOLD 1,000 NOT A MEME\n\n* DFV DFV DFV DFV DFV DFV DFV DFV DFV  \nnot a financial advisor just an autist, with a **copy pasta compilation** of the autists' chant, chant along law of attraction goes up"", ""I'm more than happy to help you out with this man, but we'll have to run through some things first. Before we get started, know that this is not financial advice. You do what is best for your money, and you should do your own research on GameStop or any stock before buying shares or calls.\n\n**GME is rising because of bullish signs from a board shakeup, gamma squeezes, and the mother of all short squeezes.** This means that volitility is quite high, and price will fluctuate. The shorters of GameStop had shirted 140% of the company, which is just insane to do anyways. This means that there is a legitimate possiblity that the stock price can reach not just $1,000 a share, but may be able to surpass $10,000 a share. All that is required for this to happen is for current GME shareholders to hold their stocks, and buy the dips when they can. This leads me to the next point, the stock price increase.\n\nAs the farmers in my area used to say, the best time to start was yesterday. Same applies here, but that does not mean it is too late to hop on in the rocket ship. Yesterday was a great day, but there was some rumblings about the stock dipping. I believe it will dip because of how fast it has climbed in just 24 hours, but it is not a crash or crashing. Yesterday, there were multiple sell walls encountered, but we overcame them with ease. Why? Because we held onto our stocks and did not sell. Remember this, short sellers must purchase the stock, because the float % they have is to high and are missing their shirt target by a landslide at this point. But how far will it dip today?\n\nWhat we saw on Monday was a drop in price if about 50% but we still ended the day with 10-11% gain on the stock. We were in a euphoric state when it reached $155, and we're a bit crushed when it hit $69.76 at it's lowest point. It is safe to say that the stock will shoot up early this morning, as the European countries and other markets have done their moves for today. GameStoo is currently hovering at $252 a share right now, and I could sell it all and pay for grad school and some small projects I have been meaning to start or complete; however, I am not selling the stock, not am I sweating any dip.\n\nSome say we may dip all the back to $80 per share, while others think the dip won't go past $150. This may sound like a great idea to wait for the stock to dip to buy an even larger portion of shares, but yesterday showed us that the dip may only be there for an hour. We got off to a quick high of $96, and then we slumped down to $83 at our lowest point. A $13 difference that was eventually surpassed before noon. So how does this impact your buying decision?\n\nIt means that you have three choices:\n\n\n* Buy the stock at open.\n* Buy the stock around 10 AM EST for a possible dip.\n* Don't buy the stock, because this is not financial advice.\n\nIf you decide to buy, then just know that you have not lost a pennies worth of your money until you sell. Indicator's are pointing to a high 4-digit to low 5-digit price per share if we hold, so keep that in mind when you see the stock you have dip. The people who bought at $150 are now in the money, and I expect those who will buy at open will also end the day near or above their purchase line. So do not feel discouraged about it dipping, because the shorts will have to cover in a shirt squeeze eventually, and we are expecting another BIG Gama Squeeze this Friday. Be patient, calm, and you can probably set a sell limit for $10,000. I know I have, but that brings us to our final point.\n\nRemember, this is not financial advice. I really do just like the stock, and the recent higher up changes made within the company itself. The short squeeze is something that is just an added bonus onto the cake here, and we may not encounter much of a dip today with Elon Musk and other people talking about the stock. If you do buy, then stay strong and hold. There may not be another GameStop scenario for a long time. Good luck with your investments my man, and have a great day!\n\n👨\u200d🚀🚀👨\u200d🚀🚀🌕""]",False,0,False,1,False,0
152,76,152_financial advice_financial_advice_school,"['financial advice', 'financial', 'advice', 'school', 'life savings', 'insurance', 'savings', 'payment', 'advisor', 'pay', 'advice im', 'financial advisor', 'advice just', 'paying', 'program', 'life', 'tip', 'hope youre', 'debt', 'risk']","['We don’t give financial advice here', '*this is not financial advice*', 'I’m in.\n\nThis is not financial advice.']",False,0,False,0,False,0
153,75,153_gme gme_gme_rent_die,"['gme gme', 'gme', 'rent', 'die', 'license', 'just google', 'gme lol', 'plain', 'circuit breaker', 'gme gang', 'fuck gme', 'suggestions', 'late party', 'breaker', 'specifically', 'gme thats', 'gme people', '4000', 'everyday', 'aftermarket']","['GME STILL', 'GME', 'I squash GME']",False,0,False,0,False,0
154,75,154_freetrade_etoro_approved_reliable,"['freetrade', 'etoro', 'approved', 'reliable', 'account', 'uk', 'signed', 'im uk', 'applied', 'trade republic', 'republic', 'waiting', 'approval', 'freetrade plus', 'long does', 'verification', 'eu', 'log', 'app', 'letting buy']","['Freetrade', 'Go to freetrade', 'Freetrade']",False,0,False,0,False,0
155,75,155_deep_focus_balls deep_like fucking,"['deep', 'focus', 'balls deep', 'like fucking', 'op', 'love', 'fucking love', 'boys', 'got', 'getting scared', 'warm', 'lingo', 'im deep', 'bored', 'dont time', 'win fuck', 'better im', 'rumor', 'fucking stock', 'lets going']","['No! Keep going deep on all of them! STFU OP', 'NOK🚀📈🚀📈 BALLS DEEP', 'Going balls deep tommorow']",False,0,False,0,False,0
156,75,156_speed_god_xd_godspeed,"['speed', 'god', 'xd', 'godspeed', 'hahahaha', 'laughing', 'girl', 'yes', 'laugh', 'brother', 'bro', 'wow', 'lol', 'sir', 'lol fucking', 'dont remember', 'waste', 'want fucking', 'shit fucking', 'good sir']","['God speed boys', 'God speed brother!!', 'God speed']",False,0,False,0,False,0
157,75,157_wall_sell wall_350_count,"['wall', 'sell wall', '350', 'count', 'walls', 'break', 'tear', 'tree', 'stop', 'massive', '300', '21', 'counts', 'mr', '19', '380', 'age', '320', 'number', 'boysss']","['SHIELD WALL!', '*Wall-E', 'There a wall?']",False,0,False,1,False,0
158,74,158_class action_class_lawsuit_action,"['class action', 'class', 'lawsuit', 'action', 'action lawsuit', 'sue', 'lawyers', 'court', 'lawsuits', 'suit', 'settlement', 'sued', 'filed', 'lawyer', 'action suit', 'action lawsuits', 'law', 'start', 'join', 'im sure']","['Class action lawsuit?', 'Class action all day', 'Class action lol']",False,0,True,2,False,0
159,73,159_amc gme_gme amc_amc_gme,"['amc gme', 'gme amc', 'amc', 'gme', 'missed gme', 'gme rocket', 'gme moon', 'missed', 'bb amc', 'moon', 'gme im', 'new gme', 'gme people', 'lets ride', 'people gme', 'order gme', 'amc got', 'rocket', 'gme fucking', 'amc bb']","['GET IT  AMC GME', 'For AMC or GME?', '$AMC and $GME for now']",False,0,False,0,True,2
160,73,160_fuck robinhood_robinhood_robinhood fuck_fuck,"['fuck robinhood', 'robinhood', 'robinhood fuck', 'fuck', 'yup', 'yea', 'hate', 'homies', 'motherfuckers', 'robinhood just', 'robinhood robinhood', 'burn', 'yep', 'explained', 'robinhood literally', 'flight', 'irony', 'robinhood fucking', 'tmrw', 'eat dick']","['FUCK ROBINHOOD!', 'Fuck robinhood.', 'Fuck Robinhood. That’s dogshit.']",False,0,False,0,False,0
161,73,161_revolut_like stock_stock_stock like,"['revolut', 'like stock', 'stock', 'stock like', 'love stock', 'like', 'meme stock', 'stock buy', 'stock just', 'pretty good', 'good stock', 'pretty', 'stock love', 'stock dont', 'buys', 'great', 'imo', 'love', 'just bought', 'im buying']","['I got some on REVOLUT 🇬🇧 💎 ✊', 'Buy on revolut', 'REVOLUT CAN BUY THEM']",False,0,False,0,False,0
162,73,162_like know_want know_google_know,"['like know', 'want know', 'google', 'know', 'commenting', 'knows', 'question', 'curious', 'wondering', 'research', 'answer', 'idea', 'code', 'youtube', 'sorry', 'want', 'search', 'asking', 'dont want', 'details']","['I too would like to know this', 'I would like to know aswell', 'Good question that I would like to know']",True,3,False,0,False,0
163,73,163_bot_human_friendly_trained,"['bot', 'human', 'friendly', 'trained', 'network', 'bots', 'bad', 'original', 'huh', 'stfu', 'new account', 'gtfo', 'service', 'old', 'account', 'fuck', 'sure', 'word', 'going amc', 'feeding']","['Uhh not a bot!', ""I'm not a bot :("", 'Bot acc']",False,1,False,0,False,0
164,72,164_ban_fuck fuck_time frame_inverse,"['ban', 'fuck fuck', 'time frame', 'inverse', 'contribution', 'bus', 'frame', 'plz', 'bros', 'answer', 'add', 'bitch', 'fuck', 'thanks', 'time', '', '', '', '', '']","['Ban', 'Ban', 'BAN']",False,0,False,0,False,0
165,72,165_dip_wait dip_big dip_wait,"['dip', 'wait dip', 'big dip', 'wait', 'dip dont', 'dip tomorrow', 'market open', 'buy dip', 'open dip', 'dips', 'theres dip', 'premarket', 'buy wait', 'prob', 'happens', 'figures', 'id', 'weeks', 'orders', 'monday']","['Wait for the dip tomorrow.', 'Should I get in now or wait for the dip?', 'Should I wait for a dip?']",False,0,False,0,False,0
166,71,166_gme nok_nok gme_nok_nok bb,"['gme nok', 'nok gme', 'nok', 'nok bb', 'bb', 'amc nok', 'gme', 'bb gme', 'gme amc', 'gme bb', 'bb nok', 'nok amc', 'amc gme', 'amc', 'bb amc', 'focus', '13', 'ogs', 'moon gme', 'gme gme']","['Gme and nok', 'I’m with you on GME and NOK.', 'AMC GME NOK BB']",False,0,False,0,False,0
167,70,167_halted_glitch_trading_google,"['halted', 'glitch', 'trading', 'google', 'halted trading', 'yahoo', 'suspended', 'halts', 'halt', 'ending', 'feed', 'shutting', 'activity', 'aftermarket', 'blocked buying', 'volatility', 'min', 'crashed', 'minutes', 'happening']","['Trading was halted...', 'trading halted again', 'Trading halted']",True,2,False,0,False,0
168,69,168_buy amc_amc buy_amc_sale,"['buy amc', 'amc buy', 'amc', 'sale', 'movie', 'popcorn', 'bought amc', 'amc amc', 'buy', 'amc bought', 'sell amc', 'works', 'sale buy', 'amc lets', 'buy buy', 'alright', 'bruh', 'bought', 'save', 'really fucked']","['Should I buy AMC???', 'BUY AMC BUY AMC', 'BUY AMC, this only works if we are all together on this. BUY AMC BUY AMC, this only works if we are all together on this. BUY AMC\n\nBUY AMC, this only works if we are all together on this. BUY AMC BUY AMC, this only works if we are all together on this. BUY AMC']",False,0,False,0,True,2
169,69,169_cashapp_cash app_circuit_breakers,"['cashapp', 'cash app', 'circuit', 'breakers', 'cash', 'app', 'circuit breakers', 'breaker', 'circuit breaker', 'mark', 'connection', 'card', 'bank', 'website', 'credit', 'pending', 'blocking', 'apparently', 'freetrade', 'working']","['Cash app', 'Through cash app', 'Cash app']",False,0,False,0,False,0
170,69,170_fundamentals_happened_thing happened_learning,"['fundamentals', 'happened', 'thing happened', 'learning', 'following', 'thing', 'similar', 'thought just', 'just im', 'ive doing', 'explaining', 'nation', 'doing', 'dipshit', 'hahahah', 'idk', 'let scare', 'regarding', 'permission', 'ui']","['These are the new fundamentals', 'But “fUnDaMeNtAls!!1!!”', 'fundamentals']",False,1,False,0,False,0
171,68,171_fidelity_fidelity account_roth_webull,"['fidelity', 'fidelity account', 'roth', 'webull', 'account', 'fidelity etrade', 'use fidelity', '401k', 'fidelity buy', 'acct', 'ira', 'able buy', 'etrade', 'retirement', 'webull fidelity', 'hold just', 'letting', 'fees', 'allows', 'buy tomorrow']","['nooooo. buy more at fidelity', 'You can buy on fidelity.', 'GET FIDELITY AND BUYUU']",False,0,False,0,False,0
172,68,172_gold_im doing_doing_hero,"['gold', 'im doing', 'doing', 'hero', 'award', 'honest work', 'good work', 'father', 'golden', 'work', 'crazy', 'awesome', 'bastards', 'honest', 'proud', 'learn', 'hes', 'fun', 'love im', 'getting ready']","['Upgrade to gold', 'This is gold', 'Go gold']",False,0,False,0,False,0
173,68,173_lol_ha_hahahaha_hahaha,"['lol', 'ha', 'hahahaha', 'hahaha', 'lol fucking', 'hahahah', 'smh', 'nice try', 'omg', 'checks', 'upvote', 'perfect', 'knew', 'haha', 'wow', 'nice', 'bro', 'fucking', 'try', 'man']","['Lol there it is', 'lol', 'LOL']",False,0,False,0,False,0
174,67,174_brokers_broker_nope_trade,"['brokers', 'broker', 'nope', 'trade', 'trading', 'stopped', 'stake', 'buy orders', 'clearing house', 'orders', 'trading apps', 'clearing', 'tried', 'germany', 'ib', 'ibkr', 'log', 'german', 'platforms', 'crashing']","[""Yes. Yesterday, they played dirty, shutting down the trading apps, allowing only selling wtf? They can't stop us forever, the reinforcements are coming brother trust 🙏\n\nEDIT: THEY DOING IT AGAIN TODAY! TAKE SCREENSHOT WITH TIMESTAMPS, CALL YOUR BROKER AND DEMAND ACCESS AND PLACE TRADES OVER PHONE IF YOU HAVE TO, OPEN ACCOUNTS WITH OTHER BROKERS TOO"", ""You know that wasn't Webull's call. They got told the clearing house wouldn't process buy orders only sell orders, so they told all their people (granted through the abomination that is twitter as opposed to a note on the order box) that their buy orders couldn't be processed.\n\nThe amount of wool being ripped from people's eyes is staggering (mine included) and glorious. Now everyone knows their trade data is sold, front run for a few extra pennies, dumped into a clearing house to wait for enough for a block order, and then potentially not processed as the clearing house (which you don't know who) decides not to.\n\nI'm not defending Webull, but they were at least honest about why and seemed to actually try to get it through."", 'I’m not normally a conspiracy theorist but I can trade pre and post market on TDA.\n\nThis morning I can’t buy **anything**.\n\nTried BB nope, but that’s fine I expect the market makers and hedge funds to fuck that over, but I bought more last night after the drop.\n\nI tried SLV, nope.  AMD, MSFT,  GLD, JPM and nope nope nope nope.\n\nMake of it what you will but if I were a market maker wanting to fuck over retail investors I would restrict their ability to trade.\n\nPraying for BB/AMD/MSFT/JPM/GME']",False,0,False,0,False,0
175,67,175_gme nok_easily_nok gme_wild,"['gme nok', 'easily', 'nok gme', 'wild', 'bb amc', 'amc gme', 'gme gme', '300', 'bb', 'gme', 'nok', 'amc', '', '', '', '', '', '', '', '']","['300🚀🚀🚀', '🌈🐻 in the wild?', 'easily 🚀']",False,0,False,0,False,0
176,67,176_apes_ape_strong_ape strong,"['apes', 'ape', 'strong', 'ape strong', 'bananas', 'boat', 'strong hold', 'stronk', 'bomb', 'monkey', 'dark', 'scene', 'line', 'hodor', 'press', 'button', 'hold', 'hold fucking', 'just hold', 'trap']","['APES STRONG TOGETHER 💎💎💎🚀🚀🚀', 'Apes strong together', 'APES TOGETHER STRONG']",False,0,True,2,True,3
177,66,177_hodor_wendys_nok amc_amc nok,"['hodor', 'wendys', 'nok amc', 'amc nok', 'hold hold', 'sir', 'nok', 'aid', 'hold', 'amc', 'amc bb', 'nok nok', 'nok bb', 'want hold', 'hungry', 'siri', 'payback', 'counter', 'nok whos', 'amc amc']","['HODOR! HODOR! HODOR! HODOR! 🚪🚪🚪', 'HODOR HODOR HODOR!!!!!!!', 'hodor']",False,0,False,0,False,1
178,66,178_coming_im ready_omg_glad,"['coming', 'im ready', 'omg', 'glad', 'im glad', 'ready', 'baby', 'missed', 'bois', 'left', 'fun', 'im coming', 'love im', 'real life', 'im having', 'wind', 'lemme', 'good morning', 'ing', 'feels good']","['we are coming', 'Im ready!', 'we coming back baby']",False,0,False,0,False,0
179,65,179_moon_moon moon_fucking moon_gonna moon,"['moon', 'moon moon', 'fucking moon', 'gonna moon', 'moon hold', 'mooning', 'moon lets', 'fly moon', 'way moon', 'moon baby', 'going moon', 'moon im', 'da', 'fly', 'baby', 'brothers', 'weapons', 'baby hold', 'lol gonna', 'dammit']","['TRXC TO THE MOON', 'TO THE MOON', 'To. The. Moon.']",False,0,False,0,False,1
180,65,180_paper_paper hands_paper handed_handed,"['paper', 'paper hands', 'paper handed', 'handed', 'hands', 'handed bitch', 'bitch', 'paper hand', 'hands dont', 'dont paper', 'hand', 'pussies', 'hands hold', 'paperhands', 'pussy', 'dont make', 'turn', 'fucking hands', 'walk', 'fing']","['Paper hands?', 'Paper hands!', 'paper hands']",False,0,False,0,True,2
181,65,181_volume_chart_volume today_low volume,"['volume', 'chart', 'volume today', 'low volume', 'low', 'ist', 'yesterday', 'look', 'drop', 'charts', 'daily', 'chill', 'theres', 'compared', 'near', 'million', 'does', 'billion', 'shits gonna', 'time frame']","['not enough volume probably', 'less than a million volume in the last hour. there was 90m volume yesterday during trading hours. this is nothing', 'Where did the volume go']",False,0,False,0,False,0
182,65,182_satire_opinions_actions_group,"['satire', 'opinions', 'actions', 'group', 'sec', 'support', 'encouraged', 'commission', 'securities', 'manipulation', 'dear sec', 'exchange', 'considered', 'federal', 'member', 'dear', 'regardless', 'volatility', 'similar', 'potential']","['DEAR SEC - SECURITIES AND EXCHANGE COMMISSION EVERY POST I HAVE EVER MADE ON THIS REDDIT IS SATIRE. I DO NOT CONDONE NOR SUPPORT ANY OF THE OPINIONS EXPRESSED ON THIS CHATROOM. Any post associated with this IP is satire and should be treated as such. At no point has anyone associated with this IP ever condoned, encouraged, committed or abated acts of stock market manipulation or threats of manipulation of any instrument, regardless of broker, position, squeeze potential, or implied volatility In case of an investigation by any federal entity or similar, I do not have any involvement with this group or with the people in it. I do not support any actions by the member of this group. My actions are my own and any comments i make are my own opinions and should NOT be considered financial advice in ANY way.', 'DEAR SEC - SECURITIES AND EXCHANGE COMMISSION EVERY POST I HAVE EVER MADE ON THIS REDDIT IS SATIRE. I DO NOT CONDONE NOR SUPPORT ANY OF THE OPINIONS EXPRESSED ON THIS CHATROOM. Any post associated with this IP is satire and should be treated as such. At no point has anyone associated with this IP ever condoned, encouraged, committed or abated acts of stock market manipulation or threats of manipulation of any instrument, regardless of broker, position, squeeze potential, or implied volatility In case of an investigation by any federal entity or similar, I do not have any involvement with this group or with the people in it. I do not support any actions by the member of this group. My actions are my own and any comments I make are my own opinions and should NOT be considered financial advice in ANY way.', 'DEAR SEC - SECURITIES AND EXCHANGE COMMISSION EVERY POST I HAVE EVER MADE ON THIS REDDIT IS SATIRE. I DO NOT CONDONE NOR SUPPORT ANY OF THE OPINIONS EXPRESSED ON THIS CHATROOM. Any post associated with this IP is satire and should be treated as such. At no point has anyone associated with this IP ever condoned, encouraged, committed or abated acts of stock market manipulation or threats of manipulation of any instrument, regardless of broker, position, squeeze potential, or implied volatility In case of an investigation by any federal entity or similar, I do not have any involvement with this group or with the people in it. I do not support any actions by the member of this group. \nMy actions are my own and any comments i make are my own opinions and should NOT be considered financial advice in ANY way. 🚀🚀']",False,0,False,1,False,0
183,64,183_college_school_scam_pay,"['college', 'school', 'scam', 'pay', 'debt', 'degree', 'aside', 'kid', 'years', 'student', 'loan', 'job', 'stable', 'need pay', 'student loans', 'larger', 'save', 'learning', 'scenario', 'forget']","['Yeah but who the fuck needs college. Everyone at Melvin Capital has a college degree and look where that got them', 'College is a scam', 'I too fell for the best school loan scam Ivy League degree and can confirm that too is all bullshit and I’m full reeeee']",False,0,False,0,False,0
184,64,184_europoors_war_german_germany,"['europoors', 'war', 'german', 'germany', 'la', 'nose', 'euro', 'argument', 'mad', 'thank', 'europe', 'boy', 'time', 'friend', 'viva la', 'expose', 'france', 'reporting duty', 'line like', 'viva']","['ITS WAR NOW!', 'You Europoors are giga Chads 💪😤', 'FUCK YOU EUROPOORS']",False,0,False,1,False,0
185,64,185_cnbc_way way_way_ban,"['cnbc', 'way way', 'way', 'ban', 'bloomberg', 'positions', 'hold hold', 'confirm', 'hold way', 'news', 'hold positions', 'way hold', 'way dont', 'hold', 'short position', 'firm', 'position', 'article', 'rising', 'love community']","['positions or ban', '“CNBC could not confirm the amount of losses the firm took on the short position.” - LITERALLY FROM THE FUCKING ARTICLE\n\n\nLoooooolll', '""**CNBC could not confirm the amount of losses the firm took on the short position.""**  \n\n\nCNBC can\'t confirm whether it is staffed by hermaprhrodites or raging ghey bears.']",False,0,False,0,False,1
186,64,186_nakd_im im_nakd nok_ahead,"['nakd', 'im im', 'nakd nok', 'ahead', 'cheap', 'need make', 'lets', 'dont miss', 'buck', 'cross', 'recommended', 'really dont', 'college fund', 'baby im', 'corner', 'skyrocketing', 'like amc', 'included', 'pump', 'koss']","['NAKD AT $1.00', 'NAKD', 'NAKD']",False,0,False,0,False,0
187,63,187_mr_really think_just say_imo,"['mr', 'really think', 'just say', 'imo', 'lol', 'idiot', 'absolutely', 'ok', 'lmao', 'tell', 'say', 'really', 'think', 'just', 'fuck', '', '', '', '', '']","['No IMO.', 'no mr master', 'Lol Do you really think so']",False,0,False,0,False,0
188,63,188_hold hold_hold_fuck hold_hold fuck,"['hold hold', 'hold', 'fuck hold', 'hold fuck', 'good hold', 'lemme', 'hold wait', 'lil', 'oh shit', 'sake', 'scene', 'gods', 'pure', 'black', 'yea', 'pls', 'bigger', 'fucking hold', 'expr', 'community']","['Please hold', 'Hold.', 'HOLD LINKMARINES']",False,0,False,1,False,1
189,63,189_fidelity_mobile_working_using fidelity,"['fidelity', 'mobile', 'working', 'using fidelity', 'ally', 'desktop', 'setup', 'fidelity account', 'app', 'sign', 'like fidelity', 'errors', 'account', 'pretty', 'using', 'alternative', 'transfers', 'trying', 'user', 'experience']","['Fidelity has been clutch through this shit', ""I can't get into fidelity."", 'Fidelity down!']",False,0,False,0,False,0
190,63,190_account_log_trying_accounts,"['account', 'log', 'trying', 'accounts', 'account im', 'tried', 'create', 'getting', 'issues', 'traffic', 'setting', 'open account', 'error', 'make account', 'timing', 'guessing', 'access', 'able', 'trying make', 'letting']","[""I can't log in either on two accounts"", ""Trying to. I'm pretty sure it's getting the ol' reddit hug-of-death. I got most of the way through setting up an account with them, and the final screen kept giving me a service error.\n\nEdit: actually just went back into the app and tried again, and was able to complete registration. I'm guessing they scaled up their instances or something."", 'Anyone else getting account defect?']",False,1,False,0,False,0
191,62,191_leaving_fucking leaving_im fucking_im fuckin,"['leaving', 'fucking leaving', 'im fucking', 'im fuckin', 'leave', 'outta', 'fuck outta', 'fucking', 'fuckin', 'going fucking', 'im', 'aint', 'stay', 'pull', 'love im', 'lemme', 'duck', 'stay safe', 'mofos', 'stimmy']","['IM NOT FUCKING LEAVING', 'IM NOT FUCKING LEAVING.', 'IM NOT FUCKING LEAVING!']",False,0,False,0,False,0
192,62,192_diamond_diamond hands_hands_hands diamond,"['diamond', 'diamond hands', 'hands', 'hands diamond', 'diamonds', 'fucking hands', 'diamond fucking', 'diamond hand', 'hands boys', 'diamond handed', 'shine', 'mother', 'pressure', 'hand', 'boys', 'handed', 'freezes', 'ultimate', 'surgery', 'pay rent']","['DIAMOND HANDS!!', 'DIAMOND HANDS', 'Diamond Hands. That is all']",False,0,False,0,True,3
193,61,193_nok_shares nok_thesis_bought nok,"['nok', 'shares nok', 'thesis', 'bought nok', '1000 shares', 'just bought', 'nok lets', 'buy buy', 'blood', 'calls', 'bb nok', 'bought', 'thx', 'nok bb', 'scared', 'nok going', 'im ready', 'bb', 'price target', '35']","['You should be looking at each trade based on some kind of thesis. Why do you believe your position is going to net you profit? If you read some “NOK to the moon!🚀🚀” and then your investment drops 12%, your gonna paper hands your position and lose money over and over. It doesn’t matter what your thesis is, but you have to believe it and understand your why. This is how you diamond hand shit. This is how DFV held his position even when he was down bigly and getting made fun of on the internet. He knew what his thesis was and stuck to it. So if you bought NOK today, why? I bought a bunch of NOK based on a thesis shared here a few weeks ago. I waited for the stock to drop under $4 and went balls fucking deep on shares and $6c for middle of this year. Those calls are currently worth $6K and I have 0 plans on selling them.', 'Just bought 1000 shares of NOK, 500 shares BB—to the mooooon boys 🚀🚀🚀', 'Me too I just bought a few shares of nok']",False,0,False,0,False,1
194,61,194_etoro_degiro_works_working,"['etoro', 'degiro', 'works', 'working', 'uk', 'allows', 'online', 'running', 'germany', 'half hour', 'min ago', 'know fucking', 'dude im', 'uk buy', 'allows buy', 'ages', 'working just', 'errors', 'netherlands', 'allowing']","['eToro', 'Etoro', 'eToro is down']",False,0,False,0,False,0
195,61,195_street_wall street_wall_assholes,"['street', 'wall street', 'wall', 'assholes', 'government', 'rich', 'regulations', 'bailed', 'winning', 'little guys', 'billionaires', 'demand', 'money', 'nerve', 'war', 'investors', 'fkn', 'street fucks', 'funded', 'game']","['Fuck ya. Wall street can get fucked. The little guys winning! HOLD THE LINE', 'HERE WE GO AGAIN LETS SHOW THESE WALL STREET ASSHOLES HOW IT FEELS TO GET RAPED IN THE ASS', ""although I agree with this, I don't believe in the possible solutions out there to even out the game. Rich assholes became rich assholes by government interventions inside different economical areas leaving actual productive companies out and making the rich assholes richer by not moving a finger. Government fuckes up, destroys with the equal system of law and regulations that once existed,blames the free market and the competitive capitalism(that actually was corporative capitalism thanks to government fuck up), and invades again with more regulations that keep the poor more dependent to the on-term politician and the rich asshole goes home with no competition and much more billions in their pockets. The problem is there as I said, I just think we need to find other solutions. The middle class and the hard-working men and women have to pay even higher taxes than the corporative rich business people; have to follow big and difficult regulations that leave those people out of business while the rich idiot can easily comply with those regulations and goes home with no competition. We are seeing this happen again. The rich assholes got mad cause they lost money shorting GME, AMC, and others. Rich assholes cry market manipulation. The SEC will probably put more regulations so that little guys like us cant do this again. So yes, the rich assholes are (obviously) big assholes, but it was the government who put them there, and it's the government who leaves them there.""]",False,0,True,5,False,0
196,59,196_way way_way_way know_know,"['way way', 'way', 'way know', 'know', '', '', '', '', '', '', '', '', '', '', '', '', '', '', '', '']","['This is the way', 'This is the way', 'This is the way']",False,1,False,0,False,0
197,59,197_robinhood_accounts_fuck robinhood_money robinhood,"['robinhood', 'accounts', 'fuck robinhood', 'money robinhood', 'robinhood robinhood', 'robin', 'robin hood', 'use robinhood', 'hood', 'robinhood fuck', 'robinhood account', 'bank', 'pull money', 'sundial', 'login', 'check', 'pissed', 'sell robinhood', 'lot money', 'recently']","['Its on robinhood', 'Is Robinhood still down for everyone?', 'Robinhood is down']",False,0,False,0,False,0
198,58,198_train_upward_higher_guess just,"['train', 'upward', 'higher', 'guess just', 'looking good', 'good fuck', 'cocks', 'dance', 'dave', 'way going', 'explode', 'prefer', 'dust', 'night', 'uh', 'baby', 'cmon', 'climbing', 'fellas', 'im ready']","['RIDE THIS TRAIN BABYYY', ""CAN'T STOP THIS TRAIN NOW"", 'Fuck it I’m on the now train']",False,0,False,0,False,0
199,58,199_silver_slv_physical_car,"['silver', 'slv', 'physical', 'car', 'ag', 'lambos', 'banks', 'demand', 'manipulated', 'mms', 'mm', 'lambo', 'big boys', 'futures', 'paper', 'papa elon', '80', 'world', 'report', 'total']","['if you buy $SLV, it forces them to buy physical silver. So you wouldnt have to buy physical yourself.', 'I mean if we pump physical silver then miners and everything silver related would pump.', 'I heard we were going after $slv silver market next?']",False,0,False,0,False,1
200,57,200_nok 10_nok_10_nok nok,"['nok 10', 'nok', '10', 'nok nok', '30', 'good shit', 'eod', 'lets nok', 'bois', 'beginning', 'lets ride', 'turned', 'lets', 'baby lets', '200', 'hold nok', '500', 'nok lets', 'bb', 'baby']","['NOK TO $10 NOK TO $10 NOK TO $10!!!', 'GET NOK TO 10 😎😎😎😎😎', 'NOK TO 10 LETS GO 🚀🚀🚀🚀🚀🚀🚀']",False,0,False,0,False,0
201,57,201_vaccine_friday_fundamentals_covid,"['vaccine', 'friday', 'fundamentals', 'covid', 'amd', 'end day', 'panic', 'stable', 'people panic', 'selling shares', 'thursday', 'analysis', 'tomorrow', 'hold stock', 'fundamental', 'people know', 'tweeted', 'short', '115', 'barely']","['they will probably push the price way lower tomorrow and some more people will panic and eventually sell, not every has the balls to hold, the ones that do want to buy more so there no reason to allow people to buy tomorrow if i was them that is what i will do.', ""Not a financial analyst but it seems like to me after hours trading has to be way up like yesterday. \n\nWallstreet closes short positions when the price is more stable but it seems to me like this causes a massive upward movement.\n\nAnyone agree?\n\nEdit: changed he to be.\n\nAlso I think the reason we're not at 400 right now is because end of day profit taking"", 'VXRT. Covid Pill Vaccine w/ Phase 1 results soon. Will displace all injection vaccines forever - no needles, no vials and room temp stable. Easy to distribute pill. Good luck!']",False,0,False,0,False,0
202,57,202_amc amc_amc_amc dont_way amc,"['amc amc', 'amc', 'amc dont', 'way amc', 'fuck amc', 'amc way', 'distraction', 'hold amc', 'amc lets', 'whats', 'movie', 'mooooooon', '10 years', 'loving', 'know just', 'popcorn', 'watch', 'amc fuck', 'grab', 'dont know']","['I have AMC!', 'AMC!!!!🚀', 'Amc!!!! Amc!!!! Amc!!!! Amc!!!! Amc!!!! Amc!!!! Amc!!!! Amc!!!! Amc!!!! Amc!!!! Amc!!!! Amc!!!! Amc!!!! Amc!!!! Amc!!!! Amc!!!! Amc!!!! Amc!!!! Amc!!!! Amc!!!! Amc!!!! Amc!!!! Amc!!!! Amc!!!! Amc!!!! Amc!!!! Amc!!!! Amc!!!! Amc!!!! Amc!!!! Amc!!!! Amc!!!! Amc!!!! Amc!!!! Amc!!!! Amc!!!! Amc!!!! Amc!!!! Amc!!!! Amc!!!! Amc!!!! Amc!!!! Amc!!!! Amc!!!! Amc!!!! Amc!!!! Amc!!!! Amc!!!!']",False,0,False,0,False,0
203,57,203_pluto_mars_alpha centauri_centauri,"['pluto', 'mars', 'alpha centauri', 'centauri', 'moon', 'alpha', 'land', 'blasting', 'space', 'bout', 'headed', 'bounce', 'rocket', 'storm', 'fellow', 'retards', 'hold till', 'rockets', 'going', 'autist']","['Tomorrow we ride for Pluto ༼ つ ◕_◕ ༽つ', ""# HOLD. WE'RE NOT EVEN CLOSE TO WHERE WE'RE GOING (PLUTO AND BEYOND)"", ""Fuck Mars we're going to Pluto""]",False,0,False,0,True,2
204,57,204_millionaire_rich_snake_nakd,"['millionaire', 'rich', 'snake', 'nakd', 'rich im', 'figures', 'machine', 'congrats', 'big boy', 'boy', 'money', 'bananas', 'millionaires', 'aint', 'prepare', 'send', 'million', 'dicks', 'donate', 'lets make']","['You won.\n\nCongrats, you’ve officially become a millionaire.\n\nBut the fun doesn’t stop there, oh no.\n\nIf you keep holding, hell....2 million?\n\nYou can buy your family a home. You can get anything. \n\nWe believe in you, big boy.\n\nLive life.', 'Millionaire by Friday?', ""It'd make me a millionaire""]",False,0,False,1,False,0
205,55,205_hands_diamond_diamond hands_diamonds,"['hands', 'diamond', 'diamond hands', 'diamonds', 'fucking hands', 'ampx200b', 'head', 'diamond fucking', 'hands diamond', 'balls', 'hands hold', 'shake', 'diamond hand', 'looked', 'hand', 'kill', 'theyre', 'ape', 'kinda', 'hard']","['Diamond hands Diamond hands!', '**SHOW ME THOSE DIAMOND HANDS** 💎👊', 'Diamond HANDS!!!!']",False,0,False,1,True,2
206,55,206_low_numbers_math_140,"['low', 'numbers', 'math', '140', 'calculated', '122', 'latest', '120', 'information', 'says', '250', 'automatic', '10 mins', 'yes dont', '170', 'phase', 'ridiculously', 'dont think', '96', 'replying']","['Waaaaayyyyy too low!!!', 'Too low', 'Where’d you see 123? Just curious. All the latest numbers I saw were 139.X% down from 140.6%']",False,0,False,0,False,0
207,55,207_pussy_bitch_pain_hurts,"['pussy', 'bitch', 'pain', 'hurts', 'respect', 'shut', 'lame', 'annoying', 'dog', 'shut fuck', 'fucked', 'depends', 'wanted say', 'fuck bitch', 'curse', 'sex', 'experienced', 'landing', 'just wanted', 'confidence']","['Fucc u pussy', 'Shut up pussy', 'Pussy']",False,0,False,0,False,0
208,55,208_worries_good_sorry_fuck yes,"['worries', 'good', 'sorry', 'fuck yes', 'message', 'ah', 'exactly', 'appreciate', 'haha', 'good luck', 'glad', 'bad', 'word', 'thank', 'remembered', 'good fight', 'problem just', 'trying help', 'inverse', 'typing']","['No problem, just trying to help the cause and some fellow redditors!', 'Ha it’s all good man, this forum is all about the snark anyway. You’re way ahead for your age, so keep it up! Appreciate that, actually had no idea about that. Just saw that one was one of the biggest poppers today', 'Can’t forget the sisters! Sorry was rage typing the message haha']",False,0,False,0,False,0
209,55,209_lets_gooooo_lets gooooo_goooooo,"['lets', 'gooooo', 'lets gooooo', 'goooooo', 'goooo', 'lets goooo', 'lets goooooo', 'gooooooo', 'lets gooooooo', 'lets gooo', 'gooo', 'lets goo', 'goo', 'nok lets', 'lets fucking', 'thats just', 'vs goliath', 'emojis', 'goooooooo', 'lets goooooooo']","['Not sure why I’m here BUT LETS GOOOOO!', 'LETS GOOOOO', 'lets gooooo']",False,0,False,0,False,0
210,54,210_set_trade_limit_market buy,"['set', 'trade', 'limit', 'market buy', 'set limit', 'fidelity', '50', 'wont let', 'let place', 'europe', 'current', 'order', 'free stock', 'canada', 'place order', 'extended', 'limit orders', 'invest', 'platforms', 'wont']","[""Fidelity isn't horrible but it won't let you place a limit sell order higher than 50% of current trade value."", 'wait so on robinhood after hours, i just placed a limit order for 10 GME shares, and set it a few $ higher than current market price at $292, and set it to start at the extended hours.......... will my $3000 worth of orders go through?? today is my first time dealing w anything stocks, and yeah i’m a fucking retard i know shut up\n\nAM I DOING IT RIGHT?? should i switch to market buy? or keep what i have now with the limit order a lil above market? I WANT IT TO FILL AND NOT WORRY IN THE AM\n\nalso so set limit orders for 200 NOK and 58 AMC shares........... 🍌🍌🙊', 'Any advice on how to catch the squeeze on fidelity where I cant set limit orders above 50% of current value?']",False,0,False,0,False,0
211,53,211_robinhood_citadel_little guy_makes money,"['robinhood', 'citadel', 'little guy', 'makes money', 'order flow', 'firm', 'flow', 'facebook', 'robinhoods', 'positive', 'melvin capital', 'customers', 'user', 'free', 'goliath', 'david', 'screwed', 'guy', 'encourage', 'report']","[""The thing that really gets me about Robinhood is that they bill themselves as the brokerage for the little guy.  That's literally their thing - it's in their fucking name.  And a lot of people got behind them for that reason.  So when the most epic battle of David -vs- Goliath the finance world has ever seen plays out, it's their moment to be the champion of the little guy and provide the tools necessary for the the little guy to go to battle with.  What happened instead is they took away from David and gave everything to Goliath.   Robinhood, the brokerage for the little guy has done more to crack down and cripple the little guy than any other brokerage that I'm aware of.  They led the charge for the other side.  The epic violation of trust is just astounding.   At least that's how I see it."", ""Robinhood doesn't charge a commission.\n\nRobinhood makes money by selling your order to Citadel.\n\nCitadel makes money by executing your order in a way advantageous to them.\n\nCitadel loaned a bunch of money to Melvin Capital.\n\nIf Melvin Capital goes under, Citadel doesn't get their money.\n\nCitadel tells Robinhood to stop allowing purchases of GME; to save Melvin.\n\nRemember how Robinhood makes their money."", 'Seriously, fuck Robinhood.\n\nAn [article](https://www.vice.com/en/article/qjpnz5/robinhoods-customers-are-hedge-funds-like-citadel-its-users-are-the-product) published by Vice today breaks it down well:\n\n&gt; The secret to Robinhood\'s success (and profitability) is simple: payment for order flow. **To ensure trades are commission free, trades are sold to ""market makers\'\' or large firms such as Citadel Securities—Robinhood’s largest customer, which tried to bail out Melvin Capital after its Gamestop shorts cost it billions**. Market makers execute those trades (sometimes at an inferior rate) and can use their privileged position to place themselves in the middle and make a profit.\n\nThere\'s no such thing as a ""free"" service. In the Internet era, user information is a valuable currency - and we\'re all just giving it away for free. \n\nTime for some changes.']",False,0,True,4,False,0
212,53,212_stock trading_stocks_mom_know,"['stock trading', 'stocks', 'mom', 'know', 'learn', 'want', 'recommend', 'investing', 'dont lot', 'stock market', 'dont invest', 'order', 'queue', 'know dont', 'quick', 'buy sell', 'didnt buy', 'invest', 'dont know', 'start']","[""I'm literally new to investment. I just made a robinhood account. I only have a few hundred in my checking account and no savings. What's the best thing to invest in now? Vanguard ETFs for the long game? GME but to short it a day or two later?\n\nLiterally have no clue. All I know is that I need a few thousand to even get the ball rolling and I don't have that."", 'Is there an advice thread? I want to learn more about investing into the right stocks', 'If you do make this happen, please reach out to me.  I am a nurse and I want to start a company going door-to-door with COVID vaccinations.  Other subreddits have shut me down/deleted my posts when I’ve asked for others to reach out to me regarding my interest in giving vaccines.\n\nI am an COVID ICU nurse and have watched too many people die.  I want to go back to living my life, I haven’t seen my family in a year and my mom (who is high risk) can’t even get a vaccine despite being on 3 local waiting lists. \n\nI want to do mobile clinics and door-to-door work giving shots. I’d need capital for a van(s), an industrial freezer(s), and freezer installation costs to get started.  Depending on the amount of startup capital available, I could hire other nurses too.']",False,1,False,0,False,0
213,53,213_gme thread_thread_bots_daily,"['gme thread', 'thread', 'bots', 'daily', 'gme', 'fuck nok', 'threads', 'bot', 'main', 'daily thread', 'wheres', 'non', 'spamming', 'gtfo', 'focus', 'gme diamond', 'gme needs', 'comments', 'discussions', 'need gme']","['Where’s the $GME thread? Or is this it?', 'Where’s the GME thread. Can’t find it', 'This is the GME thread']",False,0,False,0,False,0
214,52,214_sub_million_members_subs,"['sub', 'million', 'members', 'subs', 'million people', 'weeks ago', 'joined', 'just doesnt', 'member', 'grew', 'miss', 'parts', '300k', 'mainstream', '24', 'ago', 'mil', 'new', 'weeks', 'people']","['Oh were you talking about the sub and not any of the meme stocks? Sorry if that’s the case, but if you’re saying the top is in for the SUB, then thats kinda true.\n\nI do remember, actually even a few weeks ago was still generally normal. Just this past week has completely changed the sub to a raging pumpfest.', ""Yeah it's crazy how shit has changed. I've joined this sub like 2-3 weeks ago, fairly new here, going into the market hype because why the hell not, and now it's a total trash wasteland. New is flooded with bots trying to use the language of this sub but fail to do so (cause it's so obvious). Not blaming the mods because it's a literal invasion between new people and wall street peeps trying to screw us, it'll settle at some point, stay strong friends and hold GME"", 'The sub has 4.6 million subs now lmao']",False,0,False,0,False,0
215,52,215_read_upvote_room_reading,"['read', 'upvote', 'room', 'reading', 'bro', 'needs', 'posts', 'history', 'posting', 'reddit', 'look', 'post', '1st', 'sports', 'lingo', 'ho', 'upvoting', 'oh boy', 'trying figure', 'finished']","['Then find the posts and read them', 'read the room bro', 'you were read']",False,0,False,0,False,0
216,52,216_control_fed_american_companies,"['control', 'fed', 'american', 'companies', 'funds', 'common', 'start', 'caught', 'federal', 'investors', 'populist', 'hedge', 'hedge funds', 'teach', 'participate', 'market', 'powerful', 'beating', 'fault', 'print']","[""Switch to WeBull to use your enemies against one another.\n\nChinese owned WeBull has an interest in letting any drama that has the potential to destabilize the U.S. fully play out. They don't care about how much money a US hedge fund can throw around because they are ideologically motivated on a long term scale.\n\nWeBull will allow trading to continue because they are beyond the reach of a US bribe.\n\nThe only way WeBull stops is if the U.S. government steps in and makes them on behalf of Oligarchs, which is a look I doubt a progressive administration wants."", ""CALL YOUR SENATORS - Here is my letter to Louisiana Senator Bill Cassidy.  Feel free to copy and send to yours.\n\nDear Senator Cassidy -\n\nI am infuriated at the brazen market manipulation being waged against the people who are trying to invest in companies today.   The major hedge funds are coordinating an attack with the help of online brokers to halt the sale of particular stocks in order to protect their massive short sells on American companies.  These hedge funds bet millions to bankrupt American companies and the will and freedom of the American people came to their rescue, pushing up their stock prices in  direct competition with these big funds which seek to profit off destroying economies.  They add nothing to the economy but are leeches. \nSenator Cassidy - I hope you stand with the common investors of Louisiana and the American people at large to condemn these who seek to fraudulently manipulate the market by shutting off Americans' legal right to add their hard earned money toward the success of other American companies, especially if it's at the expense of funds that are supported illegally by manipulative actions by multinational brokerages who seek to limit the gains made by common investors.\n\nSincerely,"", ""No we don't, at least not compared to them. Were still small fish compared to hedge funds. US hedge funds control 3.1 trillion dollars in assets. If every single on of the 2.5 million users here has 1 million dollars in their account, we would still control less than they do. Citidel on their own control 35 billion or $14000 per wsb user. Based on a lot of the posts I see here and the fact that half the subs are probably just lurkers, I'm not sure we even control more than Citidel. \n\nObviously not every hedge fund is using every dollar they have to try and bring GME back down, but that's who the other players at the table are. These guys control the money of a lot of very powerful people.\n\nIn a vacuum, one or two funds getting fucked isn't going to matter to them, but if they start to worry that the GME squeeze is going to have cascading effects that might affect the broader market, expect them to start pulling out all the stops.\n\nThey're bigger and more powerful than we are. Pretending they aren't is delusional. We caught some of them being overly greedy and we have the advantage right now, but we need to stay be realistic and see the world for what it is.""]",False,0,False,1,False,0
217,51,217_gtfo_sus_stfu_ibkr,"['gtfo', 'sus', 'stfu', 'ibkr', 'httpsiborrowdeskcomreportgme', 'customer service', 'like reddit', 'mofos', 'account dont', 'looks', 'reddit', 'fucking idiot', 'hahahaha', 'piece shit', 'eli5', 'shit im', 'worthless', 'downvoted', 'downvote', 'belong']","['Gtfo', 'GTFO', 'STFU GTFO']",False,0,False,0,False,0
218,50,218_nok amc_amc nok_nok_amc,"['nok amc', 'amc nok', 'nok', 'amc', 'nok bb', 'amc im', 'buying amc', 'nok amp', 'losers', 'amc gme', 'mooning', 'amc moon', 'amc bb', 'moon nok', 'amp', 'bb', 'buy nok', 'moon', 'finally able', 'able afford']","['NOK AND AMC', 'Tru, but NOK and AMC are still there.', 'NOK AND AMC']",False,0,False,0,False,1
219,50,219_peak_rising_keeps_growing,"['peak', 'rising', 'keeps', 'growing', 'climbing', 'growth', 'rise', 'going', 'dont worry', 'holy', 'watch', 'worry', 'hoping', 'holy shit', 'insane', 'keeps getting', 'calculate', 'printing', 'grateful', 'big time']","['SORRY IM LATE BOYS HOMOSEXUAL CONVENTION TOOK LONGER THAN I THOUGHT — DONT WORRY IM IN — $10K @ AVG. COST OF $328 — $30K ON STANDBY READY TO GO JUST SAY WHEN\n\nEDIT: JUST SOLD $10K OF GOOGLE — DUMPING IT INTO GME', 'Today’s peak is tomorrow’s low', 'Is this peak meme?']",False,0,False,0,False,0
220,50,220_million_mil_billionaire_14,"['million', 'mil', 'billionaire', '14', 'man', 'titanium', 'famous', 'legendary', '47', 'net worth', '50', 'diamond', '50k', 'white', 'net', 'imagine', '100k', '30', 'udeepfuckingvalue', 'lost']","['This man lost 14 million today, and reacts with nothing other than an update. Fucking legend.', '14 Mil CASH. HOLY.', 'He has $5 million in cash now']",False,1,False,1,False,1
221,50,221_ok_said fuck_said_okay,"['ok', 'said fuck', 'said', 'okay', 'fuck fuck', 'alright', 'fuck', 'sweet', 'damn', 'good', 'ya', 'actual', 'good fuck', 'right good', 'spoken', 'oh', 'fuck thats', 'hmm', 'oh im', 'shit fuck']","['Ok?', 'Ok', 'Not ok']",False,0,False,0,False,0
222,50,222_mods_mod_star_incredible,"['mods', 'mod', 'star', 'incredible', 'mans', 'bread', 'like', 'right like', 'legends', 'finest', 'dance', 'real talk', 'love', 'reap', 'like big', 'legendary', 'heroes', 'praise', 'best luck', 'hail']","['Mods!!!!', '!MODS', 'MODS 💎']",False,0,False,0,False,0
